{
  "type": "FeatureCollection",
  "generator": "overpass-turbo",
  "copyright": "The data included in this document is from www.openstreetmap.org. The data is made available under ODbL.",
  "timestamp": "2026-04-21T05:27:56Z",
  "features": [
    {
      "type": "Feature",
      "properties": {
        "@id": "relation/20257596",
        "from": "Lobuche",
        "note": "Lobuche to Everest Base Camp: this is a constituent route for a parent relation, not meant to be displayed on its own by data consumers",
        "route": "hiking",
        "to": "Everest Base Camp",
        "type": "route",
        "wikidata": "Q138685166"
      },
      "geometry": {
        "type": "LineString",
        "coordinates": [
          [86.8105368, 27.9477818],
          [86.8106022, 27.9480083],
          [86.8105789, 27.9482183],
          [86.8105246, 27.9484519],
          [86.8105885, 27.9485146],
          [86.8106449, 27.9485873],
          [86.8106728, 27.948624],
          [86.81098, 27.94861],
          [86.8112094, 27.9486398],
          [86.8114075, 27.9487412],
          [86.8115347, 27.9488488],
          [86.8116171, 27.9490409],
          [86.8118162, 27.9491892],
          [86.8120495, 27.9492148],
          [86.812392, 27.9494273],
          [86.8126624, 27.9495336],
          [86.8128549, 27.9496774],
          [86.8132365, 27.9500513],
          [86.8135763, 27.9503989],
          [86.8137433, 27.9507623],
          [86.8137134, 27.9511783],
          [86.8138685, 27.951468],
          [86.814095, 27.9516839],
          [86.8142143, 27.952179],
          [86.8144885, 27.9523949],
          [86.8148164, 27.9529268],
          [86.8151411, 27.9539535],
          [86.8152278, 27.9542276],
          [86.8162056, 27.9555916],
          [86.8163487, 27.9560972],
          [86.8170462, 27.9569924],
          [86.817231, 27.9575349],
          [86.8173085, 27.958072],
          [86.817702, 27.9587566],
          [86.8178034, 27.9590463],
          [86.818024, 27.9593675],
          [86.8182446, 27.9599204],
          [86.8187871, 27.9607946],
          [86.8190614, 27.9615687],
          [86.8192999, 27.9620637],
          [86.819598, 27.9630959],
          [86.8199378, 27.963712],
          [86.8202836, 27.9641701],
          [86.8204923, 27.9649126],
          [86.8209215, 27.9655129],
          [86.8210765, 27.9660605],
          [86.8212375, 27.9663186],
          [86.8213795, 27.9666359],
          [86.8214358, 27.9666582],
          [86.8218814, 27.9669136],
          [86.8220006, 27.9673665],
          [86.8218933, 27.9675929],
          [86.8219053, 27.9679983],
          [86.8217825, 27.968164],
          [86.8216906, 27.968288],
          [86.8216694, 27.968365],
          [86.8217671, 27.9684378],
          [86.8217, 27.968524],
          [86.821758, 27.9686373],
          [86.8218648, 27.9686346],
          [86.8220113, 27.9687208],
          [86.82221, 27.9689849],
          [86.8224581, 27.9692167],
          [86.8229576, 27.9696752],
          [86.8230187, 27.9699772],
          [86.8231591, 27.970112],
          [86.8232232, 27.9704031],
          [86.8233056, 27.9705541],
          [86.8233392, 27.97091],
          [86.8232904, 27.9710906],
          [86.8234186, 27.9712847],
          [86.8237086, 27.9714249],
          [86.8237635, 27.9716163],
          [86.8239131, 27.9716999],
          [86.8240511, 27.9719894],
          [86.8240174, 27.9721462],
          [86.8240376, 27.9722856],
          [86.8242039, 27.9724846],
          [86.8243112, 27.9726314],
          [86.824397, 27.9726978],
          [86.8246545, 27.9727783],
          [86.8249603, 27.9728257],
          [86.8250354, 27.9729204],
          [86.8251051, 27.973091],
          [86.8251158, 27.9734084],
          [86.8251833, 27.9734899],
          [86.8252052, 27.97361],
          [86.8253569, 27.9739914],
          [86.8251799, 27.9741775],
          [86.8250791, 27.9743608],
          [86.8250395, 27.9745791],
          [86.8251829, 27.9749107],
          [86.8251858, 27.9750749],
          [86.8251979, 27.9753201],
          [86.8251765, 27.9755001],
          [86.8250424, 27.975538],
          [86.8249458, 27.9756186],
          [86.8248224, 27.9757749],
          [86.8247098, 27.9761113],
          [86.8248171, 27.9761871],
          [86.8247557, 27.9763206],
          [86.82486, 27.9764571],
          [86.8250316, 27.9764287],
          [86.825137, 27.9764921],
          [86.8252838, 27.9764808],
          [86.8254447, 27.9765377],
          [86.8255679, 27.9765116],
          [86.8256646, 27.9765566],
          [86.8257773, 27.9765377],
          [86.8258309, 27.9766608],
          [86.8260187, 27.9767745],
          [86.8261528, 27.9768646],
          [86.8260773, 27.9770054],
          [86.826175, 27.9771887],
          [86.8264961, 27.9774141],
          [86.8267214, 27.9777647],
          [86.8267794, 27.9779813],
          [86.8268771, 27.9782455],
          [86.8271705, 27.9783642],
          [86.8272845, 27.978464],
          [86.8273967, 27.9785622],
          [86.8276847, 27.9786641],
          [86.8278302, 27.978736],
          [86.8279143, 27.9789437],
          [86.8282114, 27.9791849],
          [86.8282466, 27.9794088],
          [86.8282912, 27.9797989],
          [86.8285326, 27.9802916],
          [86.8286213, 27.9803103],
          [86.828612, 27.9804836],
          [86.8286914, 27.9807104],
          [86.8288725, 27.9810571],
          [86.8290987, 27.9813017],
          [86.8294558, 27.9816282],
          [86.8299691, 27.9820582],
          [86.83041, 27.982386],
          [86.8306981, 27.9825894],
          [86.8311637, 27.9828787],
          [86.8314581, 27.9831476],
          [86.8316761, 27.9833397],
          [86.8322329, 27.9835502],
          [86.8324053, 27.9836499],
          [86.8324901, 27.983699],
          [86.8329014, 27.9838832],
          [86.8332673, 27.9840877],
          [86.8336972, 27.9843688],
          [86.8340828, 27.9845353],
          [86.8343319, 27.9846275],
          [86.8343817, 27.9846459],
          [86.8346714, 27.9847618],
          [86.8349623, 27.9848596],
          [86.8352937, 27.9850117],
          [86.8356535, 27.9849362],
          [86.8357636, 27.9850024],
          [86.8360009, 27.9851749],
          [86.8361306, 27.9852146],
          [86.8361953, 27.9852685],
          [86.8363977, 27.9852975],
          [86.8365261, 27.9853663],
          [86.8366966, 27.9855262],
          [86.8368589, 27.9855533],
          [86.8370615, 27.9856792],
          [86.837231, 27.9858235],
          [86.8375112, 27.9858959],
          [86.8378616, 27.985906],
          [86.8381583, 27.9860512],
          [86.8385942, 27.9864153],
          [86.8386811, 27.9866124],
          [86.8388148, 27.9866729],
          [86.8389169, 27.986688],
          [86.8390014, 27.9869161],
          [86.8391776, 27.9869158],
          [86.8391266, 27.9871208],
          [86.8392214, 27.9872762],
          [86.8394619, 27.9874855],
          [86.8397397, 27.987563],
          [86.8398808, 27.9876809],
          [86.8399336, 27.9878062],
          [86.8399537, 27.9881145],
          [86.8401028, 27.9881541],
          [86.8401408, 27.9883448],
          [86.8400446, 27.9885032],
          [86.8400758, 27.9886613],
          [86.8403022, 27.9887153],
          [86.8403781, 27.9889046],
          [86.8405921, 27.9890365],
          [86.8407626, 27.989319],
          [86.8410109, 27.9895836],
          [86.8412971, 27.9899251],
          [86.8412934, 27.9901376],
          [86.8415183, 27.9903264],
          [86.8416325, 27.9906995],
          [86.8415968, 27.9908538],
          [86.8416435, 27.9910286],
          [86.8416859, 27.9913169],
          [86.8417185, 27.9915019],
          [86.8417345, 27.991824],
          [86.8416859, 27.9920891],
          [86.8419151, 27.99219],
          [86.8420623, 27.9924179],
          [86.8421827, 27.9926627],
          [86.8422211, 27.9929797],
          [86.8424198, 27.9931634],
          [86.8424827, 27.9934414],
          [86.8425941, 27.9936354],
          [86.8426813, 27.9938406],
          [86.8427491, 27.9941053],
          [86.8429065, 27.9944224],
          [86.8431945, 27.9947912],
          [86.8433109, 27.9952875],
          [86.8435047, 27.9956134],
          [86.8437723, 27.9959198],
          [86.8442052, 27.9967721],
          [86.8444099, 27.9970699],
          [86.8445246, 27.9973491],
          [86.8446715, 27.9973824],
          [86.8450289, 27.9976381],
          [86.8451583, 27.9978013],
          [86.845499, 27.9981068],
          [86.8456902, 27.9980586],
          [86.8457499, 27.9979367],
          [86.8456868, 27.9977146],
          [86.8456771, 27.9974481],
          [86.8458317, 27.9972991],
          [86.8461643, 27.9969427],
          [86.8463136, 27.99709],
          [86.8466565, 27.997023],
          [86.8470401, 27.9971206],
          [86.8475906, 27.9975156],
          [86.8476656, 27.9976558],
          [86.8479702, 27.9976447],
          [86.8484722, 27.9980614],
          [86.8487234, 27.9983797],
          [86.8488598, 27.9985623],
          [86.8490229, 27.9986862],
          [86.8491446, 27.9987977],
          [86.8492807, 27.9989001],
          [86.8494544, 27.9989307],
          [86.8495995, 27.9991316],
          [86.8497248, 27.9994066],
          [86.8499199, 27.9995107],
          [86.8503483, 27.9998298],
          [86.8506766, 27.9999132],
          [86.8507604, 27.9999965],
          [86.8511183, 28.0000673],
          [86.8516236, 28.0002348],
          [86.8518292, 28.0005808],
          [86.852027, 28.0006935],
          [86.8521609, 28.0008399],
          [86.852315, 28.0009521],
          [86.8524161, 28.0012004],
          [86.8526266, 28.0012736],
          [86.8530285, 28.0012905],
          [86.8533666, 28.0016285],
          [86.8535134, 28.0017637],
          [86.8536381, 28.0019274],
          [86.8540365, 28.0019327],
          [86.8542731, 28.0021457],
          [86.8545883, 28.0023833],
          [86.8547542, 28.0024565],
          [86.8549838, 28.0026058],
          [86.8551582, 28.0026999],
          [86.8552455, 28.0028139],
          [86.8556667, 28.0029322],
          [86.855732, 28.0029111]
        ]
      },
      "id": "relation/20257596"
    },
    {
      "type": "Feature",
      "properties": {
        "@id": "relation/20257597",
        "from": "Dingboche",
        "note": "Dingboche to Lobuche: this saddle is marked as Cho La Col on many maps, but this seems to be an error",
        "route": "hiking",
        "to": "Lobuche",
        "type": "route",
        "wikidata": "Q138685165"
      },
      "geometry": {
        "type": "LineString",
        "coordinates": [
          [86.8105368, 27.9477818],
          [86.810551, 27.9473633],
          [86.8105239, 27.9472779],
          [86.8103151, 27.9464436],
          [86.8103688, 27.9461066],
          [86.8103389, 27.9457695],
          [86.810166, 27.9455957],
          [86.8099156, 27.9447583],
          [86.809391, 27.9438207],
          [86.8092896, 27.9434626],
          [86.8089736, 27.9430676],
          [86.8087829, 27.9424145],
          [86.8083596, 27.9418614],
          [86.8080701, 27.941282],
          [86.8077097, 27.9405605],
          [86.8075308, 27.9399442],
          [86.8075606, 27.939781],
          [86.8072327, 27.9389804],
          [86.8070121, 27.9378216],
          [86.8067648, 27.9375206],
          [86.8065519, 27.9373175],
          [86.8065971, 27.9371674],
          [86.8065566, 27.9369389],
          [86.8065888, 27.9367896],
          [86.8065918, 27.9366272],
          [86.8065218, 27.9364153],
          [86.8062749, 27.9361],
          [86.8061086, 27.9357665],
          [86.8055182, 27.9350197],
          [86.805282, 27.9347708],
          [86.8049381, 27.9344579],
          [86.8047788, 27.9342164],
          [86.8045746, 27.9338349],
          [86.8044669, 27.9337681],
          [86.8043193, 27.9336131],
          [86.8041067, 27.9334287],
          [86.8040192, 27.9333867],
          [86.8039811, 27.9332833],
          [86.8039185, 27.9330212],
          [86.8039628, 27.9325395],
          [86.8040224, 27.9321919],
          [86.8042347, 27.9319075],
          [86.8043766, 27.9315935],
          [86.804443, 27.9312966],
          [86.8045634, 27.9309956],
          [86.8047379, 27.931012],
          [86.8051128, 27.9308549],
          [86.8052458, 27.9306237],
          [86.8052818, 27.9304962],
          [86.8051503, 27.9303788],
          [86.805234, 27.9302829],
          [86.8050002, 27.9301376],
          [86.8047697, 27.9297395],
          [86.8048469, 27.9295415],
          [86.8047199, 27.9294168],
          [86.8047705, 27.9293251],
          [86.8046934, 27.9292603],
          [86.8047336, 27.9291235],
          [86.8046712, 27.9289371],
          [86.8047424, 27.9287293],
          [86.804654, 27.9285951],
          [86.8047617, 27.9284361],
          [86.8047637, 27.9282539],
          [86.8048471, 27.9281041],
          [86.8046856, 27.9280191],
          [86.8047449, 27.9279188],
          [86.8045971, 27.9277986],
          [86.8046362, 27.927604],
          [86.8044151, 27.9272983],
          [86.8044586, 27.9271991],
          [86.8044571, 27.9270587],
          [86.8045349, 27.9268853],
          [86.8045936, 27.926662],
          [86.80467, 27.9265223],
          [86.8047533, 27.9262434],
          [86.8047909, 27.9260924],
          [86.8048361, 27.9259045],
          [86.8049334, 27.9256869],
          [86.8049394, 27.9254167],
          [86.804981, 27.925221],
          [86.8049934, 27.9248905],
          [86.8050465, 27.9247665],
          [86.8050673, 27.9246545],
          [86.8050503, 27.9244168],
          [86.8050452, 27.9242949],
          [86.8050847, 27.924241],
          [86.8051256, 27.9241196],
          [86.8052104, 27.924088],
          [86.8052652, 27.9240246],
          [86.8053284, 27.9239553],
          [86.8054053, 27.9239112],
          [86.8055164, 27.9238034],
          [86.8055664, 27.9238017],
          [86.8056684, 27.9237575],
          [86.8060022, 27.9237012],
          [86.8063057, 27.9234887],
          [86.8063991, 27.9235444],
          [86.8064117, 27.9236651],
          [86.8064584, 27.9237559],
          [86.8065069, 27.9239232],
          [86.8065676, 27.9239894],
          [86.8066421, 27.9241268],
          [86.8066561, 27.9243253],
          [86.8067254, 27.9245814],
          [86.8068784, 27.9245509],
          [86.806904, 27.9244146],
          [86.8070836, 27.9241942],
          [86.8070825, 27.9241153],
          [86.8070602, 27.9240031],
          [86.8071406, 27.9239322],
          [86.8072016, 27.9238176],
          [86.8072442, 27.9236175],
          [86.8073176, 27.9232768],
          [86.8074446, 27.9230472],
          [86.8075356, 27.9225269],
          [86.807543, 27.9224843],
          [86.8076509, 27.9222509],
          [86.8077642, 27.9220481],
          [86.8077797, 27.9217342],
          [86.8078266, 27.92143],
          [86.8078441, 27.9211823],
          [86.8079407, 27.9207435],
          [86.8080237, 27.9202553],
          [86.8081466, 27.9197432],
          [86.8081391, 27.9194898],
          [86.8081793, 27.9192505],
          [86.8082495, 27.9187696],
          [86.8083807, 27.918385],
          [86.8088457, 27.9180057],
          [86.8092266, 27.9176583],
          [86.8098712, 27.9166044],
          [86.8101097, 27.9162567],
          [86.8106582, 27.9156613],
          [86.8110099, 27.9154243],
          [86.8118029, 27.9140545],
          [86.813663, 27.9122896],
          [86.8144083, 27.9113466],
          [86.815708, 27.909708],
          [86.8163698, 27.9086227],
          [86.8165248, 27.9080853],
          [86.8169042, 27.9076134],
          [86.8173097, 27.9069327],
          [86.8175027, 27.9068119],
          [86.8177112, 27.9066786],
          [86.8178888, 27.9064373],
          [86.8181763, 27.9059146],
          [86.8184625, 27.9056248],
          [86.8184684, 27.9053456],
          [86.8186175, 27.9049294],
          [86.8188917, 27.9047133],
          [86.8190617, 27.9045561],
          [86.8191214, 27.9043207],
          [86.8191251, 27.904155],
          [86.8192699, 27.9039915],
          [86.819391, 27.9037281],
          [86.8196797, 27.9034703],
          [86.819773, 27.9032588],
          [86.8201456, 27.9031436],
          [86.8202479, 27.902979],
          [86.8202754, 27.9028565],
          [86.8203133, 27.9025426],
          [86.8210974, 27.9013703],
          [86.8214312, 27.9008713],
          [86.8217293, 27.9006244],
          [86.8221019, 27.9001139],
          [86.8223907, 27.8999328],
          [86.8224931, 27.8994882],
          [86.823462, 27.8982286],
          [86.8235831, 27.8979487],
          [86.8243308, 27.8968872],
          [86.8245297, 27.8967591],
          [86.8247044, 27.8965998],
          [86.8248443, 27.8963033],
          [86.8250797, 27.8960228],
          [86.8258363, 27.8951585],
          [86.8261579, 27.8945949],
          [86.8265381, 27.894213],
          [86.8266565, 27.8939813],
          [86.8268466, 27.8938667],
          [86.826957, 27.8937476],
          [86.8269659, 27.8935973],
          [86.8267979, 27.8931503],
          [86.8268136, 27.893092],
          [86.8268235, 27.8930338],
          [86.8268367, 27.8929748],
          [86.8269254, 27.8929384],
          [86.8268167, 27.8927187],
          [86.8266473, 27.8924836],
          [86.826234, 27.8920782],
          [86.8260774, 27.8918097],
          [86.8261563, 27.8914756],
          [86.8261852, 27.8914307],
          [86.826277, 27.8911458],
          [86.8262514, 27.8909575],
          [86.8262171, 27.8907544],
          [86.8263434, 27.8906375],
          [86.8263057, 27.8904734],
          [86.8263599, 27.8903412],
          [86.8264177, 27.8900708],
          [86.8263755, 27.890047],
          [86.826244, 27.8899246],
          [86.8261555, 27.8897185],
          [86.8259312, 27.8896291],
          [86.8259174, 27.8892641],
          [86.8259628, 27.8890713],
          [86.8260033, 27.8888381],
          [86.8258564, 27.8884713],
          [86.8257853, 27.8883042],
          [86.825758, 27.888117],
          [86.8257236, 27.8879367],
          [86.8257102, 27.8878443],
          [86.8257567, 27.8877679],
          [86.8259015, 27.8876026],
          [86.8259632, 27.8873288]
        ]
      },
      "id": "relation/20257597"
    },
    {
      "type": "Feature",
      "properties": {
        "@id": "relation/20257598",
        "from": "Dingboche",
        "note": "Dingboche to Namche Bazaar: this is a constituent route for a parent relation, not meant to be displayed on its own by data consumers",
        "route": "hiking",
        "to": "Namche Bazaar",
        "type": "route",
        "wikidata": "Q138685164"
      },
      "geometry": {
        "type": "LineString",
        "coordinates": [
          [86.7105936, 27.805068],
          [86.7106388, 27.8050408],
          [86.7107146, 27.8050164],
          [86.7107588, 27.8050117],
          [86.7107806, 27.8050701],
          [86.7108326, 27.8051451],
          [86.7108106, 27.8051675],
          [86.7108822, 27.805323],
          [86.7109251, 27.805356],
          [86.7109383, 27.8053783],
          [86.7109493, 27.8053967],
          [86.710976, 27.8054725],
          [86.7109922, 27.8055114],
          [86.711019, 27.8055188],
          [86.7110579, 27.8056099],
          [86.7110779, 27.8056861],
          [86.711141, 27.8057122],
          [86.7112442, 27.8057632],
          [86.7113207, 27.805781],
          [86.7113794, 27.8058083],
          [86.7114388, 27.8058115],
          [86.7116166, 27.8057274],
          [86.7117958, 27.805662],
          [86.7119873, 27.8055969],
          [86.7121732, 27.8055444],
          [86.7122207, 27.8054988],
          [86.712365, 27.80544],
          [86.7125166, 27.805357],
          [86.7126463, 27.8052195],
          [86.7127253, 27.8050821],
          [86.7128088, 27.8050064],
          [86.7128558, 27.8049537],
          [86.7128962, 27.8048251],
          [86.7129522, 27.8047294],
          [86.7129958, 27.8047629],
          [86.713059, 27.8047998],
          [86.7131248, 27.8048616],
          [86.7131803, 27.8049164],
          [86.7131966, 27.804979],
          [86.7132131, 27.8050466],
          [86.7132733, 27.8050744],
          [86.7132647, 27.8051057],
          [86.7132925, 27.8051391],
          [86.7132881, 27.8051959],
          [86.7133038, 27.8052098],
          [86.7133337, 27.8052362],
          [86.713306, 27.8053523],
          [86.7133161, 27.8053613],
          [86.7135502, 27.8054139],
          [86.7137801, 27.8054766],
          [86.7140063, 27.8055941],
          [86.7142915, 27.8057217],
          [86.7145863, 27.8058816],
          [86.7148637, 27.8060711],
          [86.715081, 27.8061717],
          [86.715222, 27.8062184],
          [86.7152891, 27.8062493],
          [86.715337, 27.8062504],
          [86.7154463, 27.8062359],
          [86.7155369, 27.8062304],
          [86.7157293, 27.8061862],
          [86.7158771, 27.8061998],
          [86.7159681, 27.8062082],
          [86.716031, 27.806189],
          [86.7162119, 27.8061481],
          [86.716394, 27.80607],
          [86.7164424, 27.8060178],
          [86.717045, 27.805659],
          [86.7173394, 27.8054761],
          [86.7175009, 27.8053751],
          [86.7175576, 27.8053258],
          [86.7176229, 27.8053472],
          [86.7177417, 27.8054881],
          [86.7178278, 27.8055316],
          [86.7179079, 27.8055457],
          [86.7179711, 27.8055279],
          [86.7180224, 27.8055237],
          [86.7180508, 27.8055451],
          [86.7182192, 27.8056053],
          [86.7183122, 27.8056106],
          [86.7183969, 27.8056267],
          [86.7184891, 27.8055941],
          [86.7185619, 27.8055762],
          [86.7187552, 27.8055207],
          [86.7188502, 27.8054914],
          [86.7189344, 27.8054581],
          [86.7189782, 27.8054582],
          [86.7190658, 27.8054859],
          [86.7191546, 27.805462],
          [86.7192712, 27.8054278],
          [86.7193741, 27.8054533],
          [86.7194049, 27.8055126],
          [86.7193311, 27.8056313],
          [86.7193245, 27.8057918],
          [86.719315, 27.8059302],
          [86.7193705, 27.8060059],
          [86.7194811, 27.8061035],
          [86.7195595, 27.8061242],
          [86.7195926, 27.8061584],
          [86.7196128, 27.8061947],
          [86.719594, 27.8062564],
          [86.7195685, 27.8063442],
          [86.7195055, 27.8065186],
          [86.7194781, 27.8065942],
          [86.7195034, 27.8066708],
          [86.7195606, 27.8067915],
          [86.719484, 27.8068886],
          [86.7194411, 27.8069694],
          [86.7194639, 27.8070908],
          [86.7195477, 27.8073952],
          [86.7196637, 27.8076619],
          [86.7198547, 27.8078048],
          [86.720001, 27.8078193],
          [86.7201184, 27.8078275],
          [86.7201888, 27.8077919],
          [86.7202745, 27.8077509],
          [86.7203419, 27.8077471],
          [86.7203832, 27.8077972],
          [86.7204483, 27.8078249],
          [86.7204952, 27.8078187],
          [86.720579, 27.8078197],
          [86.7206714, 27.8078508],
          [86.7207805, 27.8078816],
          [86.7208553, 27.8078781],
          [86.720907, 27.8078784],
          [86.7209727, 27.8079005],
          [86.7210114, 27.8079427],
          [86.7210598, 27.8080156],
          [86.7210136, 27.8081067],
          [86.7209799, 27.8081927],
          [86.7210059, 27.8083075],
          [86.7210409, 27.8083574],
          [86.7210383, 27.8083988],
          [86.7210329, 27.8086034],
          [86.721051, 27.8087262],
          [86.72113, 27.8088696],
          [86.7211416, 27.8090049],
          [86.7211863, 27.8090463],
          [86.7212676, 27.8091526],
          [86.7213945, 27.8092352],
          [86.7214774, 27.8092801],
          [86.7215708, 27.8093038],
          [86.7216362, 27.809299],
          [86.7217387, 27.8093059],
          [86.7218389, 27.8093015],
          [86.7219516, 27.8092849],
          [86.7220975, 27.8092789],
          [86.7222655, 27.8093442],
          [86.7223297, 27.8093463],
          [86.7223768, 27.8093204],
          [86.7224183, 27.8092849],
          [86.7224658, 27.8092779],
          [86.7225377, 27.8093217],
          [86.7225477, 27.8093765],
          [86.7225155, 27.80946],
          [86.7223684, 27.8096383],
          [86.7222603, 27.8098615],
          [86.7221997, 27.8099741],
          [86.7222047, 27.8100812],
          [86.7222185, 27.8102302],
          [86.7222591, 27.8104108],
          [86.7222963, 27.8106074],
          [86.7223546, 27.8108085],
          [86.7224305, 27.8109847],
          [86.7225176, 27.8110939],
          [86.7226125, 27.8111752],
          [86.7227242, 27.8112326],
          [86.722827, 27.8112917],
          [86.7229226, 27.8113607],
          [86.7229903, 27.811434],
          [86.7231025, 27.8115302],
          [86.7232418, 27.8116039],
          [86.7234454, 27.8117149],
          [86.7234889, 27.8117619],
          [86.7234966, 27.8118755],
          [86.7235072, 27.8119629],
          [86.7236334, 27.8120855],
          [86.7236888, 27.8121953],
          [86.7237885, 27.8122743],
          [86.7238909, 27.8123453],
          [86.7239878, 27.8123836],
          [86.72404, 27.8124123],
          [86.724186, 27.812388],
          [86.7242964, 27.8123863],
          [86.7244534, 27.8124041],
          [86.7246854, 27.8124317],
          [86.7248296, 27.8125032],
          [86.7249403, 27.812543],
          [86.725189, 27.8125801],
          [86.7253284, 27.8125715],
          [86.7254001, 27.812588],
          [86.7255283, 27.8125314],
          [86.7256089, 27.8124985],
          [86.7257589, 27.8123845],
          [86.7258034, 27.8123393],
          [86.7258905, 27.8122954],
          [86.7259053, 27.8123334],
          [86.7259231, 27.8123926],
          [86.7259468, 27.8125184],
          [86.7259455, 27.81256],
          [86.725969, 27.8126279],
          [86.7260047, 27.8126699],
          [86.7260932, 27.8128452],
          [86.7261614, 27.8129003],
          [86.7262257, 27.8129632],
          [86.7262751, 27.8129939],
          [86.7263476, 27.8130178],
          [86.7263754, 27.8130382],
          [86.7264216, 27.8130486],
          [86.7265463, 27.8130712],
          [86.7267194, 27.8131863],
          [86.7268908, 27.8132803],
          [86.7269621, 27.8132942],
          [86.7270894, 27.8133051],
          [86.7272195, 27.8133167],
          [86.7274412, 27.8132906],
          [86.7275085, 27.8132814],
          [86.7275522, 27.8132589],
          [86.7275937, 27.8132609],
          [86.7276232, 27.8132669],
          [86.72765, 27.8132858],
          [86.7276849, 27.8133119],
          [86.7276808, 27.8133428],
          [86.7276809, 27.8134365],
          [86.7276674, 27.8135255],
          [86.7276272, 27.8135848],
          [86.7276302, 27.8136329],
          [86.7277291, 27.8137449],
          [86.7277699, 27.8138319],
          [86.7278136, 27.8139632],
          [86.7278337, 27.814096],
          [86.7278444, 27.8142656],
          [86.7278074, 27.8144505],
          [86.7277714, 27.8146379],
          [86.7278806, 27.8149465],
          [86.7280449, 27.814991],
          [86.7281033, 27.8150129],
          [86.7281096, 27.8150642],
          [86.7281489, 27.8151303],
          [86.7282026, 27.815173],
          [86.7282642, 27.8152034],
          [86.7283394, 27.8152315],
          [86.7283918, 27.8152388],
          [86.7284708, 27.815249],
          [86.7285752, 27.8152354],
          [86.728676, 27.8152763],
          [86.7287591, 27.8153428],
          [86.728819, 27.8153699],
          [86.7289228, 27.8154103],
          [86.7289932, 27.8154562],
          [86.7290743, 27.815504],
          [86.7291105, 27.8155194],
          [86.7291612, 27.8155225],
          [86.7292313, 27.8155286],
          [86.7292884, 27.8155327],
          [86.729341, 27.8155142],
          [86.7294109, 27.8154791],
          [86.7294283, 27.8154257],
          [86.7295008, 27.8154056],
          [86.7295209, 27.8154245],
          [86.7295599, 27.8155529],
          [86.7295785, 27.8156108],
          [86.7296938, 27.8157456],
          [86.729767, 27.8157726],
          [86.7298795, 27.8157975],
          [86.729953, 27.8158],
          [86.73006, 27.8158373],
          [86.7301405, 27.8158417],
          [86.7302276, 27.815826],
          [86.7303183, 27.8157955],
          [86.730347, 27.8157733],
          [86.7303933, 27.8157827],
          [86.7304284, 27.8158358],
          [86.7304833, 27.8159114],
          [86.730528, 27.8159547],
          [86.7305869, 27.8159844],
          [86.7306587, 27.8160088],
          [86.7307479, 27.8160258],
          [86.7308539, 27.8160579],
          [86.7309209, 27.8160876],
          [86.7309142, 27.816173],
          [86.7307171, 27.8163189],
          [86.7306831, 27.816374],
          [86.7306485, 27.8164017],
          [86.7306599, 27.8165721],
          [86.7306112, 27.816689],
          [86.7306574, 27.8168151],
          [86.7307126, 27.8169795],
          [86.7308203, 27.8170484],
          [86.7309695, 27.8171777],
          [86.7310843, 27.8172722],
          [86.7312366, 27.8173534],
          [86.7313367, 27.8174069],
          [86.73141, 27.8174829],
          [86.731452, 27.8176995],
          [86.731494, 27.8177783],
          [86.731595, 27.8178792],
          [86.7316505, 27.8179605],
          [86.7317083, 27.8180273],
          [86.7317211, 27.8182105],
          [86.7317269, 27.8183935],
          [86.7317359, 27.8188457],
          [86.7317752, 27.8189779],
          [86.7317337, 27.8190621],
          [86.7316863, 27.8191748],
          [86.7316531, 27.8193731],
          [86.7315695, 27.8194868],
          [86.7315392, 27.8195985],
          [86.7315714, 27.8196958],
          [86.7315446, 27.8198075],
          [86.7314244, 27.8200215],
          [86.7314225, 27.8200789],
          [86.7314503, 27.820186],
          [86.7315041, 27.8202626],
          [86.7315634, 27.8203078],
          [86.7315888, 27.8204276],
          [86.731591, 27.820502],
          [86.7316183, 27.8206114],
          [86.7316754, 27.820699],
          [86.7317239, 27.8207854],
          [86.7317572, 27.8208447],
          [86.7318517, 27.820959],
          [86.7318696, 27.8210536],
          [86.7318262, 27.821163],
          [86.7317758, 27.8212719],
          [86.7317578, 27.8214085],
          [86.7317202, 27.8215189],
          [86.7316881, 27.8216564],
          [86.7316307, 27.821767],
          [86.7315392, 27.8218544],
          [86.7314456, 27.8219497],
          [86.7314014, 27.822004],
          [86.7313355, 27.8220991],
          [86.7313008, 27.8222325],
          [86.7312866, 27.8222771],
          [86.7312564, 27.822372],
          [86.731153, 27.8225661],
          [86.7311256, 27.8227585],
          [86.7310765, 27.8228365],
          [86.7309904, 27.8229431],
          [86.7310151, 27.8231279],
          [86.7309788, 27.8233832],
          [86.7308754, 27.8234521],
          [86.7307386, 27.8234806],
          [86.7303789, 27.8235737],
          [86.7300052, 27.8239207],
          [86.7298603, 27.8239967],
          [86.7295769, 27.8241456],
          [86.7294115, 27.8242406],
          [86.7292714, 27.8243725],
          [86.7291841, 27.8244727],
          [86.7290914, 27.8245993],
          [86.7290485, 27.8246561],
          [86.7290225, 27.8247415],
          [86.7291108, 27.8248356],
          [86.7292664, 27.8250014],
          [86.7294986, 27.8250602],
          [86.729531, 27.8250855],
          [86.7298079, 27.8251861],
          [86.7299071, 27.8251718],
          [86.7300122, 27.8252351],
          [86.7301958, 27.8253684],
          [86.7303166, 27.8254598],
          [86.7304805, 27.8254868],
          [86.730661, 27.8255208],
          [86.7307815, 27.8255538],
          [86.7309423, 27.8255966],
          [86.7309796, 27.8257558],
          [86.731092, 27.825879],
          [86.7312616, 27.8259095],
          [86.731423, 27.8258825],
          [86.7316028, 27.8257529],
          [86.7317988, 27.8256807],
          [86.7319885, 27.8257435],
          [86.7321906, 27.8257284],
          [86.7324159, 27.8256722],
          [86.7325035, 27.8257411],
          [86.732633, 27.825692],
          [86.7327312, 27.8256709],
          [86.7329366, 27.8255645],
          [86.7332616, 27.82547],
          [86.7334846, 27.825461],
          [86.7336708, 27.8254965],
          [86.7337873, 27.8256032],
          [86.7339844, 27.8258209],
          [86.7341182, 27.8259024],
          [86.7343051, 27.8259659],
          [86.7349315, 27.8260218],
          [86.735054, 27.826118],
          [86.7354549, 27.8263041],
          [86.7356309, 27.8264472],
          [86.7357078, 27.8266225],
          [86.7359108, 27.8270043],
          [86.736044, 27.827647],
          [86.7361419, 27.8278099],
          [86.7362598, 27.8279689],
          [86.7362674, 27.8281818],
          [86.7365937, 27.8281156],
          [86.736836, 27.828286],
          [86.7368711, 27.8281181],
          [86.7369376, 27.8281539],
          [86.7370687, 27.8282691],
          [86.737357, 27.8283604],
          [86.737656, 27.8283883],
          [86.7378277, 27.8283789],
          [86.7380121, 27.8284466],
          [86.737824, 27.828566],
          [86.737712, 27.828641],
          [86.7377428, 27.8287229],
          [86.7378388, 27.8287904],
          [86.737982, 27.8288721],
          [86.7388772, 27.828845],
          [86.738945, 27.82884],
          [86.739019, 27.828893],
          [86.73911, 27.829263],
          [86.738975, 27.829416],
          [86.7389035, 27.8296874],
          [86.7390453, 27.8297629],
          [86.7391433, 27.8298519],
          [86.7392084, 27.8298969],
          [86.7392318, 27.8299135],
          [86.7393686, 27.8298436],
          [86.7394336, 27.8298191],
          [86.7395255, 27.8298803],
          [86.7395979, 27.8299134],
          [86.739705, 27.829935],
          [86.740272, 27.829508],
          [86.740414, 27.829454],
          [86.740849, 27.829596],
          [86.741097, 27.829975],
          [86.741357, 27.830037],
          [86.741857, 27.829779],
          [86.742262, 27.829736],
          [86.742482, 27.829834],
          [86.742431, 27.829848],
          [86.742448, 27.829935],
          [86.74251, 27.829923],
          [86.74257, 27.83013],
          [86.742694, 27.83024],
          [86.743004, 27.830429],
          [86.743028, 27.830349],
          [86.743069, 27.830503],
          [86.743314, 27.830616],
          [86.743364, 27.830567],
          [86.743478, 27.830642],
          [86.743759, 27.830658],
          [86.743823, 27.830703],
          [86.74393, 27.830634],
          [86.743995, 27.830671],
          [86.743996, 27.830792],
          [86.744075, 27.830819],
          [86.744139, 27.830614],
          [86.744415, 27.830848],
          [86.744528, 27.830887],
          [86.7445171, 27.8311802],
          [86.744707, 27.831387],
          [86.7447387, 27.8313289],
          [86.744779, 27.8314248],
          [86.7448926, 27.8314031],
          [86.7448541, 27.8315363],
          [86.7448282, 27.8316261],
          [86.745045, 27.8317691],
          [86.7451274, 27.8319307],
          [86.7452185, 27.8320744],
          [86.7453117, 27.8321729],
          [86.7452922, 27.8322369],
          [86.7452806, 27.8322964],
          [86.7451966, 27.8322897],
          [86.7451261, 27.8322548],
          [86.7451013, 27.8322109],
          [86.7458114, 27.8318149],
          [86.7459123, 27.8317807],
          [86.7459692, 27.8317542],
          [86.746058, 27.831708],
          [86.7461266, 27.8316777],
          [86.7462254, 27.8316688],
          [86.7462926, 27.8316951],
          [86.7463674, 27.8317255],
          [86.7464402, 27.8317534],
          [86.7465136, 27.8318055],
          [86.7465713, 27.8318844],
          [86.7465962, 27.8319317],
          [86.7466065, 27.831977],
          [86.7466119, 27.8320625],
          [86.7466476, 27.8321217],
          [86.7466963, 27.8321826],
          [86.7466199, 27.8322854],
          [86.7466588, 27.8323744],
          [86.7467111, 27.8324184],
          [86.7467761, 27.8324486],
          [86.7468975, 27.832493],
          [86.7470591, 27.8325172],
          [86.7471325, 27.8325583],
          [86.7472395, 27.8325872],
          [86.7473696, 27.8325632],
          [86.7475525, 27.832587],
          [86.747752, 27.8325735],
          [86.748077, 27.8324325],
          [86.7483509, 27.8324529],
          [86.7486135, 27.8326219],
          [86.7487515, 27.8326182],
          [86.7488664, 27.832678],
          [86.7489538, 27.8327904],
          [86.7491295, 27.8328944],
          [86.7497994, 27.8330341],
          [86.7500853, 27.833069],
          [86.7499996, 27.8332365],
          [86.7499929, 27.8333616],
          [86.7502495, 27.833321],
          [86.7505933, 27.8334656],
          [86.750848, 27.833525],
          [86.750541, 27.833778],
          [86.7508346, 27.8338312],
          [86.7514173, 27.8340192],
          [86.7523494, 27.8340544],
          [86.75228, 27.8341779],
          [86.7526985, 27.8342861],
          [86.7525804, 27.8344082],
          [86.7529185, 27.8344045],
          [86.7528006, 27.8345426],
          [86.7534781, 27.8346101],
          [86.7532335, 27.8348764],
          [86.7546496, 27.8349101],
          [86.754224, 27.835306],
          [86.7545476, 27.8353032],
          [86.754402, 27.8353949],
          [86.7546091, 27.8354094],
          [86.7547626, 27.8354394],
          [86.755206, 27.835437],
          [86.755944, 27.835388],
          [86.756187, 27.835283],
          [86.756318, 27.83532],
          [86.756951, 27.835264],
          [86.757229, 27.835303],
          [86.757962, 27.835208],
          [86.758412, 27.835274],
          [86.758787, 27.835177],
          [86.7589685, 27.8351202],
          [86.7591405, 27.8351626],
          [86.759373, 27.8352079],
          [86.7595535, 27.8351531],
          [86.759758, 27.835029],
          [86.759895, 27.8349867],
          [86.7600524, 27.8350488],
          [86.7602134, 27.8351389],
          [86.76046, 27.8351729],
          [86.760688, 27.8351739],
          [86.760928, 27.8350409],
          [86.7610658, 27.8349887],
          [86.7612326, 27.8350297],
          [86.7615287, 27.8351249],
          [86.7616296, 27.8351057],
          [86.7618547, 27.8350759],
          [86.7620047, 27.8350111],
          [86.7622679, 27.8350013],
          [86.7624213, 27.8350849],
          [86.7626005, 27.835063],
          [86.762785, 27.8350106],
          [86.7629353, 27.8349606],
          [86.76305, 27.8349677],
          [86.7631799, 27.8349847],
          [86.7632664, 27.8350119],
          [86.7633038, 27.8350154],
          [86.7632905, 27.8350674],
          [86.7633516, 27.8351365],
          [86.7634754, 27.8352087],
          [86.7636559, 27.8351863],
          [86.7637561, 27.8352351],
          [86.7639202, 27.8352591],
          [86.7640594, 27.8352321],
          [86.7641614, 27.8352264],
          [86.7642487, 27.8352011],
          [86.7643297, 27.8351688],
          [86.7643707, 27.8351771],
          [86.764331, 27.8352357],
          [86.7642979, 27.8353016],
          [86.7642564, 27.8353421],
          [86.764199, 27.8353817],
          [86.7641836, 27.8354122],
          [86.7641505, 27.835442],
          [86.7641316, 27.83548],
          [86.7640991, 27.8354968],
          [86.7640395, 27.8355616],
          [86.7640339, 27.8355911],
          [86.7641651, 27.8356518],
          [86.7642671, 27.8356206],
          [86.7644151, 27.8357069],
          [86.7644747, 27.8357801],
          [86.7645236, 27.8358547],
          [86.7645734, 27.8359416],
          [86.7646377, 27.8360426],
          [86.7647731, 27.8361201],
          [86.7650771, 27.8362165],
          [86.7652897, 27.8362838],
          [86.7655083, 27.8363552],
          [86.7656558, 27.8364642],
          [86.7657316, 27.8365308],
          [86.7657816, 27.8366426],
          [86.7657897, 27.8367754],
          [86.7658475, 27.8368856],
          [86.765956, 27.8369367],
          [86.7660686, 27.8369913],
          [86.7661276, 27.8371271],
          [86.7661598, 27.8372664],
          [86.7662214, 27.8373609],
          [86.7666018, 27.8374144],
          [86.7667063, 27.8374211],
          [86.7668582, 27.8374883],
          [86.7668411, 27.8375622],
          [86.7670444, 27.8375202],
          [86.7671564, 27.8375236],
          [86.7671697, 27.8375773],
          [86.7674033, 27.8376848],
          [86.7676274, 27.8376714],
          [86.7678154, 27.8376008],
          [86.7679218, 27.8376243],
          [86.7682257, 27.8375672],
          [86.7684156, 27.8376529],
          [86.7684916, 27.8378343],
          [86.7686091, 27.8380122],
          [86.7688866, 27.8386253],
          [86.769012, 27.8386454],
          [86.7691012, 27.8387059],
          [86.7694583, 27.8386706],
          [86.7695572, 27.8387211],
          [86.7698248, 27.8389477],
          [86.7701097, 27.8390888],
          [86.7701974, 27.8392074],
          [86.7703376, 27.8392921],
          [86.7706301, 27.8394213],
          [86.7708991, 27.839441],
          [86.7710495, 27.8394935],
          [86.7710877, 27.8395104],
          [86.7711143, 27.8395686],
          [86.7711316, 27.8396337],
          [86.7712373, 27.8397568],
          [86.77142, 27.8398568],
          [86.7714563, 27.8399823],
          [86.7716437, 27.8401736],
          [86.7717219, 27.8403145],
          [86.7718931, 27.8404508],
          [86.77194, 27.8405139],
          [86.771989, 27.8405798],
          [86.7723549, 27.8408631],
          [86.7724951, 27.8410151],
          [86.7725971, 27.8411217],
          [86.7727503, 27.8411875],
          [86.7727826, 27.8411899],
          [86.7728863, 27.8412901],
          [86.7729565, 27.8413838],
          [86.7730401, 27.8414373],
          [86.7731987, 27.8415695],
          [86.7735327, 27.8416223],
          [86.7736499, 27.8416734],
          [86.7737208, 27.8417359],
          [86.7737788, 27.8417939],
          [86.7737934, 27.8419435],
          [86.7738873, 27.8420099],
          [86.7739651, 27.8420835],
          [86.774008, 27.8421499],
          [86.7742429, 27.8421663],
          [86.7743203, 27.8422276],
          [86.7745234, 27.8424508],
          [86.7746772, 27.8426849],
          [86.7748435, 27.8428881],
          [86.774942, 27.8429588],
          [86.7750914, 27.843032],
          [86.7755529, 27.8431563],
          [86.7757072, 27.8431673],
          [86.7759236, 27.8431358],
          [86.7760355, 27.8431449],
          [86.7762176, 27.843205],
          [86.7762708, 27.8432923],
          [86.7764835, 27.8434267],
          [86.7764987, 27.8434787],
          [86.7765443, 27.8434838],
          [86.7764835, 27.843514],
          [86.7765329, 27.8435325],
          [86.7767722, 27.8437625],
          [86.7770742, 27.8441471],
          [86.7773325, 27.8444964],
          [86.7775851, 27.8450808],
          [86.7778776, 27.8455393],
          [86.7780295, 27.8459238],
          [86.7781766, 27.8462539],
          [86.7782523, 27.8463621],
          [86.7783621, 27.8464994],
          [86.7784256, 27.8466655],
          [86.7784863, 27.8467813],
          [86.7785818, 27.8471428],
          [86.7785598, 27.8474329],
          [86.7786659, 27.8475398],
          [86.778729, 27.8476906],
          [86.7787963, 27.8478445],
          [86.7788284, 27.8480506],
          [86.7788823, 27.8481007],
          [86.7790389, 27.8481993],
          [86.779114, 27.848248],
          [86.7791899, 27.8484176],
          [86.7793027, 27.8485699],
          [86.7793904, 27.8487118],
          [86.7794777, 27.8489845],
          [86.7794502, 27.8490822],
          [86.7794126, 27.8491841],
          [86.7794234, 27.8493786],
          [86.7794502, 27.8495494],
          [86.7794073, 27.8496632],
          [86.7794099, 27.8497699],
          [86.7794234, 27.8498221],
          [86.7796601, 27.8498375],
          [86.779678, 27.8502401],
          [86.779686, 27.8503706],
          [86.7798258, 27.8504487],
          [86.7801087, 27.8505317],
          [86.7805091, 27.8506484],
          [86.7806049, 27.8506846],
          [86.7806638, 27.8507461],
          [86.7807108, 27.850811],
          [86.780794, 27.8508425],
          [86.7810157, 27.8508988],
          [86.7811368, 27.8509304],
          [86.7812237, 27.8510205],
          [86.781384, 27.8510624],
          [86.7814927, 27.8510695],
          [86.7816169, 27.8510473],
          [86.7817028, 27.8510213],
          [86.7819933, 27.8509839],
          [86.7821758, 27.850985],
          [86.7823979, 27.8510671],
          [86.7826782, 27.8511359],
          [86.7826253, 27.8511639],
          [86.7825909, 27.851188],
          [86.782533, 27.8512152],
          [86.7825605, 27.8512669],
          [86.7826668, 27.8512854],
          [86.7828739, 27.8512846],
          [86.7830285, 27.8513585],
          [86.7832643, 27.851368],
          [86.7832927, 27.8514044],
          [86.783675, 27.8517711],
          [86.7840084, 27.8520301],
          [86.7842029, 27.8520847],
          [86.7843158, 27.8521695],
          [86.7844027, 27.85213],
          [86.7844799, 27.8522819],
          [86.7845642, 27.8523618],
          [86.7845889, 27.8523466],
          [86.7846382, 27.8525263],
          [86.7847104, 27.8526271],
          [86.7848737, 27.8527631],
          [86.7848851, 27.8528386],
          [86.7849858, 27.852926],
          [86.7850694, 27.8530637],
          [86.785294, 27.8531811],
          [86.7853808, 27.8532265],
          [86.7855246, 27.853203],
          [86.7857691, 27.8530413],
          [86.7858455, 27.8530321],
          [86.7860654, 27.8531549],
          [86.7863708, 27.8533401],
          [86.7864561, 27.8533533],
          [86.7865607, 27.8533343],
          [86.7867185, 27.8532924],
          [86.7868061, 27.853358],
          [86.7869349, 27.8534364],
          [86.7871214, 27.8534893],
          [86.7873063, 27.8535944],
          [86.7875611, 27.8536533],
          [86.78776, 27.85373],
          [86.7878188, 27.8537507],
          [86.7878669, 27.853768],
          [86.7879595, 27.8537462],
          [86.7880969, 27.8536992],
          [86.7883458, 27.8536093],
          [86.7886061, 27.8536055],
          [86.788727, 27.8536756],
          [86.7889024, 27.8538197],
          [86.7892919, 27.8540801],
          [86.7894897, 27.8541916],
          [86.789678, 27.8542677],
          [86.7897727, 27.8542698],
          [86.7898639, 27.8542829],
          [86.790057, 27.8543599],
          [86.7901871, 27.8544145],
          [86.79034, 27.8544109],
          [86.7904199, 27.8544185],
          [86.7904698, 27.8544713],
          [86.790595, 27.8545901],
          [86.7907172, 27.8547458],
          [86.7907945, 27.8548382],
          [86.7908254, 27.8548793],
          [86.7909153, 27.8549042],
          [86.7910695, 27.8548971],
          [86.7911755, 27.8549208],
          [86.7910695, 27.8549611],
          [86.7909971, 27.8549611],
          [86.7909469, 27.8549827],
          [86.7911514, 27.8551187],
          [86.7912123, 27.8552401],
          [86.7913655, 27.8552955],
          [86.7914348, 27.8553482],
          [86.7915448, 27.8554111],
          [86.7916331, 27.8554933],
          [86.7917407, 27.8555388],
          [86.7918685, 27.8557887],
          [86.7918806, 27.8558743],
          [86.79195, 27.8560166],
          [86.7921264, 27.8563059],
          [86.7923033, 27.8562322],
          [86.7923516, 27.8561924],
          [86.7924292, 27.8561666],
          [86.7924936, 27.8561487],
          [86.792637, 27.8561081],
          [86.792822, 27.8560524],
          [86.7929243, 27.8560591],
          [86.7929752, 27.8560519],
          [86.7930047, 27.8560275],
          [86.7930248, 27.8560188],
          [86.7930932, 27.8560093],
          [86.793171, 27.8560141],
          [86.7932457, 27.8560807],
          [86.7932917, 27.856161],
          [86.7933587, 27.8562267],
          [86.7934114, 27.8562987],
          [86.7933732, 27.856377],
          [86.7933454, 27.8564752],
          [86.7932929, 27.8565855],
          [86.7933777, 27.8565987],
          [86.7934647, 27.856627],
          [86.7935019, 27.8566907],
          [86.7935014, 27.856762],
          [86.7935437, 27.8568437],
          [86.7935783, 27.8570207],
          [86.7936239, 27.8570943],
          [86.7937025, 27.8571397],
          [86.7936991, 27.8572094],
          [86.7937588, 27.8572853],
          [86.7938632, 27.8573786],
          [86.7938952, 27.8575187],
          [86.7939448, 27.8575578],
          [86.7940745, 27.8576925],
          [86.7941207, 27.8578356],
          [86.794201, 27.857891],
          [86.7943069, 27.857981],
          [86.7943335, 27.8580971],
          [86.7945615, 27.8583937],
          [86.7945941, 27.8585302],
          [86.7946024, 27.8586101],
          [86.7946355, 27.8587044],
          [86.7946328, 27.8588182],
          [86.7946958, 27.8588831],
          [86.7947518, 27.8591149],
          [86.7947629, 27.8591608],
          [86.7948246, 27.8591988],
          [86.7949149, 27.8593295],
          [86.7950542, 27.8595676],
          [86.7950037, 27.8597772],
          [86.7950016, 27.8598675],
          [86.7950619, 27.8599767],
          [86.7952483, 27.8601559],
          [86.7953449, 27.8603631],
          [86.7954729, 27.8605501],
          [86.7957254, 27.8607558],
          [86.7961619, 27.8608829],
          [86.7962596, 27.8609938],
          [86.7963094, 27.8611129],
          [86.7965519, 27.8614373],
          [86.7968619, 27.8616597],
          [86.7970186, 27.8617479],
          [86.7971539, 27.861835],
          [86.7973233, 27.8620209],
          [86.7976762, 27.8619909],
          [86.7977904, 27.86205],
          [86.7978565, 27.8621896],
          [86.7980728, 27.8621421],
          [86.7981725, 27.8622899],
          [86.7983264, 27.8623668],
          [86.798429, 27.8624299],
          [86.7986575, 27.8625322],
          [86.7989767, 27.8628647],
          [86.7992913, 27.8629458],
          [86.7994223, 27.8630752],
          [86.7994253, 27.8632026],
          [86.7995884, 27.8633804],
          [86.7998189, 27.8635169],
          [86.8000064, 27.8636278],
          [86.8003312, 27.8637374],
          [86.8006463, 27.8639104],
          [86.8008091, 27.8641098],
          [86.800932, 27.8643682],
          [86.8009209, 27.8646069],
          [86.8012703, 27.8646946],
          [86.8014468, 27.8648108],
          [86.8016805, 27.8649618],
          [86.8020022, 27.8653418],
          [86.8022459, 27.8656959],
          [86.8024228, 27.8658691],
          [86.8025265, 27.8659905],
          [86.8026703, 27.8660964],
          [86.8027725, 27.8662548],
          [86.8028136, 27.8662568],
          [86.8028715, 27.8663064],
          [86.8029222, 27.8664323],
          [86.8030793, 27.8665517],
          [86.8032741, 27.8666979],
          [86.8033275, 27.8667763],
          [86.803476, 27.8668784],
          [86.8036856, 27.8669481],
          [86.8038005, 27.8670639],
          [86.803921, 27.8670898],
          [86.8040292, 27.867101],
          [86.8041446, 27.8671662],
          [86.8042499, 27.8671987],
          [86.8042991, 27.8672709],
          [86.8043786, 27.8673381],
          [86.8044454, 27.8673872],
          [86.8046373, 27.8675085],
          [86.8046187, 27.8675396],
          [86.8046642, 27.8675829],
          [86.8047572, 27.8676361],
          [86.8048207, 27.867631],
          [86.8048775, 27.8676034],
          [86.8048909, 27.8675984],
          [86.8049485, 27.8676288],
          [86.8050114, 27.8676693],
          [86.8050845, 27.8677407],
          [86.805204, 27.8678179],
          [86.8053396, 27.86783],
          [86.8055245, 27.8677819],
          [86.8056051, 27.8677388],
          [86.8056603, 27.8677275],
          [86.8057386, 27.8677397],
          [86.8058084, 27.8678148],
          [86.8058976, 27.8678864],
          [86.8059196, 27.8679261],
          [86.806012, 27.8679542],
          [86.8060532, 27.8678802],
          [86.8062796, 27.8679624],
          [86.8064662, 27.8679744],
          [86.8066074, 27.8679916],
          [86.8066954, 27.8681063],
          [86.8067352, 27.8681186],
          [86.8069545, 27.8680806],
          [86.8071602, 27.8680663],
          [86.8072913, 27.8680554],
          [86.8073887, 27.8680669],
          [86.807457, 27.8680797],
          [86.8074982, 27.8680995],
          [86.8075309, 27.8681614],
          [86.8077596, 27.8681862],
          [86.8079222, 27.8682901],
          [86.8082228, 27.868367],
          [86.8085182, 27.8683699],
          [86.8088897, 27.8685639],
          [86.8092572, 27.8686553],
          [86.8096616, 27.868823],
          [86.8098212, 27.8689329],
          [86.8099525, 27.8690508],
          [86.8101808, 27.8692089],
          [86.8105354, 27.8693951],
          [86.8108011, 27.8697457],
          [86.8111102, 27.8700086],
          [86.8114583, 27.8704634],
          [86.8114913, 27.8706585],
          [86.8118111, 27.8712449],
          [86.8120919, 27.8716779],
          [86.8126399, 27.8722638],
          [86.8128034, 27.8726186],
          [86.8128591, 27.8732363],
          [86.8128003, 27.873544],
          [86.8128316, 27.8737937],
          [86.8128494, 27.8740861],
          [86.812951, 27.8742549],
          [86.8129139, 27.8745636],
          [86.8129533, 27.8747036],
          [86.8130665, 27.8750464],
          [86.8132292, 27.87528],
          [86.8132311, 27.8755041],
          [86.8133286, 27.8756469],
          [86.8133892, 27.8758882],
          [86.8134507, 27.8762403],
          [86.8136385, 27.8765143],
          [86.8137978, 27.8766742],
          [86.8138323, 27.8769025],
          [86.8140225, 27.877012],
          [86.8141127, 27.8772246],
          [86.8141963, 27.877431],
          [86.8142563, 27.8775969],
          [86.8142265, 27.8779026],
          [86.8139564, 27.8782543],
          [86.8138602, 27.8783836],
          [86.8138576, 27.8784582],
          [86.8138749, 27.8785569],
          [86.8140681, 27.8788008],
          [86.814248, 27.8789674],
          [86.8144047, 27.8791245],
          [86.8146094, 27.8793324],
          [86.8149509, 27.8795841],
          [86.8150178, 27.8797312],
          [86.8150632, 27.8797919],
          [86.8151425, 27.8798485],
          [86.8152109, 27.8799932],
          [86.8153028, 27.8800491],
          [86.8153824, 27.8800914],
          [86.8155054, 27.8800936],
          [86.8156679, 27.8801464],
          [86.8158674, 27.8801769],
          [86.8160916, 27.8803175],
          [86.8162681, 27.8803802],
          [86.8164652, 27.8804641],
          [86.8167001, 27.8805276],
          [86.8168141, 27.8805484],
          [86.817042, 27.880559],
          [86.817174, 27.8805495],
          [86.8172, 27.8805299],
          [86.8172447, 27.8806754],
          [86.8173273, 27.8807788],
          [86.8174255, 27.8807984],
          [86.8174718, 27.8807342],
          [86.8175773, 27.8805964],
          [86.8176285, 27.8804698],
          [86.8176896, 27.880422],
          [86.8177922, 27.8804204],
          [86.8180321, 27.8805221],
          [86.8181376, 27.8805587],
          [86.8182871, 27.8806778],
          [86.8195506, 27.8812754],
          [86.8198647, 27.881394],
          [86.8201507, 27.8815786],
          [86.8203387, 27.8815981],
          [86.8205454, 27.8817002],
          [86.8207662, 27.8816482],
          [86.8209953, 27.8816979],
          [86.8211497, 27.8816568],
          [86.8213861, 27.8817956],
          [86.8215256, 27.8818506],
          [86.8217558, 27.8820108],
          [86.821833, 27.8821724],
          [86.82189, 27.8823305],
          [86.8219794, 27.8824597],
          [86.8220153, 27.8826178],
          [86.8222569, 27.8829682],
          [86.8223452, 27.8831758],
          [86.822466, 27.8833043],
          [86.8225555, 27.8835414],
          [86.822937, 27.8838524],
          [86.8230556, 27.8841219],
          [86.8233189, 27.8843211],
          [86.8236405, 27.884548],
          [86.8238876, 27.8846344],
          [86.8240511, 27.8846825],
          [86.8242147, 27.8848502],
          [86.8243573, 27.8848946],
          [86.8245825, 27.8851909],
          [86.8246141, 27.8852372],
          [86.8253815, 27.8863608],
          [86.8256438, 27.8865821],
          [86.8258956, 27.8872123],
          [86.8259632, 27.8873288]
        ]
      },
      "id": "relation/20257598"
    },
    {
      "type": "Feature",
      "properties": {
        "@id": "relation/20257603",
        "from": "Lukla",
        "note": "Lukla to Namche Bazaar: this is a constituent route for a parent relation, not meant to be displayed on its own by data consumers",
        "route": "hiking",
        "to": "Namche Bazaar",
        "type": "route",
        "wikidata": "Q138685163"
      },
      "geometry": {
        "type": "LineString",
        "coordinates": [
          [86.7321146, 27.6878536],
          [86.732018, 27.6879494],
          [86.7319858, 27.6880313],
          [86.7319375, 27.6881014],
          [86.7318784, 27.6881393],
          [86.7318193, 27.6882042],
          [86.7317505, 27.6882256],
          [86.7315574, 27.6882067],
          [86.731448, 27.6881821],
          [86.731336, 27.688145],
          [86.7312395, 27.6881619],
          [86.7311949, 27.6881964],
          [86.7311148, 27.6883848],
          [86.7309929, 27.6885513],
          [86.7308721, 27.6886822],
          [86.7307989, 27.6887491],
          [86.7305248, 27.6889166],
          [86.730225, 27.6890389],
          [86.730075, 27.6890963],
          [86.7299187, 27.6891774],
          [86.7298117, 27.6892528],
          [86.7296014, 27.6894606],
          [86.7292018, 27.6898112],
          [86.7290414, 27.6899796],
          [86.7288825, 27.6902164],
          [86.7288805, 27.6902857],
          [86.7288596, 27.6904163],
          [86.7287585, 27.6906497],
          [86.7286921, 27.69086],
          [86.7286357, 27.690892],
          [86.7285779, 27.6909879],
          [86.7288792, 27.6901965],
          [86.7285311, 27.6911331],
          [86.7285094, 27.6912558],
          [86.7284895, 27.691367],
          [86.7284964, 27.6914518],
          [86.7285244, 27.691481],
          [86.7285677, 27.6915003],
          [86.7284909, 27.691538],
          [86.7284024, 27.691557],
          [86.7283045, 27.6915944],
          [86.7282374, 27.6916319],
          [86.7281972, 27.6916687],
          [86.7281489, 27.6917675],
          [86.7280777, 27.6918837],
          [86.7280105, 27.6920343],
          [86.7279705, 27.6921318],
          [86.727952, 27.6922528],
          [86.7279893, 27.6923159],
          [86.7280569, 27.6923481],
          [86.7280108, 27.6924406],
          [86.7279995, 27.6924725],
          [86.7279571, 27.6925676],
          [86.7279322, 27.6926123],
          [86.7279937, 27.6926838],
          [86.7280993, 27.692755],
          [86.7281929, 27.6928238],
          [86.7282625, 27.6929491],
          [86.7283487, 27.6930022],
          [86.7284828, 27.6930782],
          [86.7284664, 27.6931507],
          [86.7283729, 27.6932207],
          [86.7283058, 27.6933015],
          [86.7282039, 27.6933418],
          [86.7280698, 27.6934582],
          [86.7278728, 27.6934864],
          [86.7277345, 27.6935461],
          [86.7276039, 27.6936008],
          [86.7275548, 27.6936327],
          [86.7274301, 27.6936649],
          [86.7273426, 27.6937065],
          [86.7272611, 27.6937452],
          [86.7271103, 27.6939347],
          [86.7270046, 27.694123],
          [86.7268799, 27.6942786],
          [86.7268167, 27.6943942],
          [86.7268059, 27.6944489],
          [86.7268012, 27.6945187],
          [86.7267898, 27.6946149],
          [86.7265938, 27.6947249],
          [86.726516, 27.694841],
          [86.7264514, 27.6949862],
          [86.726365, 27.6950403],
          [86.7262486, 27.6950589],
          [86.7261781, 27.6950948],
          [86.726141, 27.6951714],
          [86.7260662, 27.6952489],
          [86.7260425, 27.6952986],
          [86.7259964, 27.6953973],
          [86.7259984, 27.6955188],
          [86.7259456, 27.6956361],
          [86.7258239, 27.6957123],
          [86.7257901, 27.6957722],
          [86.7257536, 27.6958088],
          [86.7256914, 27.6958444],
          [86.7256304, 27.6958861],
          [86.7255545, 27.6959633],
          [86.7255103, 27.6960335],
          [86.7254707, 27.6961816],
          [86.7254158, 27.6962315],
          [86.7253534, 27.6963004],
          [86.7253089, 27.6962859],
          [86.7252414, 27.6962547],
          [86.7251935, 27.6963043],
          [86.7250942, 27.6964409],
          [86.724951, 27.6965926],
          [86.7248434, 27.6966688],
          [86.7247304, 27.6966477],
          [86.7246442, 27.6967029],
          [86.7243782, 27.6968785],
          [86.7242342, 27.6969921],
          [86.7240733, 27.6971013],
          [86.7237626, 27.6973677],
          [86.723543, 27.6975139],
          [86.7234905, 27.6975546],
          [86.7234348, 27.697595],
          [86.7233779, 27.6976362],
          [86.7232943, 27.6976729],
          [86.7232358, 27.6977254],
          [86.7231733, 27.6978257],
          [86.7231348, 27.697983],
          [86.7229365, 27.698207],
          [86.7227874, 27.6983229],
          [86.7226698, 27.6983884],
          [86.7225497, 27.6984896],
          [86.7224645, 27.6986022],
          [86.7223652, 27.6986907],
          [86.7222439, 27.6987091],
          [86.7221206, 27.6988064],
          [86.7219511, 27.6989632],
          [86.7218631, 27.6990842],
          [86.7217217, 27.6991863],
          [86.7215609, 27.6992944],
          [86.7214347, 27.6993479],
          [86.7213507, 27.6994013],
          [86.7212636, 27.6994962],
          [86.7212247, 27.6995627],
          [86.7211778, 27.6996114],
          [86.7210705, 27.6997017],
          [86.7209659, 27.6998061],
          [86.720884, 27.6999332],
          [86.7208344, 27.7000175],
          [86.7207338, 27.7000662],
          [86.7206253, 27.700198],
          [86.7205617, 27.7002776],
          [86.7205126, 27.7003702],
          [86.7202538, 27.7005578],
          [86.7201009, 27.7006813],
          [86.7199561, 27.7008487],
          [86.7199011, 27.7009081],
          [86.7198555, 27.7009971],
          [86.7197678, 27.7010577],
          [86.7196798, 27.7011657],
          [86.7196046, 27.7012358],
          [86.7194968, 27.7013344],
          [86.7193753, 27.701465],
          [86.7192412, 27.7015849],
          [86.7190937, 27.7016859],
          [86.7189583, 27.7018045],
          [86.7188443, 27.701871],
          [86.7187236, 27.7019459],
          [86.718403, 27.702048],
          [86.7182542, 27.7020944],
          [86.718116, 27.7021002],
          [86.7177298, 27.7021014],
          [86.7175569, 27.7021644],
          [86.7174589, 27.702181],
          [86.7172736, 27.7022408],
          [86.7172663, 27.7022875],
          [86.7172223, 27.7023851],
          [86.717201, 27.7025017],
          [86.7171933, 27.7026154],
          [86.7172092, 27.7027467],
          [86.7172445, 27.7029226],
          [86.7172849, 27.7030503],
          [86.717337, 27.7032604],
          [86.7173906, 27.7033601],
          [86.7174376, 27.7034541],
          [86.717513, 27.7035749],
          [86.717555, 27.7036111],
          [86.7176638, 27.703762],
          [86.7177821, 27.7038969],
          [86.717852, 27.7039246],
          [86.7179728, 27.7040275],
          [86.7182801, 27.7042933],
          [86.718446, 27.7042518],
          [86.718614, 27.7042494],
          [86.7187585, 27.7042388],
          [86.7189575, 27.7042689],
          [86.7189976, 27.7043619],
          [86.7189308, 27.7043976],
          [86.7188443, 27.7044406],
          [86.7187379, 27.704521],
          [86.7186271, 27.7046852],
          [86.7185064, 27.7048182],
          [86.7183709, 27.7049524],
          [86.7182666, 27.7050839],
          [86.7179055, 27.7053133],
          [86.7177808, 27.7053371],
          [86.7172045, 27.7056326],
          [86.7169131, 27.7058584],
          [86.7168742, 27.7059308],
          [86.716593, 27.7062121],
          [86.7162791, 27.7064709],
          [86.7162734, 27.7064757],
          [86.7163016, 27.7065707],
          [86.7163486, 27.7066633],
          [86.716341, 27.7067495],
          [86.7162176, 27.7068547],
          [86.7161554, 27.7069566],
          [86.7162622, 27.7071121],
          [86.7164236, 27.7073793],
          [86.71648, 27.7074529],
          [86.7164545, 27.7075491],
          [86.7163472, 27.7075669],
          [86.7162117, 27.7075859],
          [86.715965, 27.7077901],
          [86.7158936, 27.7077989],
          [86.7158241, 27.7078732],
          [86.715828, 27.7079768],
          [86.7158636, 27.7080598],
          [86.7158946, 27.7081279],
          [86.715745, 27.7082817],
          [86.71567, 27.7084503],
          [86.7155432, 27.7087263],
          [86.7155229, 27.7087744],
          [86.7153912, 27.7089501],
          [86.7152247, 27.709076],
          [86.7151791, 27.7091099],
          [86.715065, 27.7091947],
          [86.7148128, 27.7094274],
          [86.7146886, 27.7095815],
          [86.7146695, 27.7097136],
          [86.7147175, 27.7099023],
          [86.7146963, 27.7100484],
          [86.7146373, 27.7101006],
          [86.7145944, 27.7101742],
          [86.7145083, 27.7103221],
          [86.7144761, 27.7104181],
          [86.7145407, 27.7104972],
          [86.7145595, 27.7105874],
          [86.7145222, 27.710689],
          [86.7144749, 27.7108286],
          [86.714423, 27.7110108],
          [86.7143776, 27.7112397],
          [86.7143046, 27.7113694],
          [86.7141854, 27.7115972],
          [86.7140042, 27.7117462],
          [86.7139613, 27.7118958],
          [86.7139319, 27.7119896],
          [86.7138608, 27.7120869],
          [86.7137831, 27.7122828],
          [86.7137321, 27.712411],
          [86.7136636, 27.7125345],
          [86.7136153, 27.7126456],
          [86.7137146, 27.7128195],
          [86.7137709, 27.7128551],
          [86.7137763, 27.712905],
          [86.7138702, 27.7130356],
          [86.7139855, 27.7131068],
          [86.7141035, 27.7132707],
          [86.7141545, 27.7134749],
          [86.7142886, 27.7136221],
          [86.71422, 27.7137559],
          [86.7142323, 27.713831],
          [86.714258, 27.7139486],
          [86.7143292, 27.7145434],
          [86.7143396, 27.7147512],
          [86.7143001, 27.7148915],
          [86.7141301, 27.7149029],
          [86.7141116, 27.7151786],
          [86.7141545, 27.7153436],
          [86.7141261, 27.7156005],
          [86.7141999, 27.7157116],
          [86.7143302, 27.7158731],
          [86.7144721, 27.7160353],
          [86.7145404, 27.716257],
          [86.7147177, 27.7163326],
          [86.7148146, 27.7164689],
          [86.7148867, 27.7166994],
          [86.7148946, 27.7167831],
          [86.7149068, 27.7168537],
          [86.7149618, 27.7168775],
          [86.7149994, 27.7169084],
          [86.7150798, 27.7169131],
          [86.7151611, 27.716961],
          [86.7151979, 27.71702],
          [86.7152595, 27.7171102],
          [86.7153333, 27.7172186],
          [86.7154688, 27.7172811],
          [86.71557, 27.7173499],
          [86.7156485, 27.7173951],
          [86.7157289, 27.7174782],
          [86.7158657, 27.7176326],
          [86.7158181, 27.7177279],
          [86.7158144, 27.7178533],
          [86.7158537, 27.7179436],
          [86.715859, 27.7180113],
          [86.7158897, 27.7180661],
          [86.7159068, 27.7181088],
          [86.7159368, 27.7182618],
          [86.7160012, 27.7183841],
          [86.7160114, 27.7184142],
          [86.7158074, 27.71855],
          [86.7157705, 27.7185705],
          [86.71561, 27.7186342],
          [86.7154829, 27.7186312],
          [86.7153414, 27.7186239],
          [86.7151972, 27.7186114],
          [86.7150678, 27.7185598],
          [86.7149129, 27.7185528],
          [86.7148116, 27.7185182],
          [86.7146847, 27.71844],
          [86.7145689, 27.7183271],
          [86.7144827, 27.7182679],
          [86.7141818, 27.7183577],
          [86.7141952, 27.7184613],
          [86.7140271, 27.7185051],
          [86.7138273, 27.718561],
          [86.7138144, 27.7186215],
          [86.7138004, 27.7186915],
          [86.7138233, 27.7187397],
          [86.7138503, 27.7188168],
          [86.7139278, 27.71891],
          [86.7139907, 27.7190509],
          [86.7140898, 27.7192224],
          [86.7141189, 27.7192979],
          [86.7142186, 27.7193317],
          [86.7143814, 27.7195201],
          [86.7144904, 27.7196626],
          [86.7144958, 27.7198952],
          [86.7145155, 27.7200203],
          [86.7145924, 27.720139],
          [86.7145598, 27.7202159],
          [86.7145756, 27.7203133],
          [86.7145575, 27.7205052],
          [86.7145095, 27.7207023],
          [86.7145112, 27.7208427],
          [86.714479, 27.7209532],
          [86.7144455, 27.7210908],
          [86.7143927, 27.7212114],
          [86.7143771, 27.7213805],
          [86.7143386, 27.7215367],
          [86.7143257, 27.7217616],
          [86.7142855, 27.7219319],
          [86.7142759, 27.722079],
          [86.7142977, 27.7222186],
          [86.7142859, 27.7223505],
          [86.7142899, 27.7224893],
          [86.7142618, 27.7225962],
          [86.7142609, 27.722771],
          [86.7142532, 27.7229226],
          [86.7142551, 27.7229915],
          [86.7142923, 27.7231518],
          [86.7143624, 27.7233069],
          [86.714424, 27.7234307],
          [86.7144815, 27.7235551],
          [86.7145282, 27.7236703],
          [86.7145568, 27.7238618],
          [86.7145635, 27.7240326],
          [86.7145843, 27.7241846],
          [86.7146118, 27.7242381],
          [86.7146419, 27.7242849],
          [86.714686, 27.7243154],
          [86.7146667, 27.72439],
          [86.7146463, 27.7244791],
          [86.7146394, 27.7245624],
          [86.7146279, 27.7246108],
          [86.714608, 27.7246514],
          [86.7146122, 27.7248443],
          [86.714571, 27.7249506],
          [86.7144697, 27.7252856],
          [86.7144923, 27.7253728],
          [86.7144982, 27.7254502],
          [86.714479, 27.7255665],
          [86.7144169, 27.7256787],
          [86.7143972, 27.7257338],
          [86.7144093, 27.7257884],
          [86.7143996, 27.7259254],
          [86.714404, 27.7260811],
          [86.7143825, 27.7261457],
          [86.7143463, 27.7261792],
          [86.7143315, 27.7262193],
          [86.7143476, 27.7262738],
          [86.7143407, 27.7263341],
          [86.7142766, 27.7264911],
          [86.7142457, 27.7265754],
          [86.7143409, 27.7266313],
          [86.7143368, 27.726699],
          [86.7142672, 27.7268247],
          [86.7142309, 27.726858],
          [86.7141948, 27.7268901],
          [86.7141947, 27.726953],
          [86.714119, 27.7270331],
          [86.7140423, 27.727125],
          [86.7139992, 27.7271768],
          [86.7139793, 27.7272581],
          [86.7139368, 27.7273077],
          [86.7138862, 27.7273667],
          [86.7139789, 27.7273804],
          [86.7139092, 27.7274784],
          [86.7139118, 27.7274788],
          [86.7139023, 27.7275783],
          [86.7139149, 27.7276709],
          [86.7139962, 27.7277424],
          [86.713971, 27.7277934],
          [86.7139185, 27.7278966],
          [86.7138876, 27.7279691],
          [86.7138567, 27.7280214],
          [86.7137688, 27.7280676],
          [86.7137173, 27.7281459],
          [86.7137091, 27.72828],
          [86.7136703, 27.7283763],
          [86.7136681, 27.7284777],
          [86.7136314, 27.7285473],
          [86.7136073, 27.728685],
          [86.7135992, 27.7288703],
          [86.7135268, 27.7289224],
          [86.7134665, 27.7289414],
          [86.7134383, 27.7289841],
          [86.7134439, 27.729027],
          [86.7134494, 27.7290946],
          [86.7134316, 27.7291931],
          [86.7134182, 27.7293474],
          [86.7134678, 27.7294604],
          [86.7135517, 27.7295874],
          [86.7136229, 27.7297281],
          [86.7136381, 27.7297581],
          [86.7136663, 27.7299243],
          [86.7136596, 27.7300798],
          [86.7136689, 27.7302353],
          [86.7136784, 27.7304026],
          [86.7136715, 27.7305013],
          [86.7136506, 27.7305728],
          [86.7136744, 27.7306294],
          [86.7136665, 27.730686],
          [86.7136328, 27.7307731],
          [86.7136027, 27.7308442],
          [86.7135797, 27.7309606],
          [86.7135598, 27.7310751],
          [86.7134986, 27.7311666],
          [86.7134222, 27.7313428],
          [86.7134028, 27.731455],
          [86.7133629, 27.7316036],
          [86.7133237, 27.7317055],
          [86.7132955, 27.7317441],
          [86.7132324, 27.7319192],
          [86.7132078, 27.7320891],
          [86.7131379, 27.7323601],
          [86.7130467, 27.7324723],
          [86.7129729, 27.7325869],
          [86.7129345, 27.732733],
          [86.7129448, 27.7329098],
          [86.7129421, 27.7330878],
          [86.7128666, 27.7332127],
          [86.7128375, 27.733343],
          [86.712753, 27.7334047],
          [86.7126668, 27.7334787],
          [86.7126498, 27.7335602],
          [86.7126149, 27.7336611],
          [86.7126001, 27.7336635],
          [86.7126031, 27.7337715],
          [86.7125532, 27.7338985],
          [86.7125559, 27.7339769],
          [86.7125384, 27.7340849],
          [86.7123695, 27.7342653],
          [86.7122085, 27.7345894],
          [86.7121227, 27.7346702],
          [86.7120337, 27.7347703],
          [86.7119538, 27.7348849],
          [86.7119543, 27.7349871],
          [86.7119509, 27.7351112],
          [86.71193, 27.7352445],
          [86.7118959, 27.7353371],
          [86.7118746, 27.7354191],
          [86.7117968, 27.7355034],
          [86.7117512, 27.735647],
          [86.7117392, 27.7357194],
          [86.7117231, 27.7357824],
          [86.7117164, 27.7358512],
          [86.7117137, 27.7359165],
          [86.7117512, 27.7359948],
          [86.7117821, 27.7360364],
          [86.7118393, 27.7361346],
          [86.7117992, 27.7363666],
          [86.7118075, 27.7364637],
          [86.7118397, 27.7366228],
          [86.7118823, 27.7367036],
          [86.7120114, 27.7369634],
          [86.7120516, 27.737113],
          [86.7120838, 27.737291],
          [86.7122334, 27.7374713],
          [86.7122348, 27.7376203],
          [86.7122367, 27.7376899],
          [86.7122099, 27.7377516],
          [86.7121696, 27.7377967],
          [86.7121509, 27.7378347],
          [86.7120838, 27.7379463],
          [86.7120489, 27.7380222],
          [86.7120114, 27.7380721],
          [86.7118669, 27.7383728],
          [86.7118236, 27.7384436],
          [86.7118383, 27.7385208],
          [86.7118639, 27.738603],
          [86.7118906, 27.7386537],
          [86.7119454, 27.7387287],
          [86.7119725, 27.7388175],
          [86.712061, 27.7389018],
          [86.7121843, 27.7390646],
          [86.7122452, 27.7391823],
          [86.7122769, 27.739259],
          [86.7123024, 27.7393505],
          [86.7123337, 27.7394595],
          [86.7123592, 27.7395195],
          [86.712388, 27.739606],
          [86.7124279, 27.7396722],
          [86.7124432, 27.7397684],
          [86.7125037, 27.7399009],
          [86.7125841, 27.7399924],
          [86.7126994, 27.7399879],
          [86.7127898, 27.7401077],
          [86.7127061, 27.7401805],
          [86.7125601, 27.7402737],
          [86.712553, 27.7403348],
          [86.7125674, 27.7404322],
          [86.7126077, 27.7405472],
          [86.712665, 27.740598],
          [86.7126672, 27.7406419],
          [86.7126873, 27.7406763],
          [86.7127071, 27.7407302],
          [86.7127839, 27.7408449],
          [86.7128181, 27.7410026],
          [86.7128531, 27.7412085],
          [86.7128847, 27.7413369],
          [86.7129359, 27.7415498],
          [86.7129596, 27.7417173],
          [86.7129569, 27.7418075],
          [86.7130304, 27.7418859],
          [86.7133136, 27.7421576],
          [86.7133594, 27.7421507],
          [86.7133914, 27.7421458],
          [86.7134544, 27.7422217],
          [86.7134491, 27.742274],
          [86.713492, 27.7423832],
          [86.71361, 27.7424591],
          [86.7137785, 27.7427588],
          [86.7138621, 27.7434348],
          [86.7136967, 27.743485],
          [86.712986, 27.7436608],
          [86.7128386, 27.7437259],
          [86.7127543, 27.7437469],
          [86.7126863, 27.7436183],
          [86.7122587, 27.7438272],
          [86.7122758, 27.7438504],
          [86.7123815, 27.7440279],
          [86.7124426, 27.7441587],
          [86.7124808, 27.7443831],
          [86.7125573, 27.7445178],
          [86.7125747, 27.7446834],
          [86.7124321, 27.744822],
          [86.7124258, 27.7449042],
          [86.7124486, 27.7449837],
          [86.7125261, 27.7450786],
          [86.7125693, 27.7452152],
          [86.712602, 27.745537],
          [86.7125317, 27.7456519],
          [86.7124774, 27.745711],
          [86.7123384, 27.7458338],
          [86.7122196, 27.7459224],
          [86.712175, 27.7460365],
          [86.7121184, 27.7461786],
          [86.7121437, 27.7465243],
          [86.7122126, 27.7466537],
          [86.7122233, 27.7469267],
          [86.7122816, 27.7472894],
          [86.7124648, 27.7477664],
          [86.7124035, 27.7482035],
          [86.7124298, 27.7484791],
          [86.7123911, 27.7487145],
          [86.7122618, 27.7489979],
          [86.7120557, 27.7495081],
          [86.7118612, 27.7497728],
          [86.7118625, 27.7498036],
          [86.7116131, 27.7500719],
          [86.7112225, 27.7503825],
          [86.7112102, 27.7505081],
          [86.7111906, 27.7505799],
          [86.7111381, 27.7506537],
          [86.7110887, 27.7508576],
          [86.7110485, 27.7509965],
          [86.7108863, 27.7511122],
          [86.7107478, 27.751222],
          [86.7106274, 27.7513229],
          [86.7105616, 27.7513709],
          [86.7104903, 27.7514164],
          [86.7104343, 27.7515092],
          [86.7103693, 27.7515943],
          [86.7104162, 27.7517185],
          [86.7103417, 27.7518071],
          [86.7103001, 27.7518569],
          [86.7103323, 27.7518973],
          [86.7103886, 27.7519542],
          [86.7102639, 27.751972],
          [86.71024, 27.7520409],
          [86.7101043, 27.7520587],
          [86.7098834, 27.752114],
          [86.7097626, 27.7521757],
          [86.7098299, 27.7523325],
          [86.710086, 27.7523664],
          [86.7102348, 27.7523769],
          [86.7104638, 27.7524029],
          [86.7104477, 27.7525619],
          [86.7104048, 27.7526735],
          [86.7103873, 27.7527945],
          [86.7103781, 27.7528281],
          [86.7103431, 27.7529547],
          [86.7104208, 27.7530877],
          [86.7104133, 27.7531572],
          [86.7104273, 27.7532116],
          [86.7104, 27.7533848],
          [86.710467, 27.7535545],
          [86.7104932, 27.7536513],
          [86.7105407, 27.753748],
          [86.7105059, 27.7538465],
          [86.7105112, 27.7539592],
          [86.7104791, 27.7541254],
          [86.7104273, 27.7545118],
          [86.7103862, 27.7545892],
          [86.7103637, 27.754653],
          [86.7104691, 27.7547741],
          [86.7105274, 27.7548821],
          [86.7104369, 27.7551919],
          [86.7103296, 27.7552821],
          [86.7103672, 27.7554388],
          [86.7102921, 27.7556666],
          [86.7101553, 27.7558945],
          [86.7100292, 27.7560654],
          [86.7100185, 27.756101],
          [86.7100286, 27.756116],
          [86.7100291, 27.7562284],
          [86.7100409, 27.7563221],
          [86.710042, 27.7565053],
          [86.7100407, 27.7567023],
          [86.7100381, 27.7569709],
          [86.7100623, 27.7571487],
          [86.7101791, 27.7572853],
          [86.710024, 27.7573563],
          [86.7100003, 27.7576158],
          [86.709988, 27.7577094],
          [86.7100027, 27.7577724],
          [86.7099866, 27.7578211],
          [86.7100107, 27.7579243],
          [86.7099665, 27.757986],
          [86.7099398, 27.7580557],
          [86.7099497, 27.7582009],
          [86.7099799, 27.7582483],
          [86.709979, 27.7584787],
          [86.7099946, 27.7585284],
          [86.7100724, 27.7585782],
          [86.7100845, 27.7586352],
          [86.7100483, 27.758723],
          [86.7100858, 27.7588607],
          [86.7100893, 27.758948],
          [86.7100539, 27.7589974],
          [86.7101609, 27.7591835],
          [86.7101636, 27.7592428],
          [86.7104235, 27.7594399],
          [86.7104879, 27.7594429],
          [86.7105856, 27.7595044],
          [86.7106703, 27.759583],
          [86.7106904, 27.7596791],
          [86.7107588, 27.7597646],
          [86.710924, 27.7600269],
          [86.7112585, 27.7603857],
          [86.7113139, 27.7603993],
          [86.7113541, 27.7604289],
          [86.7114631, 27.7605694],
          [86.7115357, 27.760733],
          [86.7117445, 27.760873],
          [86.7118116, 27.760924],
          [86.7118773, 27.7610284],
          [86.7119658, 27.7611661],
          [86.711976, 27.7612917],
          [86.7120583, 27.7613441],
          [86.7121147, 27.7613572],
          [86.712171, 27.7613429],
          [86.7122394, 27.7613773],
          [86.7122917, 27.7613773],
          [86.7124433, 27.7614541],
          [86.7125961, 27.7615162],
          [86.7126511, 27.7615732],
          [86.7128638, 27.7616935],
          [86.7129515, 27.7616408],
          [86.7130306, 27.7615601],
          [86.713051, 27.7614574],
          [86.7131412, 27.7614087],
          [86.7132417, 27.761412],
          [86.7135565, 27.7614104],
          [86.713678, 27.7614675],
          [86.7137533, 27.7615868],
          [86.713796, 27.7617106],
          [86.7138508, 27.7617525],
          [86.7139462, 27.7617883],
          [86.714084, 27.7617979],
          [86.7142645, 27.7618983],
          [86.7142956, 27.7619398],
          [86.7144363, 27.7618962],
          [86.714506, 27.7618902],
          [86.7145541, 27.7619268],
          [86.7146278, 27.7619754],
          [86.7146703, 27.7619686],
          [86.7147084, 27.7619363],
          [86.7147741, 27.7618319],
          [86.7148217, 27.7618084],
          [86.7147684, 27.7617131],
          [86.7147571, 27.7616492],
          [86.7147808, 27.7616147],
          [86.714821, 27.7616016],
          [86.7148728, 27.7616079],
          [86.7149578, 27.7615992],
          [86.7150168, 27.7615742],
          [86.715065, 27.761565],
          [86.7151282, 27.7614874],
          [86.7152199, 27.7615044],
          [86.7153835, 27.761554],
          [86.7154563, 27.761499],
          [86.7155102, 27.761413],
          [86.715594, 27.7613333],
          [86.7156799, 27.7613393],
          [86.7157544, 27.7613115],
          [86.7158127, 27.7612979],
          [86.7158676, 27.7612953],
          [86.7159386, 27.7612515],
          [86.7159542, 27.7613133],
          [86.7160508, 27.7613501],
          [86.7161694, 27.7613878],
          [86.7162414, 27.761435],
          [86.7162857, 27.7614958],
          [86.7162817, 27.7615586],
          [86.7163356, 27.7616305],
          [86.7164102, 27.7616996],
          [86.7165049, 27.761742],
          [86.7167035, 27.7618055],
          [86.7168085, 27.7618236],
          [86.7169212, 27.7618711],
          [86.7169955, 27.7619154],
          [86.7171036, 27.7620491],
          [86.7171973, 27.7620881],
          [86.717266, 27.7621979],
          [86.7173094, 27.762289],
          [86.7173845, 27.7623545],
          [86.7174277, 27.7624312],
          [86.7174062, 27.7625239],
          [86.7174362, 27.7626056],
          [86.7175032, 27.7626744],
          [86.7176891, 27.7627826],
          [86.7178031, 27.7628395],
          [86.7178769, 27.7629001],
          [86.7179719, 27.7629884],
          [86.7180875, 27.7630888],
          [86.718235, 27.7631493],
          [86.7184214, 27.7632086],
          [86.7188502, 27.7633352],
          [86.7189743, 27.763376],
          [86.7190923, 27.7633653],
          [86.7191449, 27.7633594],
          [86.7193922, 27.7635361],
          [86.7199663, 27.7638919],
          [86.7199494, 27.763948],
          [86.7199295, 27.7640271],
          [86.7198908, 27.7641838],
          [86.7201851, 27.7641522],
          [86.7212394, 27.7640132],
          [86.7214902, 27.7640524],
          [86.7216592, 27.7640477],
          [86.721737, 27.7640535],
          [86.7218411, 27.7640889],
          [86.7220053, 27.7642445],
          [86.722078, 27.7643794],
          [86.7221153, 27.7644059],
          [86.7221636, 27.7645032],
          [86.7223285, 27.7646216],
          [86.7224237, 27.7647547],
          [86.7224988, 27.7648805],
          [86.7225525, 27.7650277],
          [86.7226464, 27.7650965],
          [86.7227576, 27.7653415],
          [86.7227899, 27.7654134],
          [86.7229106, 27.765449],
          [86.7229989, 27.7654602],
          [86.723042, 27.7655178],
          [86.7230353, 27.7655617],
          [86.7229876, 27.7656877],
          [86.7230648, 27.7658062],
          [86.723097, 27.7658643],
          [86.7231868, 27.7659462],
          [86.723278, 27.7660031],
          [86.7233589, 27.7660746],
          [86.7234092, 27.7661185],
          [86.7234849, 27.766186],
          [86.7234738, 27.7662607],
          [86.723388, 27.7662607],
          [86.7233579, 27.7662858],
          [86.7233451, 27.76639],
          [86.7233647, 27.7664135],
          [86.7233821, 27.7665465],
          [86.7233585, 27.7666297],
          [86.7232893, 27.7667517],
          [86.7232566, 27.7668932],
          [86.7232335, 27.7669886],
          [86.7232079, 27.7670852],
          [86.7231944, 27.7671945],
          [86.7231709, 27.7673219],
          [86.7231518, 27.7674948],
          [86.7231483, 27.7676724],
          [86.7231425, 27.7678987],
          [86.723074, 27.7681614],
          [86.7230584, 27.768221],
          [86.7230218, 27.7684654],
          [86.7230345, 27.7687799],
          [86.723044, 27.7688223],
          [86.723072, 27.768864],
          [86.7234849, 27.7692487],
          [86.7237437, 27.7694855],
          [86.7237856, 27.7694682],
          [86.7238192, 27.7695121],
          [86.7237863, 27.7695181],
          [86.7238055, 27.7695323],
          [86.7239006, 27.7697073],
          [86.7240076, 27.7697067],
          [86.7239781, 27.7697506],
          [86.723958, 27.769791],
          [86.723966, 27.7698207],
          [86.7238922, 27.7698681],
          [86.7240009, 27.7698764],
          [86.724139, 27.7699488],
          [86.7243646, 27.7700893],
          [86.724139, 27.7701268],
          [86.7241417, 27.7701731],
          [86.7240036, 27.770166],
          [86.7237724, 27.7701368],
          [86.7236401, 27.7704223],
          [86.7235542, 27.7706537],
          [86.7234044, 27.7709408],
          [86.7232955, 27.7710962],
          [86.723227, 27.7712363],
          [86.7231466, 27.7713372],
          [86.7230782, 27.7714476],
          [86.7229508, 27.7715555],
          [86.7228663, 27.7716587],
          [86.7228207, 27.7717703],
          [86.7227362, 27.7718439],
          [86.7227422, 27.7720314],
          [86.722755, 27.7721275],
          [86.7227617, 27.7721761],
          [86.7227818, 27.7722105],
          [86.7228771, 27.7723352],
          [86.7229194, 27.7725631],
          [86.7229065, 27.7726282],
          [86.722881, 27.772684],
          [86.7228649, 27.772811],
          [86.7228757, 27.7728869],
          [86.7228153, 27.7729984],
          [86.7227483, 27.773104],
          [86.7227248, 27.773164],
          [86.7227108, 27.7732263],
          [86.7226839, 27.7732701],
          [86.7226021, 27.7733841],
          [86.7224361, 27.773553],
          [86.722244, 27.7737899],
          [86.7222255, 27.7738171],
          [86.7222186, 27.7738272],
          [86.7222118, 27.7738611],
          [86.7221636, 27.7739323],
          [86.7222078, 27.7739679],
          [86.7221984, 27.7740165],
          [86.7221126, 27.7740427],
          [86.7220147, 27.7740925],
          [86.7220683, 27.7741376],
          [86.7220817, 27.7741589],
          [86.7220335, 27.7741993],
          [86.7219718, 27.7741993],
          [86.7219771, 27.7742289],
          [86.7220327, 27.7742786],
          [86.7219704, 27.774299],
          [86.7219919, 27.7743808],
          [86.7219718, 27.7744117],
          [86.721935, 27.7744005],
          [86.7219425, 27.7745741],
          [86.7219557, 27.7747131],
          [86.7219892, 27.7748602],
          [86.722004, 27.7750299],
          [86.7219598, 27.7751097],
          [86.7220509, 27.7752648],
          [86.7220174, 27.7752803],
          [86.7220201, 27.7753538],
          [86.7219973, 27.775431],
          [86.7220911, 27.7755271],
          [86.7220657, 27.775584],
          [86.7220578, 27.7757754],
          [86.7220494, 27.7758644],
          [86.7220831, 27.7759851],
          [86.7220764, 27.7760551],
          [86.722061, 27.7761684],
          [86.7220781, 27.7761873],
          [86.7221823, 27.7762105],
          [86.7221817, 27.7762539],
          [86.7221569, 27.776328],
          [86.7221716, 27.7763642],
          [86.7222011, 27.7763861],
          [86.7222226, 27.7764311],
          [86.7210533, 27.7769603],
          [86.721139, 27.777015],
          [86.721155, 27.7770471],
          [86.7211564, 27.7770934],
          [86.7212409, 27.7771859],
          [86.7212436, 27.7772891],
          [86.7212918, 27.7773425],
          [86.7213669, 27.7773674],
          [86.7214742, 27.7774019],
          [86.7215444, 27.7774888],
          [86.7217183, 27.7776036],
          [86.7217746, 27.7776688],
          [86.7217924, 27.7777366],
          [86.7218926, 27.7779145],
          [86.7219221, 27.7780022],
          [86.7219999, 27.7781173],
          [86.7220549, 27.7782075],
          [86.7220335, 27.7782491],
          [86.7220482, 27.7782894],
          [86.7221113, 27.778427],
          [86.7221542, 27.7785682],
          [86.7222092, 27.778618],
          [86.7222733, 27.7788603],
          [86.7223942, 27.7790998],
          [86.7224264, 27.7792303],
          [86.7224613, 27.7794107],
          [86.7224841, 27.7795293],
          [86.7224989, 27.7796219],
          [86.7224734, 27.7797108],
          [86.7224453, 27.779835],
          [86.7224037, 27.7799565],
          [86.7223567, 27.7800704],
          [86.7223017, 27.7802413],
          [86.7222199, 27.7802994],
          [86.7222332, 27.7804198],
          [86.7231079, 27.7806755],
          [86.7232887, 27.7806862],
          [86.72327, 27.7807277],
          [86.723223, 27.7807099],
          [86.7232163, 27.7807657],
          [86.7231741, 27.7808131],
          [86.7231386, 27.7808618],
          [86.7230822, 27.780933],
          [86.7230138, 27.7810208],
          [86.7228733, 27.7812313],
          [86.7228058, 27.7813501],
          [86.72278, 27.7813493],
          [86.7227111, 27.7813423],
          [86.722684, 27.7814886],
          [86.7226184, 27.7816363],
          [86.7226556, 27.7818649],
          [86.722669, 27.781961],
          [86.7225968, 27.7820471],
          [86.7225565, 27.7821895],
          [86.7224536, 27.7824564],
          [86.7223808, 27.7826178],
          [86.722354, 27.782771],
          [86.7223597, 27.7830098],
          [86.722366, 27.7831613],
          [86.7223272, 27.78328],
          [86.7223326, 27.7833773],
          [86.7223554, 27.7835528],
          [86.7224364, 27.7837835],
          [86.7223835, 27.7839658],
          [86.7222589, 27.7841871],
          [86.7221904, 27.7844735],
          [86.7221113, 27.7847072],
          [86.7220053, 27.7849173],
          [86.7219292, 27.7850711],
          [86.7218551, 27.7851783],
          [86.721802, 27.7854084],
          [86.7217424, 27.7854963],
          [86.7217005, 27.7855579],
          [86.7215466, 27.7856636],
          [86.7215208, 27.7857127],
          [86.721426, 27.7858605],
          [86.7213683, 27.7859554],
          [86.7212945, 27.7860516],
          [86.7212212, 27.786163],
          [86.7212171, 27.7862888],
          [86.7212357, 27.7864529],
          [86.7212168, 27.7865858],
          [86.7208971, 27.7866161],
          [86.72056, 27.7866113],
          [86.7203593, 27.7867252],
          [86.7202551, 27.7867919],
          [86.7201586, 27.786932],
          [86.7201372, 27.7870696],
          [86.7200714, 27.7871645],
          [86.719999, 27.7872368],
          [86.7199239, 27.78735],
          [86.7198408, 27.7875062],
          [86.7197348, 27.7876865],
          [86.7196409, 27.7879132],
          [86.7196074, 27.788084],
          [86.7194532, 27.788224],
          [86.7195137, 27.7882897],
          [86.7195081, 27.7883414],
          [86.7195497, 27.7884125],
          [86.7195671, 27.7884849],
          [86.7195685, 27.7885371],
          [86.7195752, 27.7886332],
          [86.7195994, 27.7887057],
          [86.7196356, 27.7887306],
          [86.7196149, 27.7887674],
          [86.7195632, 27.7889536],
          [86.7195522, 27.7890168],
          [86.7195621, 27.7890852],
          [86.7195882, 27.7891894],
          [86.7195243, 27.7892953],
          [86.7194888, 27.7893871],
          [86.7194562, 27.7895109],
          [86.7194102, 27.7895968],
          [86.7193848, 27.7896916],
          [86.7193667, 27.7898012],
          [86.7193976, 27.789879],
          [86.7195027, 27.7898492],
          [86.7195404, 27.7899111],
          [86.7195846, 27.7899678],
          [86.7196021, 27.7900274],
          [86.7196101, 27.790127],
          [86.7195806, 27.7901816],
          [86.7194948, 27.7902302],
          [86.7194733, 27.7902326],
          [86.7184111, 27.7902872],
          [86.718328, 27.7902955],
          [86.7183092, 27.7902694],
          [86.7181524, 27.7903216],
          [86.7180645, 27.790401],
          [86.7179706, 27.7905085],
          [86.717944, 27.7905596],
          [86.7180102, 27.7905517],
          [86.7180544, 27.7905529],
          [86.7181223, 27.790562],
          [86.7180195, 27.7906146],
          [86.7179619, 27.7906549],
          [86.7178237, 27.7907416],
          [86.7176534, 27.7908483],
          [86.717574, 27.790953],
          [86.7175864, 27.7909705],
          [86.7177553, 27.7909338],
          [86.7176932, 27.7909925],
          [86.7176186, 27.7910299],
          [86.7175569, 27.791088],
          [86.7174647, 27.7912054],
          [86.7177111, 27.7911924],
          [86.7177796, 27.7912225],
          [86.7177835, 27.7912743],
          [86.7176816, 27.7913099],
          [86.7176454, 27.7913549],
          [86.7174953, 27.7914529],
          [86.7175139, 27.7914854],
          [86.7176279, 27.7914665],
          [86.7177023, 27.7914981],
          [86.7173767, 27.7916116],
          [86.7172058, 27.7916158],
          [86.7169721, 27.7916195],
          [86.7168936, 27.7916209],
          [86.7167574, 27.7915958],
          [86.7167336, 27.7915295],
          [86.7165753, 27.7916259],
          [86.7164608, 27.7917381],
          [86.7164163, 27.7917717],
          [86.716294, 27.7918662],
          [86.7161641, 27.7919532],
          [86.7160491, 27.792025],
          [86.7159174, 27.7920681],
          [86.7158509, 27.7921089],
          [86.7158309, 27.7921961],
          [86.7157913, 27.7922756],
          [86.7157558, 27.79231],
          [86.7157785, 27.7923075],
          [86.7157786, 27.7923337],
          [86.7158505, 27.7923147],
          [86.7159221, 27.7922661],
          [86.7159516, 27.7922863],
          [86.7158711, 27.7924073],
          [86.7158698, 27.7924476],
          [86.7158563, 27.7925746],
          [86.7157911, 27.7926755],
          [86.7158134, 27.7927187],
          [86.7157276, 27.7927929],
          [86.7157474, 27.792834],
          [86.715802, 27.792797],
          [86.7158282, 27.7928195],
          [86.7157499, 27.7929135],
          [86.7156991, 27.7929852],
          [86.7156743, 27.7930968],
          [86.7157316, 27.7930966],
          [86.7158563, 27.7930384],
          [86.715926, 27.7929942],
          [86.7159502, 27.7930206],
          [86.7159261, 27.7930622],
          [86.7158858, 27.7931049],
          [86.7158641, 27.7931635],
          [86.7159328, 27.7931393],
          [86.7159853, 27.7930967],
          [86.715973, 27.7931808],
          [86.7159489, 27.793252],
          [86.7159093, 27.7933421],
          [86.7158778, 27.793411],
          [86.7158202, 27.7934613],
          [86.7157859, 27.7935149],
          [86.7157932, 27.7935777],
          [86.7157576, 27.7937638],
          [86.7157102, 27.7939982],
          [86.7157902, 27.7940827],
          [86.7157781, 27.7941693],
          [86.7157334, 27.7942904],
          [86.715657, 27.7944339],
          [86.71556, 27.7945155],
          [86.7154372, 27.7946172],
          [86.7154634, 27.7947907],
          [86.7154339, 27.7949022],
          [86.7154554, 27.795066],
          [86.7153787, 27.7951212],
          [86.7153093, 27.7951823],
          [86.7152107, 27.7952314],
          [86.7150423, 27.7951988],
          [86.7149411, 27.7951943],
          [86.714817, 27.7953151],
          [86.7147537, 27.7953652],
          [86.714733, 27.7953816],
          [86.7146319, 27.7954966],
          [86.71453, 27.795569],
          [86.7144334, 27.7956307],
          [86.7143441, 27.7956448],
          [86.7142564, 27.7956876],
          [86.7141719, 27.7956864],
          [86.7141066, 27.7956672],
          [86.7139962, 27.7956793],
          [86.7139225, 27.7956378],
          [86.7138569, 27.7956367],
          [86.7138299, 27.7956746],
          [86.7137713, 27.795708],
          [86.7135978, 27.7958937],
          [86.7134813, 27.7958751],
          [86.713401, 27.7959867],
          [86.7131691, 27.7961627],
          [86.713036, 27.7963366],
          [86.712926, 27.7963831],
          [86.7128008, 27.7965302],
          [86.7127249, 27.7965952],
          [86.7124835, 27.7967791],
          [86.7123285, 27.7968409],
          [86.7122756, 27.7970341],
          [86.7121992, 27.7971227],
          [86.7121066, 27.7971895],
          [86.7120489, 27.7972773],
          [86.7118543, 27.7973783],
          [86.7117955, 27.7973888],
          [86.7116761, 27.7974055],
          [86.7115945, 27.7974994],
          [86.7115987, 27.7975679],
          [86.7115635, 27.7976653],
          [86.7115903, 27.7977412],
          [86.711647, 27.7979033],
          [86.7117083, 27.797969],
          [86.7117191, 27.7980001],
          [86.7117526, 27.7980959],
          [86.7117378, 27.7982786],
          [86.711768, 27.7983333],
          [86.7117566, 27.7984115],
          [86.7117552, 27.7985455],
          [86.7116775, 27.7985989],
          [86.7115045, 27.798663],
          [86.71142, 27.7986653],
          [86.7112927, 27.7987328],
          [86.7112657, 27.7988492],
          [86.7112014, 27.7989145],
          [86.7111987, 27.7989892],
          [86.7111745, 27.7990853],
          [86.7111427, 27.7990994],
          [86.7111021, 27.7991743],
          [86.7111316, 27.799236],
          [86.7111182, 27.7992787],
          [86.7111504, 27.7993107],
          [86.7111075, 27.7993332],
          [86.711078, 27.79937],
          [86.7110203, 27.7993795],
          [86.7109389, 27.7993783],
          [86.7108715, 27.7994092],
          [86.710799, 27.799421],
          [86.7107233, 27.7994812],
          [86.710732, 27.7995764],
          [86.7107655, 27.7996429],
          [86.7108259, 27.7997971],
          [86.7108453, 27.799969],
          [86.710842, 27.800153],
          [86.7109682, 27.800281],
          [86.7110284, 27.8004852],
          [86.7111452, 27.8006537],
          [86.7112031, 27.8007439],
          [86.711293, 27.8009077],
          [86.7113315, 27.8010546],
          [86.7113775, 27.8011497],
          [86.7113945, 27.8012017],
          [86.7113945, 27.8013227],
          [86.7114231, 27.8013763],
          [86.7114374, 27.801484],
          [86.7114473, 27.8016195],
          [86.7112887, 27.8019843],
          [86.7112847, 27.8020451],
          [86.7112993, 27.8020985],
          [86.7112819, 27.8021538],
          [86.7112552, 27.8021961],
          [86.7111869, 27.8023107],
          [86.7110566, 27.8024366],
          [86.7110056, 27.8024698],
          [86.7109208, 27.8024932],
          [86.710882, 27.8024977],
          [86.7107346, 27.8025205],
          [86.7106928, 27.8024745],
          [86.7106235, 27.8024576],
          [86.7104853, 27.8024793],
          [86.7103765, 27.8025205],
          [86.710222, 27.8024149],
          [86.7100708, 27.8023938],
          [86.7100347, 27.8023864],
          [86.7099691, 27.8024792],
          [86.7098998, 27.8025822],
          [86.7098704, 27.8026459],
          [86.7098386, 27.802711],
          [86.7097726, 27.8028038],
          [86.7097205, 27.8028632],
          [86.7096819, 27.8028958],
          [86.7096666, 27.8029809],
          [86.7097154, 27.8031294],
          [86.709753, 27.8032466],
          [86.7097529, 27.803304],
          [86.7097342, 27.8033299],
          [86.7096969, 27.8034149],
          [86.7097087, 27.8034794],
          [86.7097566, 27.8035667],
          [86.7100757, 27.8039586],
          [86.7102264, 27.8041603],
          [86.7104165, 27.804329],
          [86.7103963, 27.8043702],
          [86.7103376, 27.8044352],
          [86.7104275, 27.8045756],
          [86.7103681, 27.8046163],
          [86.710394, 27.8046685],
          [86.7104155, 27.8046751],
          [86.710495, 27.8048383],
          [86.7105936, 27.805068]
        ]
      },
      "id": "relation/20257603"
    }
  ]
}
