{
  "type": "FeatureCollection",
  "features": [
    {
      "type": "Feature",
      "properties": {},
      "geometry": {
        "type": "LineString",
        "coordinates": [
          [
            83.76785,
            28.29816
          ],
          [
            83.76792,
            28.2983
          ],
          [
            83.76797,
            28.29839
          ],
          [
            83.76813,
            28.29869
          ],
          [
            83.76842,
            28.29909
          ],
          [
            83.76851,
            28.29921
          ],
          [
            83.76882,
            28.29955
          ],
          [
            83.76906,
            28.29953
          ],
          [
            83.76906,
            28.29953
          ],
          [
            83.76918,
            28.29959
          ],
          [
            83.76939,
            28.29969
          ],
          [
            83.76949,
            28.2998
          ],
          [
            83.76966,
            28.29985
          ],
          [
            83.76978,
            28.29995
          ],
          [
            83.76988,
            28.30019
          ],
          [
            83.76992,
            28.30032
          ],
          [
            83.77009,
            28.30031
          ],
          [
            83.77006,
            28.30044
          ],
          [
            83.77006,
            28.30044
          ],
          [
            83.76981,
            28.30052
          ],
          [
            83.76961,
            28.30064
          ],
          [
            83.76962,
            28.30073
          ],
          [
            83.76963,
            28.30117
          ],
          [
            83.76961,
            28.30144
          ],
          [
            83.7695,
            28.30166
          ],
          [
            83.76945,
            28.30191
          ],
          [
            83.76948,
            28.30218
          ],
          [
            83.76957,
            28.30246
          ],
          [
            83.76969,
            28.30266
          ],
          [
            83.76978,
            28.30277
          ],
          [
            83.76994,
            28.30297
          ],
          [
            83.76994,
            28.30297
          ],
          [
            83.77001,
            28.30302
          ],
          [
            83.7702,
            28.30316
          ],
          [
            83.77065,
            28.30337
          ],
          [
            83.77099,
            28.3037
          ],
          [
            83.77092,
            28.30427
          ],
          [
            83.77099,
            28.30464
          ],
          [
            83.77098,
            28.30487
          ],
          [
            83.77108,
            28.30535
          ],
          [
            83.77115,
            28.30553
          ],
          [
            83.77125,
            28.30567
          ],
          [
            83.77131,
            28.30573
          ],
          [
            83.77137,
            28.30578
          ],
          [
            83.77145,
            28.30582
          ],
          [
            83.77159,
            28.30585
          ],
          [
            83.77174,
            28.30591
          ],
          [
            83.77204,
            28.30602
          ],
          [
            83.77235,
            28.30613
          ],
          [
            83.7727,
            28.30627
          ],
          [
            83.77283,
            28.30634
          ],
          [
            83.77297,
            28.30643
          ],
          [
            83.77311,
            28.30658
          ],
          [
            83.77326,
            28.30671
          ],
          [
            83.77353,
            28.30687
          ],
          [
            83.7738,
            28.30704
          ],
          [
            83.77394,
            28.30714
          ],
          [
            83.7741,
            28.30726
          ],
          [
            83.77421,
            28.30737
          ],
          [
            83.77433,
            28.30763
          ],
          [
            83.77442,
            28.30779
          ],
          [
            83.77452,
            28.30794
          ],
          [
            83.7746,
            28.30801
          ],
          [
            83.77464,
            28.30804
          ],
          [
            83.77467,
            28.3081
          ],
          [
            83.77467,
            28.30822
          ],
          [
            83.77469,
            28.30831
          ],
          [
            83.77475,
            28.30841
          ],
          [
            83.77483,
            28.30855
          ],
          [
            83.77498,
            28.30878
          ],
          [
            83.77509,
            28.30898
          ],
          [
            83.77517,
            28.30909
          ],
          [
            83.77523,
            28.30912
          ],
          [
            83.77528,
            28.30915
          ],
          [
            83.77531,
            28.30919
          ],
          [
            83.77533,
            28.30923
          ],
          [
            83.77534,
            28.30931
          ],
          [
            83.77534,
            28.30957
          ],
          [
            83.77534,
            28.30957
          ],
          [
            83.77534,
            28.30966
          ],
          [
            83.77515,
            28.30964
          ],
          [
            83.77516,
            28.30958
          ],
          [
            83.77504,
            28.30958
          ],
          [
            83.77492,
            28.30956
          ],
          [
            83.77476,
            28.30956
          ],
          [
            83.77474,
            28.30961
          ],
          [
            83.77474,
            28.30961
          ],
          [
            83.77477,
            28.30974
          ],
          [
            83.77476,
            28.30983
          ],
          [
            83.77471,
            28.30988
          ],
          [
            83.77466,
            28.30991
          ],
          [
            83.77361,
            28.31116
          ],
          [
            83.77361,
            28.31116
          ],
          [
            83.77369,
            28.31127
          ],
          [
            83.77369,
            28.31127
          ],
          [
            83.7734,
            28.31126
          ],
          [
            83.77318,
            28.31128
          ],
          [
            83.77264,
            28.31144
          ],
          [
            83.77232,
            28.31156
          ],
          [
            83.7722,
            28.31164
          ],
          [
            83.77209,
            28.3117
          ],
          [
            83.77199,
            28.31175
          ],
          [
            83.7719,
            28.31186
          ],
          [
            83.77175,
            28.31197
          ],
          [
            83.77165,
            28.31205
          ],
          [
            83.77153,
            28.31212
          ],
          [
            83.77113,
            28.31221
          ],
          [
            83.77105,
            28.3122
          ],
          [
            83.77098,
            28.31218
          ],
          [
            83.77085,
            28.31218
          ],
          [
            83.7707,
            28.3122
          ],
          [
            83.77052,
            28.31217
          ],
          [
            83.77042,
            28.31214
          ],
          [
            83.77033,
            28.31214
          ],
          [
            83.77022,
            28.3121
          ],
          [
            83.77011,
            28.31208
          ],
          [
            83.76998,
            28.31208
          ],
          [
            83.76979,
            28.31209
          ],
          [
            83.76963,
            28.31208
          ],
          [
            83.76947,
            28.31205
          ],
          [
            83.76938,
            28.31207
          ],
          [
            83.76928,
            28.31209
          ],
          [
            83.76912,
            28.31218
          ],
          [
            83.76903,
            28.31225
          ],
          [
            83.76887,
            28.31246
          ],
          [
            83.76861,
            28.31263
          ],
          [
            83.76827,
            28.31281
          ],
          [
            83.76816,
            28.31289
          ],
          [
            83.76807,
            28.31294
          ],
          [
            83.76789,
            28.31295
          ],
          [
            83.7678,
            28.31295
          ],
          [
            83.76763,
            28.31296
          ],
          [
            83.76752,
            28.31301
          ],
          [
            83.76744,
            28.31311
          ],
          [
            83.76739,
            28.31322
          ],
          [
            83.76732,
            28.31337
          ],
          [
            83.76724,
            28.31349
          ],
          [
            83.7672,
            28.31357
          ],
          [
            83.76714,
            28.31375
          ],
          [
            83.767,
            28.31379
          ],
          [
            83.7668,
            28.31379
          ],
          [
            83.76659,
            28.31379
          ],
          [
            83.76648,
            28.31378
          ],
          [
            83.76634,
            28.31383
          ],
          [
            83.76612,
            28.31385
          ],
          [
            83.76592,
            28.31382
          ],
          [
            83.76571,
            28.31374
          ],
          [
            83.76561,
            28.3138
          ],
          [
            83.76557,
            28.3139
          ],
          [
            83.76549,
            28.31409
          ],
          [
            83.76544,
            28.31422
          ],
          [
            83.76534,
            28.31428
          ],
          [
            83.76524,
            28.31437
          ],
          [
            83.76519,
            28.31441
          ],
          [
            83.76513,
            28.31444
          ],
          [
            83.76504,
            28.31443
          ],
          [
            83.76494,
            28.31443
          ],
          [
            83.7649,
            28.3145
          ],
          [
            83.76481,
            28.31454
          ],
          [
            83.76474,
            28.31458
          ],
          [
            83.76466,
            28.31462
          ],
          [
            83.76456,
            28.31473
          ],
          [
            83.76453,
            28.31488
          ],
          [
            83.76452,
            28.31503
          ],
          [
            83.76437,
            28.31513
          ],
          [
            83.76419,
            28.31519
          ],
          [
            83.76404,
            28.3153
          ],
          [
            83.76382,
            28.31536
          ],
          [
            83.76362,
            28.31538
          ],
          [
            83.76355,
            28.31542
          ],
          [
            83.76347,
            28.31548
          ],
          [
            83.76336,
            28.31552
          ],
          [
            83.76323,
            28.31554
          ],
          [
            83.76315,
            28.31558
          ],
          [
            83.76309,
            28.31562
          ],
          [
            83.76297,
            28.31583
          ],
          [
            83.76297,
            28.31583
          ],
          [
            83.76271,
            28.31582
          ],
          [
            83.7625,
            28.31581
          ],
          [
            83.76224,
            28.31583
          ],
          [
            83.76223,
            28.31598
          ],
          [
            83.76219,
            28.31604
          ],
          [
            83.76208,
            28.31607
          ],
          [
            83.76195,
            28.31607
          ],
          [
            83.76184,
            28.31611
          ],
          [
            83.76165,
            28.31656
          ],
          [
            83.76134,
            28.3169
          ],
          [
            83.76117,
            28.31698
          ],
          [
            83.76108,
            28.31707
          ],
          [
            83.76088,
            28.31774
          ],
          [
            83.76081,
            28.31817
          ],
          [
            83.76081,
            28.31817
          ],
          [
            83.76034,
            28.3186
          ],
          [
            83.75972,
            28.31885
          ],
          [
            83.75956,
            28.31895
          ],
          [
            83.75943,
            28.31908
          ],
          [
            83.75924,
            28.31933
          ],
          [
            83.75918,
            28.31939
          ],
          [
            83.75899,
            28.31972
          ],
          [
            83.75895,
            28.31975
          ],
          [
            83.75888,
            28.31979
          ],
          [
            83.75886,
            28.31984
          ],
          [
            83.75884,
            28.31993
          ],
          [
            83.75881,
            28.31998
          ],
          [
            83.75881,
            28.32004
          ],
          [
            83.75885,
            28.32015
          ],
          [
            83.75897,
            28.32029
          ],
          [
            83.75919,
            28.32055
          ],
          [
            83.75921,
            28.32071
          ],
          [
            83.75915,
            28.32093
          ],
          [
            83.75924,
            28.32123
          ],
          [
            83.75923,
            28.32147
          ],
          [
            83.759,
            28.32172
          ],
          [
            83.75883,
            28.32181
          ],
          [
            83.75867,
            28.32189
          ],
          [
            83.75836,
            28.32199
          ],
          [
            83.75829,
            28.32202
          ],
          [
            83.75822,
            28.32204
          ],
          [
            83.75764,
            28.32236
          ],
          [
            83.75759,
            28.32241
          ],
          [
            83.75726,
            28.32272
          ],
          [
            83.75721,
            28.32276
          ],
          [
            83.75715,
            28.32279
          ],
          [
            83.7567,
            28.32303
          ],
          [
            83.75645,
            28.32323
          ],
          [
            83.75631,
            28.32335
          ],
          [
            83.75613,
            28.32346
          ],
          [
            83.75541,
            28.3238
          ],
          [
            83.75499,
            28.3239
          ],
          [
            83.75454,
            28.32419
          ],
          [
            83.75415,
            28.32452
          ],
          [
            83.75396,
            28.32471
          ],
          [
            83.75391,
            28.32474
          ],
          [
            83.75386,
            28.32477
          ],
          [
            83.75379,
            28.32479
          ],
          [
            83.75371,
            28.3248
          ],
          [
            83.75361,
            28.32482
          ],
          [
            83.75342,
            28.32484
          ],
          [
            83.75318,
            28.32488
          ],
          [
            83.75307,
            28.32491
          ],
          [
            83.75297,
            28.32494
          ],
          [
            83.75285,
            28.32497
          ],
          [
            83.7528,
            28.32499
          ],
          [
            83.75273,
            28.32502
          ],
          [
            83.75261,
            28.32507
          ],
          [
            83.75244,
            28.32515
          ],
          [
            83.75238,
            28.32518
          ],
          [
            83.75234,
            28.32522
          ],
          [
            83.75231,
            28.32528
          ],
          [
            83.75229,
            28.32533
          ],
          [
            83.75226,
            28.32536
          ],
          [
            83.75216,
            28.32542
          ],
          [
            83.75198,
            28.32555
          ],
          [
            83.75185,
            28.32572
          ],
          [
            83.75169,
            28.32585
          ],
          [
            83.75159,
            28.32592
          ],
          [
            83.75145,
            28.32599
          ],
          [
            83.75139,
            28.32601
          ],
          [
            83.75134,
            28.32603
          ],
          [
            83.75128,
            28.32606
          ],
          [
            83.75125,
            28.32609
          ],
          [
            83.75122,
            28.32613
          ],
          [
            83.75118,
            28.32616
          ],
          [
            83.75112,
            28.32618
          ],
          [
            83.75104,
            28.32619
          ],
          [
            83.75094,
            28.32622
          ],
          [
            83.75087,
            28.32626
          ],
          [
            83.75068,
            28.32635
          ],
          [
            83.75062,
            28.32638
          ],
          [
            83.75055,
            28.3264
          ],
          [
            83.75041,
            28.3264
          ],
          [
            83.75029,
            28.32639
          ],
          [
            83.75021,
            28.32639
          ],
          [
            83.75001,
            28.32639
          ],
          [
            83.74991,
            28.32639
          ],
          [
            83.74987,
            28.3264
          ],
          [
            83.74983,
            28.32642
          ],
          [
            83.74967,
            28.32656
          ],
          [
            83.74967,
            28.32656
          ],
          [
            83.74947,
            28.32676
          ],
          [
            83.74924,
            28.32691
          ],
          [
            83.74914,
            28.32705
          ],
          [
            83.74895,
            28.32719
          ],
          [
            83.74873,
            28.32733
          ],
          [
            83.74856,
            28.32738
          ],
          [
            83.74839,
            28.32745
          ],
          [
            83.74815,
            28.32753
          ],
          [
            83.74795,
            28.32762
          ],
          [
            83.74778,
            28.32765
          ],
          [
            83.74755,
            28.32775
          ],
          [
            83.74738,
            28.32787
          ],
          [
            83.74713,
            28.32812
          ],
          [
            83.74701,
            28.32824
          ],
          [
            83.74685,
            28.3284
          ],
          [
            83.7468,
            28.32847
          ],
          [
            83.7468,
            28.32847
          ],
          [
            83.74678,
            28.32856
          ],
          [
            83.74672,
            28.32867
          ],
          [
            83.74666,
            28.32874
          ],
          [
            83.74656,
            28.32882
          ],
          [
            83.7465,
            28.32886
          ],
          [
            83.74643,
            28.32889
          ],
          [
            83.74629,
            28.32892
          ],
          [
            83.74624,
            28.32895
          ],
          [
            83.74621,
            28.32897
          ],
          [
            83.7462,
            28.32899
          ],
          [
            83.74619,
            28.32907
          ],
          [
            83.7462,
            28.32921
          ],
          [
            83.74619,
            28.32925
          ],
          [
            83.74617,
            28.32929
          ],
          [
            83.74614,
            28.32935
          ],
          [
            83.74611,
            28.3294
          ],
          [
            83.74603,
            28.3295
          ],
          [
            83.74594,
            28.32961
          ],
          [
            83.7458,
            28.32976
          ],
          [
            83.74567,
            28.32986
          ],
          [
            83.7456,
            28.32994
          ],
          [
            83.74547,
            28.32999
          ],
          [
            83.74535,
            28.33004
          ],
          [
            83.74524,
            28.3301
          ],
          [
            83.74505,
            28.33019
          ],
          [
            83.74493,
            28.33027
          ],
          [
            83.74471,
            28.33054
          ],
          [
            83.74457,
            28.33067
          ],
          [
            83.74446,
            28.3308
          ],
          [
            83.74436,
            28.331
          ],
          [
            83.74428,
            28.3311
          ],
          [
            83.74425,
            28.33116
          ],
          [
            83.74423,
            28.33125
          ],
          [
            83.74421,
            28.33131
          ],
          [
            83.74419,
            28.33138
          ],
          [
            83.74415,
            28.33141
          ],
          [
            83.74408,
            28.33144
          ],
          [
            83.74402,
            28.33148
          ],
          [
            83.74398,
            28.33151
          ],
          [
            83.74394,
            28.33156
          ],
          [
            83.74394,
            28.33156
          ],
          [
            83.74361,
            28.33196
          ],
          [
            83.74344,
            28.33221
          ],
          [
            83.74331,
            28.33245
          ],
          [
            83.7432,
            28.33255
          ],
          [
            83.74306,
            28.33263
          ],
          [
            83.74301,
            28.33273
          ],
          [
            83.74291,
            28.33291
          ],
          [
            83.74286,
            28.33296
          ],
          [
            83.74284,
            28.33299
          ],
          [
            83.7428,
            28.33301
          ],
          [
            83.74273,
            28.33303
          ],
          [
            83.74266,
            28.33309
          ],
          [
            83.74261,
            28.33316
          ],
          [
            83.74261,
            28.33316
          ],
          [
            83.74259,
            28.33337
          ],
          [
            83.74258,
            28.33341
          ],
          [
            83.7426,
            28.33345
          ],
          [
            83.74263,
            28.33349
          ],
          [
            83.74263,
            28.33354
          ],
          [
            83.74262,
            28.33366
          ],
          [
            83.74255,
            28.33379
          ],
          [
            83.74254,
            28.33386
          ],
          [
            83.74255,
            28.33392
          ],
          [
            83.74257,
            28.33401
          ],
          [
            83.74259,
            28.3341
          ],
          [
            83.7425,
            28.3343
          ],
          [
            83.7425,
            28.3343
          ],
          [
            83.74251,
            28.33438
          ],
          [
            83.74245,
            28.33454
          ],
          [
            83.7424,
            28.3346
          ],
          [
            83.74238,
            28.3347
          ],
          [
            83.74239,
            28.33479
          ],
          [
            83.74232,
            28.33485
          ],
          [
            83.74225,
            28.3349
          ],
          [
            83.74224,
            28.33495
          ],
          [
            83.74226,
            28.335
          ],
          [
            83.74235,
            28.33502
          ],
          [
            83.74244,
            28.335
          ],
          [
            83.74255,
            28.335
          ],
          [
            83.74261,
            28.33494
          ],
          [
            83.74271,
            28.33488
          ],
          [
            83.74275,
            28.33487
          ],
          [
            83.74279,
            28.33486
          ],
          [
            83.74284,
            28.33488
          ],
          [
            83.74287,
            28.33492
          ],
          [
            83.74289,
            28.33497
          ],
          [
            83.7429,
            28.33505
          ],
          [
            83.74288,
            28.3351
          ],
          [
            83.74284,
            28.33514
          ],
          [
            83.7428,
            28.33516
          ],
          [
            83.74266,
            28.33527
          ],
          [
            83.74264,
            28.33533
          ],
          [
            83.74264,
            28.33537
          ],
          [
            83.74264,
            28.33542
          ],
          [
            83.74263,
            28.33547
          ],
          [
            83.74262,
            28.33549
          ],
          [
            83.74259,
            28.33552
          ],
          [
            83.74253,
            28.33554
          ],
          [
            83.74242,
            28.33555
          ],
          [
            83.74235,
            28.33558
          ],
          [
            83.74226,
            28.33561
          ],
          [
            83.74216,
            28.33563
          ],
          [
            83.74207,
            28.33566
          ],
          [
            83.74198,
            28.3357
          ],
          [
            83.74189,
            28.33576
          ],
          [
            83.74181,
            28.33581
          ],
          [
            83.7417,
            28.33585
          ],
          [
            83.74161,
            28.33588
          ],
          [
            83.74156,
            28.3359
          ],
          [
            83.74148,
            28.33592
          ],
          [
            83.74133,
            28.33595
          ],
          [
            83.74123,
            28.336
          ],
          [
            83.74112,
            28.33607
          ],
          [
            83.74105,
            28.33614
          ],
          [
            83.74102,
            28.33621
          ],
          [
            83.74097,
            28.33633
          ],
          [
            83.74092,
            28.33644
          ],
          [
            83.74088,
            28.33659
          ],
          [
            83.74086,
            28.33676
          ],
          [
            83.74086,
            28.33686
          ],
          [
            83.74085,
            28.33697
          ],
          [
            83.74084,
            28.33707
          ],
          [
            83.74068,
            28.33737
          ],
          [
            83.74061,
            28.33749
          ],
          [
            83.74055,
            28.33754
          ],
          [
            83.74052,
            28.33758
          ],
          [
            83.7405,
            28.33765
          ],
          [
            83.74051,
            28.33781
          ],
          [
            83.74045,
            28.33793
          ],
          [
            83.74041,
            28.33799
          ],
          [
            83.74043,
            28.33806
          ],
          [
            83.74048,
            28.33807
          ],
          [
            83.74052,
            28.33804
          ],
          [
            83.74055,
            28.33799
          ],
          [
            83.74059,
            28.33793
          ],
          [
            83.74063,
            28.33788
          ],
          [
            83.74069,
            28.33785
          ],
          [
            83.74072,
            28.33784
          ],
          [
            83.74077,
            28.33781
          ],
          [
            83.74082,
            28.3378
          ],
          [
            83.74084,
            28.33784
          ],
          [
            83.74081,
            28.33791
          ],
          [
            83.74071,
            28.33808
          ],
          [
            83.74059,
            28.3382
          ],
          [
            83.7405,
            28.33826
          ],
          [
            83.74043,
            28.33826
          ],
          [
            83.74037,
            28.33832
          ],
          [
            83.74028,
            28.33835
          ],
          [
            83.74023,
            28.33841
          ],
          [
            83.7402,
            28.33847
          ],
          [
            83.74025,
            28.33855
          ],
          [
            83.7403,
            28.33867
          ],
          [
            83.74033,
            28.33881
          ],
          [
            83.74038,
            28.33891
          ],
          [
            83.74043,
            28.33903
          ],
          [
            83.74044,
            28.33915
          ],
          [
            83.74033,
            28.33933
          ],
          [
            83.74024,
            28.33947
          ],
          [
            83.74018,
            28.33958
          ],
          [
            83.74017,
            28.33967
          ],
          [
            83.74014,
            28.33978
          ],
          [
            83.74013,
            28.33985
          ],
          [
            83.74013,
            28.3399
          ],
          [
            83.74015,
            28.33998
          ],
          [
            83.74018,
            28.34003
          ],
          [
            83.74022,
            28.34009
          ],
          [
            83.74027,
            28.34012
          ],
          [
            83.74032,
            28.34014
          ],
          [
            83.74038,
            28.34017
          ],
          [
            83.74045,
            28.34018
          ],
          [
            83.74053,
            28.34019
          ],
          [
            83.74059,
            28.3402
          ],
          [
            83.74066,
            28.34024
          ],
          [
            83.74074,
            28.34032
          ],
          [
            83.74079,
            28.3404
          ],
          [
            83.74085,
            28.34048
          ],
          [
            83.74089,
            28.34055
          ],
          [
            83.74093,
            28.34058
          ],
          [
            83.74097,
            28.34062
          ],
          [
            83.74102,
            28.34064
          ],
          [
            83.74107,
            28.34068
          ],
          [
            83.74111,
            28.34072
          ],
          [
            83.74112,
            28.34078
          ],
          [
            83.74111,
            28.34083
          ],
          [
            83.74112,
            28.3409
          ],
          [
            83.74121,
            28.34103
          ],
          [
            83.74127,
            28.34113
          ],
          [
            83.74132,
            28.34116
          ],
          [
            83.74141,
            28.34122
          ],
          [
            83.74157,
            28.34135
          ],
          [
            83.74163,
            28.3414
          ],
          [
            83.74172,
            28.34146
          ],
          [
            83.74183,
            28.34153
          ],
          [
            83.74188,
            28.34156
          ],
          [
            83.74187,
            28.34161
          ],
          [
            83.74185,
            28.34166
          ],
          [
            83.74177,
            28.34171
          ],
          [
            83.74169,
            28.34173
          ],
          [
            83.74163,
            28.34174
          ],
          [
            83.7416,
            28.34175
          ],
          [
            83.74156,
            28.34176
          ],
          [
            83.74161,
            28.34182
          ],
          [
            83.7416,
            28.34188
          ],
          [
            83.74156,
            28.342
          ],
          [
            83.74156,
            28.34207
          ],
          [
            83.74152,
            28.34211
          ],
          [
            83.74151,
            28.34217
          ],
          [
            83.74151,
            28.34222
          ],
          [
            83.74154,
            28.34227
          ],
          [
            83.74155,
            28.3423
          ],
          [
            83.74155,
            28.34236
          ],
          [
            83.74154,
            28.34241
          ],
          [
            83.74154,
            28.34245
          ],
          [
            83.7415,
            28.34252
          ],
          [
            83.74147,
            28.34258
          ],
          [
            83.74149,
            28.34263
          ],
          [
            83.74149,
            28.34267
          ],
          [
            83.74151,
            28.3427
          ],
          [
            83.74147,
            28.34276
          ],
          [
            83.74145,
            28.34279
          ],
          [
            83.74144,
            28.3429
          ],
          [
            83.74143,
            28.34297
          ],
          [
            83.74139,
            28.34307
          ],
          [
            83.74137,
            28.34317
          ],
          [
            83.74138,
            28.34326
          ],
          [
            83.74133,
            28.34332
          ],
          [
            83.74129,
            28.34337
          ],
          [
            83.74126,
            28.34341
          ],
          [
            83.74124,
            28.34345
          ],
          [
            83.74123,
            28.34348
          ],
          [
            83.74116,
            28.34354
          ],
          [
            83.74115,
            28.3436
          ],
          [
            83.74117,
            28.34364
          ],
          [
            83.74118,
            28.34367
          ],
          [
            83.7412,
            28.34369
          ],
          [
            83.7412,
            28.34376
          ],
          [
            83.74123,
            28.34388
          ],
          [
            83.74125,
            28.34396
          ],
          [
            83.74129,
            28.34402
          ],
          [
            83.7413,
            28.34408
          ],
          [
            83.7413,
            28.34412
          ],
          [
            83.74131,
            28.34419
          ],
          [
            83.74133,
            28.34427
          ],
          [
            83.74137,
            28.34439
          ],
          [
            83.7414,
            28.34445
          ],
          [
            83.74142,
            28.34451
          ],
          [
            83.74141,
            28.34454
          ],
          [
            83.74141,
            28.34461
          ],
          [
            83.74139,
            28.34467
          ],
          [
            83.74134,
            28.34476
          ],
          [
            83.74133,
            28.34479
          ],
          [
            83.74132,
            28.34483
          ],
          [
            83.74136,
            28.34488
          ],
          [
            83.7414,
            28.34492
          ],
          [
            83.74146,
            28.34496
          ],
          [
            83.74151,
            28.345
          ],
          [
            83.74157,
            28.34503
          ],
          [
            83.74162,
            28.34507
          ],
          [
            83.74166,
            28.34512
          ],
          [
            83.74172,
            28.34524
          ],
          [
            83.74176,
            28.34531
          ],
          [
            83.74177,
            28.34536
          ],
          [
            83.74181,
            28.34543
          ],
          [
            83.74183,
            28.34546
          ],
          [
            83.74187,
            28.34548
          ],
          [
            83.74191,
            28.34555
          ],
          [
            83.74194,
            28.3456
          ],
          [
            83.74194,
            28.34564
          ],
          [
            83.74197,
            28.34575
          ],
          [
            83.742,
            28.34581
          ],
          [
            83.74199,
            28.34586
          ],
          [
            83.74202,
            28.34597
          ],
          [
            83.74202,
            28.34602
          ],
          [
            83.74202,
            28.34607
          ],
          [
            83.742,
            28.34622
          ],
          [
            83.74197,
            28.34631
          ],
          [
            83.74194,
            28.34634
          ],
          [
            83.74193,
            28.34639
          ],
          [
            83.74187,
            28.34641
          ],
          [
            83.74184,
            28.34645
          ],
          [
            83.74184,
            28.3465
          ],
          [
            83.74186,
            28.34656
          ],
          [
            83.74189,
            28.34664
          ],
          [
            83.74193,
            28.34671
          ],
          [
            83.74191,
            28.34675
          ],
          [
            83.74189,
            28.3468
          ],
          [
            83.74189,
            28.34683
          ],
          [
            83.74184,
            28.3469
          ],
          [
            83.74184,
            28.34696
          ],
          [
            83.74186,
            28.34703
          ],
          [
            83.74184,
            28.34706
          ],
          [
            83.74184,
            28.3471
          ],
          [
            83.7418,
            28.34716
          ],
          [
            83.74173,
            28.34719
          ],
          [
            83.74167,
            28.34723
          ],
          [
            83.74163,
            28.34729
          ],
          [
            83.74162,
            28.34737
          ],
          [
            83.7416,
            28.34747
          ],
          [
            83.74157,
            28.34752
          ],
          [
            83.74157,
            28.34755
          ],
          [
            83.74155,
            28.34762
          ],
          [
            83.74152,
            28.34763
          ],
          [
            83.7415,
            28.34767
          ],
          [
            83.7415,
            28.34777
          ],
          [
            83.74152,
            28.34779
          ],
          [
            83.74152,
            28.34789
          ],
          [
            83.74151,
            28.34793
          ],
          [
            83.74152,
            28.348
          ],
          [
            83.74154,
            28.34805
          ],
          [
            83.74155,
            28.34817
          ],
          [
            83.74154,
            28.34821
          ],
          [
            83.74158,
            28.34826
          ],
          [
            83.74159,
            28.3483
          ],
          [
            83.74164,
            28.34838
          ],
          [
            83.74171,
            28.34844
          ],
          [
            83.74175,
            28.34847
          ],
          [
            83.74179,
            28.34849
          ],
          [
            83.74183,
            28.34853
          ],
          [
            83.74189,
            28.34858
          ],
          [
            83.74192,
            28.34863
          ],
          [
            83.74193,
            28.34874
          ],
          [
            83.74194,
            28.34877
          ],
          [
            83.74199,
            28.34886
          ],
          [
            83.74202,
            28.3489
          ],
          [
            83.74202,
            28.34893
          ],
          [
            83.74203,
            28.34896
          ],
          [
            83.74204,
            28.349
          ],
          [
            83.74208,
            28.34902
          ],
          [
            83.7421,
            28.34903
          ],
          [
            83.74214,
            28.34907
          ],
          [
            83.74215,
            28.34911
          ],
          [
            83.74216,
            28.34914
          ],
          [
            83.7422,
            28.34914
          ],
          [
            83.74223,
            28.34912
          ],
          [
            83.74226,
            28.34914
          ],
          [
            83.74228,
            28.34918
          ],
          [
            83.74231,
            28.34921
          ],
          [
            83.74239,
            28.34926
          ],
          [
            83.74246,
            28.3493
          ],
          [
            83.74248,
            28.34931
          ],
          [
            83.74254,
            28.34937
          ],
          [
            83.74259,
            28.34939
          ],
          [
            83.74264,
            28.34944
          ],
          [
            83.74265,
            28.34947
          ],
          [
            83.74264,
            28.34952
          ],
          [
            83.74265,
            28.34957
          ],
          [
            83.7427,
            28.34962
          ],
          [
            83.74273,
            28.34963
          ],
          [
            83.74274,
            28.34967
          ],
          [
            83.74284,
            28.34971
          ],
          [
            83.74289,
            28.34976
          ],
          [
            83.74297,
            28.34977
          ],
          [
            83.74302,
            28.3498
          ],
          [
            83.74303,
            28.34984
          ],
          [
            83.74305,
            28.3499
          ],
          [
            83.74306,
            28.34993
          ],
          [
            83.74305,
            28.34999
          ],
          [
            83.74306,
            28.35005
          ],
          [
            83.74307,
            28.3501
          ],
          [
            83.7431,
            28.35011
          ],
          [
            83.7431,
            28.35017
          ],
          [
            83.74312,
            28.35021
          ],
          [
            83.74316,
            28.35024
          ],
          [
            83.7432,
            28.35025
          ],
          [
            83.74321,
            28.35027
          ],
          [
            83.74319,
            28.35029
          ],
          [
            83.74319,
            28.35032
          ],
          [
            83.7432,
            28.35035
          ],
          [
            83.74315,
            28.35057
          ],
          [
            83.74313,
            28.35058
          ],
          [
            83.74313,
            28.35053
          ],
          [
            83.74308,
            28.35052
          ],
          [
            83.74306,
            28.35054
          ],
          [
            83.74303,
            28.35056
          ],
          [
            83.74298,
            28.35054
          ],
          [
            83.74293,
            28.35054
          ],
          [
            83.74291,
            28.35053
          ],
          [
            83.74288,
            28.35051
          ],
          [
            83.74283,
            28.35052
          ],
          [
            83.74279,
            28.35052
          ],
          [
            83.74276,
            28.35052
          ],
          [
            83.74274,
            28.35055
          ],
          [
            83.74274,
            28.35059
          ],
          [
            83.74274,
            28.35065
          ],
          [
            83.74271,
            28.35067
          ],
          [
            83.74248,
            28.35079
          ],
          [
            83.74247,
            28.3508
          ],
          [
            83.74248,
            28.35085
          ],
          [
            83.74248,
            28.35089
          ],
          [
            83.74245,
            28.35089
          ],
          [
            83.74242,
            28.35096
          ],
          [
            83.74237,
            28.35096
          ],
          [
            83.74235,
            28.351
          ],
          [
            83.74233,
            28.35099
          ],
          [
            83.74232,
            28.35102
          ],
          [
            83.74236,
            28.35103
          ],
          [
            83.74234,
            28.3511
          ],
          [
            83.74238,
            28.35114
          ],
          [
            83.74241,
            28.35116
          ],
          [
            83.74243,
            28.3512
          ],
          [
            83.74241,
            28.35122
          ],
          [
            83.74243,
            28.35124
          ],
          [
            83.74245,
            28.35125
          ],
          [
            83.74245,
            28.35129
          ],
          [
            83.74246,
            28.35132
          ],
          [
            83.74244,
            28.35135
          ],
          [
            83.74243,
            28.35139
          ],
          [
            83.74244,
            28.35143
          ],
          [
            83.74245,
            28.35149
          ],
          [
            83.74249,
            28.3515
          ],
          [
            83.74249,
            28.35154
          ],
          [
            83.74251,
            28.35157
          ],
          [
            83.74251,
            28.35158
          ],
          [
            83.74245,
            28.35158
          ],
          [
            83.74249,
            28.35161
          ],
          [
            83.7425,
            28.35165
          ],
          [
            83.74248,
            28.3517
          ],
          [
            83.74244,
            28.35173
          ],
          [
            83.74241,
            28.35173
          ],
          [
            83.74241,
            28.35175
          ],
          [
            83.74238,
            28.35177
          ],
          [
            83.74237,
            28.35174
          ],
          [
            83.74234,
            28.35172
          ],
          [
            83.74231,
            28.3517
          ],
          [
            83.7423,
            28.35173
          ],
          [
            83.74225,
            28.35171
          ],
          [
            83.74217,
            28.35171
          ],
          [
            83.74217,
            28.35168
          ],
          [
            83.74214,
            28.35169
          ],
          [
            83.74206,
            28.35165
          ],
          [
            83.74208,
            28.35162
          ],
          [
            83.74207,
            28.3516
          ],
          [
            83.74204,
            28.35162
          ],
          [
            83.74204,
            28.35165
          ],
          [
            83.74201,
            28.35163
          ],
          [
            83.74197,
            28.35163
          ],
          [
            83.74192,
            28.35162
          ],
          [
            83.74184,
            28.35158
          ],
          [
            83.74185,
            28.35154
          ],
          [
            83.7418,
            28.35154
          ],
          [
            83.74178,
            28.35155
          ],
          [
            83.74176,
            28.35156
          ],
          [
            83.74174,
            28.35156
          ],
          [
            83.74171,
            28.35158
          ],
          [
            83.74172,
            28.35166
          ],
          [
            83.74167,
            28.35167
          ],
          [
            83.74167,
            28.35169
          ],
          [
            83.74165,
            28.35172
          ],
          [
            83.7416,
            28.35174
          ],
          [
            83.74159,
            28.35175
          ],
          [
            83.74156,
            28.35175
          ],
          [
            83.74155,
            28.35177
          ],
          [
            83.74154,
            28.35179
          ],
          [
            83.74155,
            28.35181
          ],
          [
            83.74154,
            28.35183
          ],
          [
            83.74156,
            28.35184
          ],
          [
            83.74155,
            28.35188
          ],
          [
            83.74157,
            28.3519
          ],
          [
            83.74152,
            28.35191
          ],
          [
            83.74147,
            28.35197
          ],
          [
            83.74147,
            28.35199
          ],
          [
            83.74146,
            28.35201
          ],
          [
            83.74146,
            28.35203
          ],
          [
            83.74149,
            28.35205
          ],
          [
            83.74152,
            28.35205
          ],
          [
            83.74154,
            28.35207
          ],
          [
            83.74155,
            28.35212
          ],
          [
            83.74156,
            28.35215
          ],
          [
            83.74155,
            28.35217
          ],
          [
            83.74152,
            28.35221
          ],
          [
            83.74151,
            28.35222
          ],
          [
            83.74152,
            28.35226
          ],
          [
            83.7415,
            28.3523
          ],
          [
            83.74151,
            28.35232
          ],
          [
            83.74152,
            28.35234
          ],
          [
            83.74152,
            28.35239
          ],
          [
            83.74153,
            28.35242
          ],
          [
            83.74153,
            28.35245
          ],
          [
            83.74153,
            28.35245
          ],
          [
            83.7415,
            28.35248
          ],
          [
            83.74148,
            28.35249
          ],
          [
            83.74147,
            28.3525
          ],
          [
            83.74146,
            28.35254
          ],
          [
            83.74145,
            28.35257
          ],
          [
            83.74144,
            28.3526
          ],
          [
            83.74142,
            28.35265
          ],
          [
            83.74143,
            28.35269
          ],
          [
            83.74141,
            28.35271
          ],
          [
            83.74139,
            28.35272
          ],
          [
            83.74135,
            28.35273
          ],
          [
            83.74134,
            28.35275
          ],
          [
            83.74131,
            28.35277
          ],
          [
            83.7413,
            28.35279
          ],
          [
            83.74125,
            28.3528
          ],
          [
            83.74123,
            28.35281
          ],
          [
            83.74121,
            28.35281
          ],
          [
            83.7412,
            28.35279
          ],
          [
            83.74118,
            28.35277
          ],
          [
            83.74117,
            28.35279
          ],
          [
            83.74118,
            28.35281
          ],
          [
            83.74116,
            28.35283
          ],
          [
            83.74113,
            28.3528
          ],
          [
            83.74111,
            28.35279
          ],
          [
            83.74109,
            28.35281
          ],
          [
            83.74108,
            28.35283
          ],
          [
            83.74106,
            28.35281
          ],
          [
            83.74106,
            28.35279
          ],
          [
            83.74104,
            28.3528
          ],
          [
            83.741,
            28.35281
          ],
          [
            83.74099,
            28.35284
          ],
          [
            83.74097,
            28.35285
          ],
          [
            83.74095,
            28.35286
          ],
          [
            83.74092,
            28.35286
          ],
          [
            83.7409,
            28.3529
          ],
          [
            83.7409,
            28.35294
          ],
          [
            83.74088,
            28.35296
          ],
          [
            83.74086,
            28.35297
          ],
          [
            83.74084,
            28.35296
          ],
          [
            83.74082,
            28.35297
          ],
          [
            83.74079,
            28.35293
          ],
          [
            83.74075,
            28.35291
          ],
          [
            83.74072,
            28.35294
          ],
          [
            83.7407,
            28.35295
          ],
          [
            83.74067,
            28.35295
          ],
          [
            83.74064,
            28.35292
          ],
          [
            83.7406,
            28.35293
          ],
          [
            83.74057,
            28.35298
          ],
          [
            83.74056,
            28.353
          ],
          [
            83.74052,
            28.35305
          ],
          [
            83.74051,
            28.35307
          ],
          [
            83.74049,
            28.35309
          ],
          [
            83.74046,
            28.35309
          ],
          [
            83.74044,
            28.3531
          ],
          [
            83.74042,
            28.35311
          ],
          [
            83.7404,
            28.35314
          ],
          [
            83.74037,
            28.35316
          ],
          [
            83.74035,
            28.35318
          ],
          [
            83.74032,
            28.35322
          ],
          [
            83.74027,
            28.35326
          ],
          [
            83.74022,
            28.35329
          ],
          [
            83.74016,
            28.35328
          ],
          [
            83.74011,
            28.35327
          ],
          [
            83.74001,
            28.35325
          ],
          [
            83.73999,
            28.35327
          ],
          [
            83.73999,
            28.35328
          ],
          [
            83.73999,
            28.3533
          ],
          [
            83.73999,
            28.35333
          ],
          [
            83.73998,
            28.35336
          ],
          [
            83.73993,
            28.35336
          ],
          [
            83.73991,
            28.35338
          ],
          [
            83.73987,
            28.35338
          ],
          [
            83.73985,
            28.35338
          ],
          [
            83.73981,
            28.35333
          ],
          [
            83.73979,
            28.35332
          ],
          [
            83.73976,
            28.35333
          ],
          [
            83.73973,
            28.35332
          ],
          [
            83.73972,
            28.35332
          ],
          [
            83.73972,
            28.35336
          ],
          [
            83.7397,
            28.35337
          ],
          [
            83.73971,
            28.35341
          ],
          [
            83.7397,
            28.35345
          ],
          [
            83.73971,
            28.35348
          ],
          [
            83.73971,
            28.35351
          ],
          [
            83.7397,
            28.35353
          ],
          [
            83.73965,
            28.35353
          ],
          [
            83.73964,
            28.35354
          ],
          [
            83.73965,
            28.35358
          ],
          [
            83.73965,
            28.35359
          ],
          [
            83.73963,
            28.3536
          ],
          [
            83.73962,
            28.35364
          ],
          [
            83.7396,
            28.35367
          ],
          [
            83.73954,
            28.35365
          ],
          [
            83.73951,
            28.35368
          ],
          [
            83.73945,
            28.35367
          ],
          [
            83.7394,
            28.35366
          ],
          [
            83.73936,
            28.35365
          ],
          [
            83.73934,
            28.35367
          ],
          [
            83.73934,
            28.35371
          ],
          [
            83.73931,
            28.35371
          ],
          [
            83.73923,
            28.35367
          ],
          [
            83.73924,
            28.35372
          ],
          [
            83.73924,
            28.35375
          ],
          [
            83.73921,
            28.35376
          ],
          [
            83.73917,
            28.35373
          ],
          [
            83.73913,
            28.35372
          ],
          [
            83.73909,
            28.35371
          ],
          [
            83.73906,
            28.35369
          ],
          [
            83.73905,
            28.35371
          ],
          [
            83.73905,
            28.35376
          ],
          [
            83.73903,
            28.35378
          ],
          [
            83.739,
            28.35378
          ],
          [
            83.73896,
            28.3538
          ],
          [
            83.73894,
            28.35381
          ],
          [
            83.73894,
            28.35384
          ],
          [
            83.73893,
            28.35385
          ],
          [
            83.73888,
            28.35383
          ],
          [
            83.73884,
            28.35379
          ],
          [
            83.73883,
            28.35378
          ],
          [
            83.7388,
            28.35379
          ],
          [
            83.73882,
            28.35382
          ],
          [
            83.73881,
            28.35385
          ],
          [
            83.73878,
            28.35383
          ],
          [
            83.73874,
            28.35383
          ],
          [
            83.73874,
            28.35381
          ],
          [
            83.7387,
            28.35379
          ],
          [
            83.7387,
            28.35381
          ],
          [
            83.7387,
            28.35383
          ],
          [
            83.73868,
            28.35384
          ],
          [
            83.73867,
            28.35387
          ],
          [
            83.73864,
            28.35388
          ],
          [
            83.73861,
            28.35385
          ],
          [
            83.7386,
            28.35382
          ],
          [
            83.73857,
            28.35379
          ],
          [
            83.73854,
            28.35376
          ],
          [
            83.73854,
            28.35372
          ],
          [
            83.73852,
            28.35371
          ],
          [
            83.73852,
            28.35369
          ],
          [
            83.73853,
            28.35368
          ],
          [
            83.73852,
            28.35366
          ],
          [
            83.73849,
            28.35364
          ],
          [
            83.73847,
            28.35362
          ],
          [
            83.73845,
            28.3536
          ],
          [
            83.73843,
            28.35355
          ],
          [
            83.73839,
            28.35347
          ],
          [
            83.73832,
            28.3534
          ],
          [
            83.73826,
            28.35333
          ],
          [
            83.7382,
            28.35324
          ],
          [
            83.73814,
            28.35319
          ],
          [
            83.73811,
            28.35313
          ],
          [
            83.73809,
            28.35311
          ],
          [
            83.73806,
            28.3531
          ],
          [
            83.73805,
            28.35308
          ],
          [
            83.73803,
            28.35302
          ],
          [
            83.73796,
            28.35295
          ],
          [
            83.73788,
            28.35292
          ],
          [
            83.73779,
            28.35288
          ],
          [
            83.73774,
            28.35291
          ],
          [
            83.73763,
            28.35291
          ],
          [
            83.73757,
            28.35294
          ],
          [
            83.73756,
            28.35297
          ],
          [
            83.73751,
            28.35295
          ],
          [
            83.73745,
            28.35295
          ],
          [
            83.73746,
            28.35302
          ],
          [
            83.73744,
            28.35304
          ],
          [
            83.73737,
            28.35308
          ],
          [
            83.73731,
            28.35311
          ],
          [
            83.73726,
            28.35313
          ],
          [
            83.73722,
            28.35312
          ],
          [
            83.73716,
            28.35307
          ],
          [
            83.73713,
            28.35303
          ],
          [
            83.73709,
            28.35298
          ],
          [
            83.737,
            28.35292
          ],
          [
            83.73701,
            28.35297
          ],
          [
            83.73702,
            28.35302
          ],
          [
            83.737,
            28.35308
          ],
          [
            83.73698,
            28.35312
          ],
          [
            83.73696,
            28.35316
          ],
          [
            83.73689,
            28.35316
          ],
          [
            83.73683,
            28.35314
          ],
          [
            83.73676,
            28.3532
          ],
          [
            83.73677,
            28.35324
          ],
          [
            83.7367,
            28.35327
          ],
          [
            83.73665,
            28.35323
          ],
          [
            83.73658,
            28.35323
          ],
          [
            83.73655,
            28.35328
          ],
          [
            83.73654,
            28.35333
          ],
          [
            83.73649,
            28.35337
          ],
          [
            83.7365,
            28.35342
          ],
          [
            83.73647,
            28.35342
          ],
          [
            83.73645,
            28.35342
          ],
          [
            83.7364,
            28.35344
          ],
          [
            83.7364,
            28.35344
          ],
          [
            83.73639,
            28.35348
          ],
          [
            83.73636,
            28.35352
          ],
          [
            83.73633,
            28.35358
          ],
          [
            83.73632,
            28.35364
          ],
          [
            83.73633,
            28.35371
          ],
          [
            83.73631,
            28.35374
          ],
          [
            83.73634,
            28.35379
          ],
          [
            83.73631,
            28.35401
          ],
          [
            83.73626,
            28.35403
          ],
          [
            83.73628,
            28.35409
          ],
          [
            83.73628,
            28.35412
          ],
          [
            83.73622,
            28.35412
          ],
          [
            83.73626,
            28.35419
          ],
          [
            83.73626,
            28.35426
          ],
          [
            83.73629,
            28.35432
          ],
          [
            83.7363,
            28.35436
          ],
          [
            83.73629,
            28.35439
          ],
          [
            83.73624,
            28.35439
          ],
          [
            83.73623,
            28.35442
          ],
          [
            83.73624,
            28.35444
          ],
          [
            83.73623,
            28.35447
          ],
          [
            83.73621,
            28.35452
          ],
          [
            83.73617,
            28.3545
          ],
          [
            83.73615,
            28.35451
          ],
          [
            83.73613,
            28.35455
          ],
          [
            83.73613,
            28.35461
          ],
          [
            83.73618,
            28.35464
          ],
          [
            83.73618,
            28.35469
          ],
          [
            83.73618,
            28.35472
          ],
          [
            83.73619,
            28.35479
          ],
          [
            83.73617,
            28.35479
          ],
          [
            83.73613,
            28.35475
          ],
          [
            83.7361,
            28.35478
          ],
          [
            83.73612,
            28.35483
          ],
          [
            83.73614,
            28.35493
          ],
          [
            83.73615,
            28.35498
          ],
          [
            83.73616,
            28.35509
          ],
          [
            83.73618,
            28.35517
          ],
          [
            83.73619,
            28.3552
          ],
          [
            83.73616,
            28.35519
          ],
          [
            83.7361,
            28.35516
          ],
          [
            83.7361,
            28.35519
          ],
          [
            83.73612,
            28.35523
          ],
          [
            83.73613,
            28.35526
          ],
          [
            83.73609,
            28.35526
          ],
          [
            83.73607,
            28.35528
          ],
          [
            83.73607,
            28.35531
          ],
          [
            83.73609,
            28.35531
          ],
          [
            83.73608,
            28.35534
          ],
          [
            83.73608,
            28.35539
          ],
          [
            83.73611,
            28.35542
          ],
          [
            83.73614,
            28.35547
          ],
          [
            83.73616,
            28.35552
          ],
          [
            83.73623,
            28.35557
          ],
          [
            83.73623,
            28.3556
          ],
          [
            83.73624,
            28.3557
          ],
          [
            83.73621,
            28.35576
          ],
          [
            83.73591,
            28.35576
          ],
          [
            83.73591,
            28.35576
          ],
          [
            83.73594,
            28.35595
          ],
          [
            83.73601,
            28.35597
          ],
          [
            83.73599,
            28.356
          ],
          [
            83.73598,
            28.35604
          ],
          [
            83.7359,
            28.35607
          ],
          [
            83.73585,
            28.35614
          ],
          [
            83.73584,
            28.35622
          ],
          [
            83.73581,
            28.35627
          ],
          [
            83.73578,
            28.35637
          ],
          [
            83.73575,
            28.35646
          ],
          [
            83.73574,
            28.35653
          ],
          [
            83.73574,
            28.35661
          ],
          [
            83.73569,
            28.35665
          ],
          [
            83.73564,
            28.35671
          ],
          [
            83.73547,
            28.35691
          ],
          [
            83.73538,
            28.35697
          ],
          [
            83.73534,
            28.35705
          ],
          [
            83.73524,
            28.35726
          ],
          [
            83.73523,
            28.35728
          ],
          [
            83.7351,
            28.35724
          ],
          [
            83.73502,
            28.35738
          ],
          [
            83.73493,
            28.35736
          ],
          [
            83.73477,
            28.35744
          ],
          [
            83.7347,
            28.35747
          ],
          [
            83.73454,
            28.35762
          ],
          [
            83.73449,
            28.35765
          ],
          [
            83.73443,
            28.35776
          ],
          [
            83.73439,
            28.35792
          ],
          [
            83.73438,
            28.3582
          ],
          [
            83.73431,
            28.35827
          ],
          [
            83.73418,
            28.35839
          ],
          [
            83.7341,
            28.35856
          ],
          [
            83.73406,
            28.35863
          ],
          [
            83.73405,
            28.35869
          ],
          [
            83.73403,
            28.35876
          ],
          [
            83.734,
            28.35881
          ],
          [
            83.73394,
            28.35888
          ],
          [
            83.73389,
            28.3589
          ],
          [
            83.7338,
            28.35891
          ],
          [
            83.73365,
            28.35893
          ],
          [
            83.7336,
            28.35893
          ],
          [
            83.7335,
            28.35895
          ],
          [
            83.73342,
            28.35898
          ],
          [
            83.73337,
            28.35903
          ],
          [
            83.73334,
            28.35907
          ],
          [
            83.73333,
            28.35913
          ],
          [
            83.73332,
            28.3592
          ],
          [
            83.73324,
            28.35923
          ],
          [
            83.73318,
            28.35928
          ],
          [
            83.73318,
            28.3594
          ],
          [
            83.73313,
            28.35948
          ],
          [
            83.73312,
            28.35954
          ],
          [
            83.73312,
            28.35961
          ],
          [
            83.73311,
            28.35963
          ],
          [
            83.73308,
            28.35964
          ],
          [
            83.73304,
            28.35966
          ],
          [
            83.73302,
            28.3597
          ],
          [
            83.73297,
            28.35982
          ],
          [
            83.73293,
            28.35985
          ],
          [
            83.7329,
            28.35992
          ],
          [
            83.73285,
            28.36005
          ],
          [
            83.73278,
            28.36017
          ],
          [
            83.73273,
            28.36023
          ],
          [
            83.73272,
            28.3603
          ],
          [
            83.73274,
            28.36037
          ],
          [
            83.73278,
            28.36044
          ],
          [
            83.73283,
            28.3605
          ],
          [
            83.73289,
            28.36054
          ],
          [
            83.73293,
            28.36057
          ],
          [
            83.73295,
            28.3606
          ],
          [
            83.73295,
            28.36065
          ],
          [
            83.73291,
            28.36074
          ],
          [
            83.73288,
            28.36081
          ],
          [
            83.73289,
            28.36087
          ],
          [
            83.73284,
            28.36096
          ],
          [
            83.73282,
            28.36104
          ],
          [
            83.73282,
            28.36111
          ],
          [
            83.73282,
            28.36118
          ],
          [
            83.73284,
            28.36122
          ],
          [
            83.73286,
            28.36125
          ],
          [
            83.73284,
            28.36129
          ],
          [
            83.73283,
            28.36137
          ],
          [
            83.73283,
            28.36145
          ],
          [
            83.73286,
            28.36151
          ],
          [
            83.7329,
            28.36157
          ],
          [
            83.73293,
            28.36163
          ],
          [
            83.73287,
            28.36176
          ],
          [
            83.73289,
            28.36184
          ],
          [
            83.73292,
            28.36188
          ],
          [
            83.73294,
            28.36192
          ],
          [
            83.73297,
            28.36197
          ],
          [
            83.73303,
            28.36203
          ],
          [
            83.73305,
            28.36206
          ],
          [
            83.73307,
            28.36208
          ],
          [
            83.73309,
            28.3621
          ],
          [
            83.7331,
            28.36213
          ],
          [
            83.73312,
            28.36215
          ],
          [
            83.73312,
            28.36218
          ],
          [
            83.73313,
            28.36221
          ],
          [
            83.73313,
            28.36223
          ],
          [
            83.73314,
            28.36227
          ],
          [
            83.73315,
            28.36229
          ],
          [
            83.73315,
            28.36232
          ],
          [
            83.73316,
            28.36238
          ],
          [
            83.73317,
            28.3624
          ],
          [
            83.73319,
            28.36243
          ],
          [
            83.7332,
            28.36245
          ],
          [
            83.73322,
            28.36248
          ],
          [
            83.73324,
            28.3625
          ],
          [
            83.73326,
            28.36252
          ],
          [
            83.73327,
            28.36254
          ],
          [
            83.73329,
            28.36257
          ],
          [
            83.7333,
            28.3626
          ],
          [
            83.73331,
            28.36262
          ],
          [
            83.73333,
            28.36265
          ],
          [
            83.73334,
            28.36267
          ],
          [
            83.73335,
            28.3627
          ],
          [
            83.73336,
            28.36273
          ],
          [
            83.73336,
            28.36276
          ],
          [
            83.73337,
            28.36278
          ],
          [
            83.73337,
            28.36282
          ],
          [
            83.73337,
            28.36284
          ],
          [
            83.73337,
            28.36287
          ],
          [
            83.73338,
            28.3629
          ],
          [
            83.73338,
            28.36294
          ],
          [
            83.73338,
            28.36297
          ],
          [
            83.73339,
            28.36302
          ],
          [
            83.73341,
            28.36305
          ],
          [
            83.73342,
            28.36307
          ],
          [
            83.73342,
            28.3631
          ],
          [
            83.73342,
            28.36313
          ],
          [
            83.73342,
            28.36325
          ],
          [
            83.73342,
            28.36328
          ],
          [
            83.73342,
            28.36331
          ],
          [
            83.73346,
            28.3635
          ],
          [
            83.73348,
            28.36353
          ],
          [
            83.73348,
            28.36355
          ],
          [
            83.73349,
            28.36358
          ],
          [
            83.7335,
            28.36361
          ],
          [
            83.73352,
            28.36363
          ],
          [
            83.73362,
            28.36376
          ],
          [
            83.73371,
            28.36386
          ],
          [
            83.73375,
            28.36392
          ],
          [
            83.7338,
            28.36406
          ],
          [
            83.73381,
            28.36412
          ],
          [
            83.73378,
            28.36418
          ],
          [
            83.73373,
            28.36424
          ],
          [
            83.73362,
            28.36436
          ],
          [
            83.7336,
            28.3644
          ],
          [
            83.73359,
            28.36443
          ],
          [
            83.73361,
            28.36471
          ],
          [
            83.73361,
            28.36483
          ],
          [
            83.73358,
            28.36505
          ],
          [
            83.73352,
            28.36525
          ],
          [
            83.73348,
            28.36542
          ],
          [
            83.73347,
            28.36544
          ],
          [
            83.73347,
            28.36547
          ],
          [
            83.73347,
            28.3655
          ],
          [
            83.73348,
            28.36553
          ],
          [
            83.73349,
            28.36555
          ],
          [
            83.7335,
            28.36558
          ],
          [
            83.73349,
            28.36562
          ],
          [
            83.73345,
            28.36578
          ],
          [
            83.73343,
            28.36585
          ],
          [
            83.73344,
            28.36592
          ],
          [
            83.73352,
            28.36609
          ],
          [
            83.73352,
            28.36612
          ],
          [
            83.73352,
            28.36616
          ],
          [
            83.73349,
            28.3662
          ],
          [
            83.73344,
            28.36623
          ],
          [
            83.73341,
            28.36624
          ],
          [
            83.73339,
            28.36626
          ],
          [
            83.73337,
            28.36629
          ],
          [
            83.73336,
            28.36631
          ],
          [
            83.73335,
            28.36634
          ],
          [
            83.73335,
            28.36637
          ],
          [
            83.73335,
            28.3664
          ],
          [
            83.73336,
            28.36643
          ],
          [
            83.73338,
            28.36646
          ],
          [
            83.73339,
            28.36648
          ],
          [
            83.73341,
            28.36651
          ],
          [
            83.73342,
            28.36653
          ],
          [
            83.73343,
            28.36657
          ],
          [
            83.73344,
            28.36659
          ],
          [
            83.73345,
            28.36662
          ],
          [
            83.73345,
            28.36668
          ],
          [
            83.73339,
            28.3669
          ],
          [
            83.73336,
            28.36698
          ],
          [
            83.7333,
            28.36707
          ],
          [
            83.73327,
            28.36714
          ],
          [
            83.73325,
            28.36726
          ],
          [
            83.73322,
            28.36734
          ],
          [
            83.73315,
            28.36748
          ],
          [
            83.73308,
            28.36757
          ],
          [
            83.73305,
            28.36763
          ],
          [
            83.73302,
            28.36775
          ],
          [
            83.733,
            28.36783
          ],
          [
            83.73301,
            28.3679
          ],
          [
            83.73301,
            28.36798
          ],
          [
            83.73302,
            28.36809
          ],
          [
            83.733,
            28.36812
          ],
          [
            83.73294,
            28.36815
          ],
          [
            83.73283,
            28.36817
          ],
          [
            83.73278,
            28.3682
          ],
          [
            83.73255,
            28.36835
          ],
          [
            83.73244,
            28.36841
          ],
          [
            83.73239,
            28.36842
          ],
          [
            83.73231,
            28.36843
          ],
          [
            83.73222,
            28.36846
          ],
          [
            83.73217,
            28.36847
          ],
          [
            83.7321,
            28.36846
          ],
          [
            83.73192,
            28.36851
          ],
          [
            83.73185,
            28.3685
          ],
          [
            83.73182,
            28.3685
          ],
          [
            83.73172,
            28.36861
          ],
          [
            83.73165,
            28.36865
          ],
          [
            83.73143,
            28.36872
          ],
          [
            83.73137,
            28.36877
          ],
          [
            83.73135,
            28.36882
          ],
          [
            83.73132,
            28.36885
          ],
          [
            83.73121,
            28.36889
          ],
          [
            83.73116,
            28.36892
          ],
          [
            83.73105,
            28.36905
          ],
          [
            83.73093,
            28.36922
          ],
          [
            83.73089,
            28.36933
          ],
          [
            83.73086,
            28.36946
          ],
          [
            83.73076,
            28.3696
          ],
          [
            83.73073,
            28.36965
          ],
          [
            83.73069,
            28.36988
          ],
          [
            83.73066,
            28.36993
          ],
          [
            83.73059,
            28.37002
          ],
          [
            83.73052,
            28.37008
          ],
          [
            83.73044,
            28.37019
          ],
          [
            83.73039,
            28.37025
          ],
          [
            83.73022,
            28.37033
          ],
          [
            83.73016,
            28.3704
          ],
          [
            83.73002,
            28.37047
          ],
          [
            83.72989,
            28.37046
          ],
          [
            83.72975,
            28.37045
          ],
          [
            83.72968,
            28.37048
          ],
          [
            83.72964,
            28.37056
          ],
          [
            83.72961,
            28.37062
          ],
          [
            83.72958,
            28.37067
          ],
          [
            83.72949,
            28.37072
          ],
          [
            83.72943,
            28.37077
          ],
          [
            83.72936,
            28.37084
          ],
          [
            83.72933,
            28.37088
          ],
          [
            83.72925,
            28.3709
          ],
          [
            83.72919,
            28.37091
          ],
          [
            83.72913,
            28.37093
          ],
          [
            83.72907,
            28.37093
          ],
          [
            83.72901,
            28.37095
          ],
          [
            83.72893,
            28.37095
          ],
          [
            83.72886,
            28.37096
          ],
          [
            83.72882,
            28.371
          ],
          [
            83.72878,
            28.37103
          ],
          [
            83.72875,
            28.37106
          ],
          [
            83.72872,
            28.37112
          ],
          [
            83.72857,
            28.37135
          ],
          [
            83.72853,
            28.3714
          ],
          [
            83.72845,
            28.37148
          ],
          [
            83.72831,
            28.37158
          ],
          [
            83.72815,
            28.37167
          ],
          [
            83.72808,
            28.37169
          ],
          [
            83.72803,
            28.3717
          ],
          [
            83.72798,
            28.37171
          ],
          [
            83.72795,
            28.3717
          ],
          [
            83.7279,
            28.37169
          ],
          [
            83.72786,
            28.37169
          ],
          [
            83.72783,
            28.37169
          ],
          [
            83.72779,
            28.37168
          ],
          [
            83.72776,
            28.37169
          ],
          [
            83.72774,
            28.3717
          ],
          [
            83.72774,
            28.37172
          ],
          [
            83.72775,
            28.37174
          ],
          [
            83.72775,
            28.37175
          ],
          [
            83.72776,
            28.37176
          ],
          [
            83.72776,
            28.37177
          ],
          [
            83.72777,
            28.37178
          ],
          [
            83.72778,
            28.37181
          ],
          [
            83.72778,
            28.37186
          ],
          [
            83.72777,
            28.3719
          ],
          [
            83.72776,
            28.37192
          ],
          [
            83.72773,
            28.37195
          ],
          [
            83.7277,
            28.37197
          ],
          [
            83.72763,
            28.37199
          ],
          [
            83.7276,
            28.372
          ],
          [
            83.72755,
            28.37203
          ],
          [
            83.72743,
            28.37206
          ],
          [
            83.72732,
            28.37207
          ],
          [
            83.72721,
            28.37209
          ],
          [
            83.72714,
            28.37211
          ],
          [
            83.72707,
            28.37214
          ],
          [
            83.72697,
            28.37215
          ],
          [
            83.72686,
            28.37218
          ],
          [
            83.7266,
            28.37227
          ],
          [
            83.72643,
            28.37238
          ],
          [
            83.72637,
            28.37239
          ],
          [
            83.72626,
            28.37241
          ],
          [
            83.72616,
            28.37243
          ],
          [
            83.72604,
            28.37251
          ],
          [
            83.72594,
            28.37261
          ],
          [
            83.72585,
            28.37272
          ],
          [
            83.7258,
            28.37277
          ],
          [
            83.72574,
            28.3729
          ],
          [
            83.72569,
            28.37293
          ],
          [
            83.7256,
            28.37297
          ],
          [
            83.72552,
            28.37303
          ],
          [
            83.72547,
            28.37315
          ],
          [
            83.72543,
            28.37324
          ],
          [
            83.72547,
            28.37337
          ],
          [
            83.72538,
            28.37341
          ],
          [
            83.72529,
            28.37338
          ],
          [
            83.72519,
            28.37343
          ],
          [
            83.7252,
            28.37347
          ],
          [
            83.72509,
            28.37361
          ],
          [
            83.72499,
            28.37373
          ],
          [
            83.72488,
            28.37379
          ],
          [
            83.72473,
            28.37382
          ],
          [
            83.72455,
            28.3739
          ],
          [
            83.72439,
            28.37386
          ],
          [
            83.72425,
            28.37384
          ],
          [
            83.72411,
            28.37383
          ],
          [
            83.72405,
            28.37396
          ],
          [
            83.72391,
            28.37403
          ],
          [
            83.72382,
            28.37403
          ],
          [
            83.72367,
            28.37402
          ],
          [
            83.72348,
            28.37414
          ],
          [
            83.72334,
            28.37419
          ],
          [
            83.72333,
            28.37427
          ],
          [
            83.72317,
            28.37442
          ],
          [
            83.723,
            28.37451
          ],
          [
            83.72279,
            28.37461
          ],
          [
            83.72255,
            28.37475
          ],
          [
            83.72237,
            28.37478
          ],
          [
            83.7223,
            28.37486
          ],
          [
            83.72229,
            28.37494
          ],
          [
            83.72226,
            28.37499
          ],
          [
            83.72225,
            28.37501
          ],
          [
            83.72215,
            28.37505
          ],
          [
            83.72211,
            28.37514
          ],
          [
            83.72197,
            28.37523
          ],
          [
            83.72188,
            28.37534
          ],
          [
            83.72182,
            28.3754
          ],
          [
            83.72172,
            28.37548
          ],
          [
            83.72157,
            28.37552
          ],
          [
            83.72148,
            28.37559
          ],
          [
            83.72138,
            28.37568
          ],
          [
            83.72136,
            28.37573
          ],
          [
            83.72131,
            28.37578
          ],
          [
            83.72119,
            28.37577
          ],
          [
            83.72114,
            28.37571
          ],
          [
            83.72111,
            28.37563
          ],
          [
            83.72091,
            28.37568
          ],
          [
            83.72077,
            28.37575
          ],
          [
            83.72069,
            28.37576
          ],
          [
            83.72051,
            28.37588
          ],
          [
            83.72035,
            28.37588
          ],
          [
            83.72023,
            28.3759
          ],
          [
            83.72011,
            28.376
          ],
          [
            83.71995,
            28.37597
          ],
          [
            83.71985,
            28.376
          ],
          [
            83.71972,
            28.37597
          ],
          [
            83.71961,
            28.37592
          ],
          [
            83.71944,
            28.37597
          ],
          [
            83.71937,
            28.37596
          ],
          [
            83.71933,
            28.37596
          ],
          [
            83.7193,
            28.37596
          ],
          [
            83.71918,
            28.37589
          ],
          [
            83.7191,
            28.37581
          ],
          [
            83.71902,
            28.37578
          ],
          [
            83.71901,
            28.37572
          ],
          [
            83.71891,
            28.37569
          ],
          [
            83.71881,
            28.37574
          ],
          [
            83.71869,
            28.37576
          ],
          [
            83.71852,
            28.37573
          ],
          [
            83.71836,
            28.37577
          ],
          [
            83.71817,
            28.37575
          ],
          [
            83.71797,
            28.37578
          ],
          [
            83.71781,
            28.37575
          ],
          [
            83.71767,
            28.37568
          ],
          [
            83.71756,
            28.37567
          ],
          [
            83.71749,
            28.37566
          ],
          [
            83.71742,
            28.37567
          ],
          [
            83.71742,
            28.37567
          ],
          [
            83.71736,
            28.37573
          ],
          [
            83.71738,
            28.37581
          ],
          [
            83.71743,
            28.37595
          ],
          [
            83.71751,
            28.37607
          ],
          [
            83.71753,
            28.37622
          ],
          [
            83.71747,
            28.37629
          ],
          [
            83.71737,
            28.37655
          ],
          [
            83.71729,
            28.37666
          ],
          [
            83.71729,
            28.37677
          ],
          [
            83.71736,
            28.37689
          ],
          [
            83.71741,
            28.37698
          ],
          [
            83.71741,
            28.37708
          ],
          [
            83.71746,
            28.37715
          ],
          [
            83.71743,
            28.37719
          ],
          [
            83.71744,
            28.37724
          ],
          [
            83.71743,
            28.3773
          ],
          [
            83.71744,
            28.37735
          ],
          [
            83.71742,
            28.37739
          ],
          [
            83.71744,
            28.37747
          ],
          [
            83.71741,
            28.3776
          ],
          [
            83.7173,
            28.37767
          ],
          [
            83.71713,
            28.37787
          ],
          [
            83.71704,
            28.37787
          ],
          [
            83.71694,
            28.37792
          ],
          [
            83.71683,
            28.37798
          ],
          [
            83.71671,
            28.37806
          ],
          [
            83.71667,
            28.37811
          ],
          [
            83.71663,
            28.37823
          ],
          [
            83.71656,
            28.37837
          ],
          [
            83.71649,
            28.37829
          ],
          [
            83.71637,
            28.37825
          ],
          [
            83.71628,
            28.3783
          ],
          [
            83.71626,
            28.37844
          ],
          [
            83.71614,
            28.37854
          ],
          [
            83.71607,
            28.37861
          ],
          [
            83.71596,
            28.37878
          ],
          [
            83.71583,
            28.37875
          ],
          [
            83.71575,
            28.37881
          ],
          [
            83.71568,
            28.37879
          ],
          [
            83.71551,
            28.37873
          ],
          [
            83.71545,
            28.37869
          ],
          [
            83.71545,
            28.37863
          ],
          [
            83.71534,
            28.37853
          ],
          [
            83.71532,
            28.37847
          ],
          [
            83.71521,
            28.37849
          ],
          [
            83.71519,
            28.37859
          ],
          [
            83.71506,
            28.37855
          ],
          [
            83.71504,
            28.37867
          ],
          [
            83.71494,
            28.37869
          ],
          [
            83.71487,
            28.37876
          ],
          [
            83.71486,
            28.37883
          ],
          [
            83.71486,
            28.37888
          ],
          [
            83.71481,
            28.37895
          ],
          [
            83.71481,
            28.379
          ],
          [
            83.71474,
            28.37909
          ],
          [
            83.71475,
            28.37924
          ],
          [
            83.71477,
            28.37938
          ],
          [
            83.71475,
            28.37945
          ],
          [
            83.71471,
            28.37953
          ],
          [
            83.71471,
            28.37958
          ],
          [
            83.71467,
            28.3796
          ],
          [
            83.71461,
            28.3797
          ],
          [
            83.71468,
            28.37973
          ],
          [
            83.71469,
            28.37977
          ],
          [
            83.71466,
            28.37981
          ],
          [
            83.71475,
            28.37989
          ],
          [
            83.71476,
            28.38002
          ],
          [
            83.71484,
            28.38007
          ],
          [
            83.71491,
            28.38015
          ],
          [
            83.71484,
            28.3802
          ],
          [
            83.71482,
            28.38025
          ],
          [
            83.71472,
            28.38029
          ],
          [
            83.71473,
            28.38041
          ],
          [
            83.71473,
            28.38057
          ],
          [
            83.71472,
            28.38073
          ],
          [
            83.71471,
            28.38084
          ],
          [
            83.71468,
            28.38092
          ],
          [
            83.71466,
            28.381
          ],
          [
            83.71467,
            28.38104
          ],
          [
            83.71467,
            28.38115
          ],
          [
            83.71463,
            28.38121
          ],
          [
            83.7146,
            28.38128
          ],
          [
            83.71454,
            28.38127
          ],
          [
            83.71453,
            28.38118
          ],
          [
            83.7145,
            28.38117
          ],
          [
            83.71441,
            28.38116
          ],
          [
            83.71433,
            28.38123
          ],
          [
            83.71426,
            28.38132
          ],
          [
            83.71425,
            28.38156
          ],
          [
            83.71423,
            28.38172
          ],
          [
            83.7143,
            28.38181
          ],
          [
            83.71432,
            28.3819
          ],
          [
            83.71428,
            28.38204
          ],
          [
            83.71417,
            28.38218
          ],
          [
            83.71406,
            28.38235
          ],
          [
            83.714,
            28.38251
          ],
          [
            83.71395,
            28.38264
          ],
          [
            83.7139,
            28.38271
          ],
          [
            83.71389,
            28.38277
          ],
          [
            83.71385,
            28.38279
          ],
          [
            83.71371,
            28.38272
          ],
          [
            83.71369,
            28.38267
          ],
          [
            83.71368,
            28.38261
          ],
          [
            83.71362,
            28.38259
          ],
          [
            83.71358,
            28.38256
          ],
          [
            83.71352,
            28.38255
          ],
          [
            83.71343,
            28.38261
          ],
          [
            83.71339,
            28.38266
          ],
          [
            83.71339,
            28.38278
          ],
          [
            83.71329,
            28.38292
          ],
          [
            83.71316,
            28.38297
          ],
          [
            83.71306,
            28.38297
          ],
          [
            83.71286,
            28.38297
          ],
          [
            83.71264,
            28.38291
          ],
          [
            83.71258,
            28.3829
          ],
          [
            83.71251,
            28.38293
          ],
          [
            83.71237,
            28.38305
          ],
          [
            83.71215,
            28.3832
          ],
          [
            83.712,
            28.38327
          ],
          [
            83.71187,
            28.38329
          ],
          [
            83.71173,
            28.3833
          ],
          [
            83.71133,
            28.38345
          ],
          [
            83.7113,
            28.38355
          ],
          [
            83.71119,
            28.38366
          ],
          [
            83.71125,
            28.38381
          ],
          [
            83.71128,
            28.38393
          ],
          [
            83.71116,
            28.38403
          ],
          [
            83.71113,
            28.38407
          ],
          [
            83.71105,
            28.38407
          ],
          [
            83.71096,
            28.38399
          ],
          [
            83.71079,
            28.38396
          ],
          [
            83.71066,
            28.38393
          ],
          [
            83.71057,
            28.3839
          ],
          [
            83.7104,
            28.38393
          ],
          [
            83.71032,
            28.3841
          ],
          [
            83.71026,
            28.38428
          ],
          [
            83.71025,
            28.38438
          ],
          [
            83.71029,
            28.38454
          ],
          [
            83.71028,
            28.38464
          ],
          [
            83.71025,
            28.38475
          ],
          [
            83.71021,
            28.3848
          ],
          [
            83.71016,
            28.38486
          ],
          [
            83.70998,
            28.38495
          ],
          [
            83.70988,
            28.38502
          ],
          [
            83.7098,
            28.38515
          ],
          [
            83.70979,
            28.38519
          ],
          [
            83.70978,
            28.38523
          ],
          [
            83.70974,
            28.38528
          ],
          [
            83.70973,
            28.38531
          ],
          [
            83.70968,
            28.38531
          ],
          [
            83.70961,
            28.3853
          ],
          [
            83.7095,
            28.38523
          ],
          [
            83.70942,
            28.38521
          ],
          [
            83.70935,
            28.38523
          ],
          [
            83.70931,
            28.38527
          ],
          [
            83.70922,
            28.38543
          ],
          [
            83.70919,
            28.3855
          ],
          [
            83.70913,
            28.38556
          ],
          [
            83.7091,
            28.38559
          ],
          [
            83.70911,
            28.38569
          ],
          [
            83.70906,
            28.38576
          ],
          [
            83.70903,
            28.38587
          ],
          [
            83.70898,
            28.38595
          ],
          [
            83.70888,
            28.38602
          ],
          [
            83.7088,
            28.38602
          ],
          [
            83.70875,
            28.38615
          ],
          [
            83.70862,
            28.38625
          ],
          [
            83.7085,
            28.3862
          ],
          [
            83.70837,
            28.38617
          ],
          [
            83.70828,
            28.38618
          ],
          [
            83.70824,
            28.38631
          ],
          [
            83.70808,
            28.38654
          ],
          [
            83.70797,
            28.38655
          ],
          [
            83.70785,
            28.38657
          ],
          [
            83.70784,
            28.38667
          ],
          [
            83.70783,
            28.38679
          ],
          [
            83.70787,
            28.38686
          ],
          [
            83.70785,
            28.38693
          ],
          [
            83.70789,
            28.38697
          ],
          [
            83.70782,
            28.387
          ],
          [
            83.70776,
            28.38708
          ],
          [
            83.7077,
            28.38715
          ],
          [
            83.70775,
            28.38721
          ],
          [
            83.70777,
            28.38731
          ],
          [
            83.7078,
            28.3874
          ],
          [
            83.70786,
            28.38747
          ],
          [
            83.70783,
            28.3875
          ],
          [
            83.70769,
            28.38749
          ],
          [
            83.70743,
            28.3876
          ],
          [
            83.70726,
            28.38766
          ],
          [
            83.7071,
            28.38769
          ],
          [
            83.70704,
            28.38766
          ],
          [
            83.70693,
            28.38772
          ],
          [
            83.70688,
            28.38777
          ],
          [
            83.70677,
            28.38775
          ],
          [
            83.70663,
            28.38773
          ],
          [
            83.70645,
            28.38778
          ],
          [
            83.70639,
            28.38782
          ],
          [
            83.70636,
            28.38795
          ],
          [
            83.70635,
            28.38804
          ],
          [
            83.70631,
            28.38816
          ],
          [
            83.7063,
            28.38826
          ],
          [
            83.70636,
            28.38831
          ],
          [
            83.70638,
            28.38837
          ],
          [
            83.70645,
            28.38845
          ],
          [
            83.70651,
            28.38852
          ],
          [
            83.70647,
            28.38868
          ],
          [
            83.70648,
            28.38876
          ],
          [
            83.70648,
            28.38881
          ],
          [
            83.70636,
            28.38887
          ],
          [
            83.70608,
            28.38895
          ],
          [
            83.70598,
            28.38913
          ],
          [
            83.70593,
            28.38932
          ],
          [
            83.7059,
            28.38947
          ],
          [
            83.70584,
            28.38949
          ],
          [
            83.70558,
            28.38961
          ],
          [
            83.70559,
            28.3897
          ],
          [
            83.70565,
            28.3898
          ],
          [
            83.70543,
            28.38998
          ],
          [
            83.70538,
            28.38998
          ],
          [
            83.70533,
            28.39001
          ],
          [
            83.7053,
            28.39005
          ],
          [
            83.70532,
            28.39011
          ],
          [
            83.70531,
            28.39021
          ],
          [
            83.70524,
            28.39048
          ],
          [
            83.70522,
            28.3906
          ],
          [
            83.70524,
            28.39064
          ],
          [
            83.70521,
            28.39071
          ],
          [
            83.70514,
            28.39076
          ],
          [
            83.70506,
            28.39077
          ],
          [
            83.70499,
            28.39082
          ],
          [
            83.70495,
            28.3909
          ],
          [
            83.70496,
            28.39096
          ],
          [
            83.70492,
            28.39102
          ],
          [
            83.70487,
            28.39109
          ],
          [
            83.70482,
            28.39118
          ],
          [
            83.70476,
            28.39128
          ],
          [
            83.70468,
            28.39137
          ],
          [
            83.70465,
            28.39141
          ],
          [
            83.7046,
            28.39141
          ],
          [
            83.70448,
            28.39135
          ],
          [
            83.70443,
            28.3914
          ],
          [
            83.70451,
            28.39151
          ],
          [
            83.70456,
            28.39158
          ],
          [
            83.70458,
            28.39167
          ],
          [
            83.70451,
            28.39176
          ],
          [
            83.70444,
            28.39185
          ],
          [
            83.70448,
            28.39194
          ],
          [
            83.70456,
            28.39193
          ],
          [
            83.70462,
            28.39197
          ],
          [
            83.70453,
            28.39204
          ],
          [
            83.70454,
            28.39213
          ],
          [
            83.70456,
            28.39237
          ],
          [
            83.70454,
            28.39255
          ],
          [
            83.70458,
            28.39263
          ],
          [
            83.70454,
            28.39271
          ],
          [
            83.70451,
            28.39287
          ],
          [
            83.70435,
            28.39303
          ],
          [
            83.70423,
            28.3931
          ],
          [
            83.70411,
            28.39316
          ],
          [
            83.70405,
            28.39322
          ],
          [
            83.70398,
            28.39327
          ],
          [
            83.70384,
            28.39337
          ],
          [
            83.70372,
            28.39339
          ],
          [
            83.70369,
            28.39347
          ],
          [
            83.70353,
            28.39354
          ],
          [
            83.7035,
            28.39364
          ],
          [
            83.70339,
            28.39376
          ],
          [
            83.70326,
            28.39389
          ],
          [
            83.70326,
            28.39395
          ],
          [
            83.70316,
            28.39401
          ],
          [
            83.70307,
            28.39403
          ],
          [
            83.70301,
            28.39407
          ],
          [
            83.70295,
            28.39413
          ],
          [
            83.70285,
            28.39417
          ],
          [
            83.70278,
            28.39423
          ],
          [
            83.70272,
            28.39431
          ],
          [
            83.70269,
            28.39438
          ],
          [
            83.70262,
            28.39445
          ],
          [
            83.70257,
            28.39449
          ],
          [
            83.70259,
            28.39455
          ],
          [
            83.70255,
            28.39461
          ],
          [
            83.70256,
            28.39471
          ],
          [
            83.70261,
            28.39478
          ],
          [
            83.70264,
            28.39488
          ],
          [
            83.7026,
            28.39495
          ],
          [
            83.70249,
            28.39496
          ],
          [
            83.70246,
            28.39512
          ],
          [
            83.70247,
            28.39522
          ],
          [
            83.70243,
            28.39533
          ],
          [
            83.70235,
            28.39546
          ],
          [
            83.70228,
            28.39556
          ],
          [
            83.70223,
            28.39565
          ],
          [
            83.70222,
            28.39574
          ],
          [
            83.70225,
            28.39589
          ],
          [
            83.70221,
            28.396
          ],
          [
            83.70225,
            28.39613
          ],
          [
            83.70214,
            28.39622
          ],
          [
            83.70209,
            28.3963
          ],
          [
            83.70207,
            28.39645
          ],
          [
            83.702,
            28.39657
          ],
          [
            83.70189,
            28.39662
          ],
          [
            83.70179,
            28.39673
          ],
          [
            83.70175,
            28.39684
          ],
          [
            83.70178,
            28.3969
          ],
          [
            83.70174,
            28.39694
          ],
          [
            83.70173,
            28.39706
          ],
          [
            83.70166,
            28.39711
          ],
          [
            83.70168,
            28.39716
          ],
          [
            83.70166,
            28.39723
          ],
          [
            83.70156,
            28.39734
          ],
          [
            83.70135,
            28.3976
          ],
          [
            83.70128,
            28.3977
          ],
          [
            83.70128,
            28.39776
          ],
          [
            83.70118,
            28.39784
          ],
          [
            83.7011,
            28.39795
          ],
          [
            83.70113,
            28.39805
          ],
          [
            83.70108,
            28.39823
          ],
          [
            83.70103,
            28.39844
          ],
          [
            83.70101,
            28.39854
          ],
          [
            83.70094,
            28.39864
          ],
          [
            83.70084,
            28.39875
          ],
          [
            83.70072,
            28.3989
          ],
          [
            83.70065,
            28.39903
          ],
          [
            83.70058,
            28.3991
          ],
          [
            83.70043,
            28.39926
          ],
          [
            83.70034,
            28.39942
          ],
          [
            83.70022,
            28.39953
          ],
          [
            83.70001,
            28.39971
          ],
          [
            83.69984,
            28.39979
          ],
          [
            83.69972,
            28.39988
          ],
          [
            83.69962,
            28.39992
          ],
          [
            83.6995,
            28.40002
          ],
          [
            83.69945,
            28.40011
          ],
          [
            83.69945,
            28.40011
          ],
          [
            83.69938,
            28.40007
          ],
          [
            83.69917,
            28.40013
          ],
          [
            83.69906,
            28.40015
          ],
          [
            83.69905,
            28.40018
          ],
          [
            83.69903,
            28.40022
          ],
          [
            83.69902,
            28.40024
          ],
          [
            83.69898,
            28.40024
          ],
          [
            83.69893,
            28.40027
          ],
          [
            83.69887,
            28.40025
          ],
          [
            83.6988,
            28.40026
          ],
          [
            83.69876,
            28.40032
          ],
          [
            83.69875,
            28.40037
          ],
          [
            83.69876,
            28.4004
          ],
          [
            83.69872,
            28.40054
          ],
          [
            83.69872,
            28.40057
          ],
          [
            83.69874,
            28.40061
          ],
          [
            83.69878,
            28.40064
          ],
          [
            83.69881,
            28.40069
          ],
          [
            83.69881,
            28.40073
          ],
          [
            83.69879,
            28.40077
          ],
          [
            83.69877,
            28.4008
          ],
          [
            83.69877,
            28.4008
          ],
          [
            83.69872,
            28.40078
          ],
          [
            83.69873,
            28.40075
          ],
          [
            83.69868,
            28.40072
          ],
          [
            83.69863,
            28.40066
          ],
          [
            83.69859,
            28.40068
          ],
          [
            83.69861,
            28.40072
          ],
          [
            83.69859,
            28.40072
          ],
          [
            83.69856,
            28.40069
          ],
          [
            83.69854,
            28.40069
          ],
          [
            83.69855,
            28.40073
          ],
          [
            83.69853,
            28.40075
          ],
          [
            83.6985,
            28.40072
          ],
          [
            83.69847,
            28.40074
          ],
          [
            83.69842,
            28.40075
          ],
          [
            83.69841,
            28.40071
          ],
          [
            83.69839,
            28.40073
          ],
          [
            83.69837,
            28.40073
          ],
          [
            83.69833,
            28.40071
          ],
          [
            83.69829,
            28.40076
          ],
          [
            83.69827,
            28.40076
          ],
          [
            83.69825,
            28.40071
          ],
          [
            83.69821,
            28.40076
          ],
          [
            83.69817,
            28.40079
          ],
          [
            83.69816,
            28.40074
          ],
          [
            83.69813,
            28.40078
          ],
          [
            83.69809,
            28.40076
          ],
          [
            83.69806,
            28.40079
          ],
          [
            83.69804,
            28.40075
          ],
          [
            83.69802,
            28.40078
          ],
          [
            83.69801,
            28.40077
          ],
          [
            83.69799,
            28.40078
          ],
          [
            83.69796,
            28.40072
          ],
          [
            83.69791,
            28.40081
          ],
          [
            83.69789,
            28.40081
          ],
          [
            83.69787,
            28.40078
          ],
          [
            83.69783,
            28.40065
          ],
          [
            83.69781,
            28.40067
          ],
          [
            83.6978,
            28.40068
          ],
          [
            83.69778,
            28.40068
          ],
          [
            83.69775,
            28.40067
          ],
          [
            83.69771,
            28.40067
          ],
          [
            83.69769,
            28.40069
          ],
          [
            83.69765,
            28.40069
          ],
          [
            83.69764,
            28.40071
          ],
          [
            83.6976,
            28.40072
          ],
          [
            83.69756,
            28.40076
          ],
          [
            83.69753,
            28.40073
          ],
          [
            83.69749,
            28.4008
          ],
          [
            83.69745,
            28.40074
          ],
          [
            83.69735,
            28.40093
          ],
          [
            83.69734,
            28.40094
          ],
          [
            83.6973,
            28.40099
          ],
          [
            83.69725,
            28.40104
          ],
          [
            83.6971,
            28.40117
          ],
          [
            83.69703,
            28.40114
          ],
          [
            83.69697,
            28.40117
          ],
          [
            83.6969,
            28.40124
          ],
          [
            83.69687,
            28.40125
          ],
          [
            83.69676,
            28.40128
          ],
          [
            83.69669,
            28.40128
          ],
          [
            83.69657,
            28.40128
          ],
          [
            83.69656,
            28.40123
          ],
          [
            83.69638,
            28.40127
          ],
          [
            83.69633,
            28.40124
          ],
          [
            83.69635,
            28.40119
          ],
          [
            83.69625,
            28.40115
          ],
          [
            83.69619,
            28.40107
          ],
          [
            83.69595,
            28.40086
          ],
          [
            83.69592,
            28.40081
          ],
          [
            83.6958,
            28.40074
          ],
          [
            83.69567,
            28.40075
          ],
          [
            83.69556,
            28.40075
          ],
          [
            83.6956,
            28.40071
          ],
          [
            83.69555,
            28.40068
          ],
          [
            83.69549,
            28.40068
          ],
          [
            83.69537,
            28.40065
          ],
          [
            83.69529,
            28.40062
          ],
          [
            83.69521,
            28.40059
          ],
          [
            83.69511,
            28.40057
          ],
          [
            83.69505,
            28.40056
          ],
          [
            83.69498,
            28.40055
          ],
          [
            83.69493,
            28.40052
          ],
          [
            83.69488,
            28.40051
          ],
          [
            83.69485,
            28.40051
          ],
          [
            83.69481,
            28.40052
          ],
          [
            83.69477,
            28.40054
          ],
          [
            83.69471,
            28.40055
          ],
          [
            83.69467,
            28.40056
          ],
          [
            83.69461,
            28.40054
          ],
          [
            83.69454,
            28.40053
          ],
          [
            83.69448,
            28.40053
          ],
          [
            83.69445,
            28.4005
          ],
          [
            83.69439,
            28.40048
          ],
          [
            83.69432,
            28.40047
          ],
          [
            83.69426,
            28.40049
          ],
          [
            83.6941,
            28.40045
          ],
          [
            83.69405,
            28.40045
          ],
          [
            83.69403,
            28.40041
          ],
          [
            83.69401,
            28.40039
          ],
          [
            83.69398,
            28.40038
          ],
          [
            83.69394,
            28.40039
          ],
          [
            83.69389,
            28.4004
          ],
          [
            83.69385,
            28.4004
          ],
          [
            83.69381,
            28.40038
          ],
          [
            83.69371,
            28.40034
          ],
          [
            83.69362,
            28.40032
          ],
          [
            83.69352,
            28.40029
          ],
          [
            83.69339,
            28.40025
          ],
          [
            83.69329,
            28.40024
          ],
          [
            83.69313,
            28.40022
          ],
          [
            83.69298,
            28.40021
          ],
          [
            83.69293,
            28.40016
          ],
          [
            83.69285,
            28.40013
          ],
          [
            83.69269,
            28.40013
          ],
          [
            83.69264,
            28.40012
          ],
          [
            83.69257,
            28.40008
          ],
          [
            83.69251,
            28.40002
          ],
          [
            83.69246,
            28.39998
          ],
          [
            83.69241,
            28.39993
          ],
          [
            83.69238,
            28.39989
          ],
          [
            83.69239,
            28.39968
          ],
          [
            83.69237,
            28.39964
          ],
          [
            83.69235,
            28.39965
          ],
          [
            83.69232,
            28.39967
          ],
          [
            83.69225,
            28.39968
          ],
          [
            83.69218,
            28.39967
          ],
          [
            83.6922,
            28.39972
          ],
          [
            83.69221,
            28.39975
          ],
          [
            83.69215,
            28.39974
          ],
          [
            83.69212,
            28.39971
          ],
          [
            83.69205,
            28.39975
          ],
          [
            83.69203,
            28.39974
          ],
          [
            83.69199,
            28.39971
          ],
          [
            83.69198,
            28.39969
          ],
          [
            83.69196,
            28.39967
          ],
          [
            83.69193,
            28.39964
          ],
          [
            83.69192,
            28.39961
          ],
          [
            83.69187,
            28.39962
          ],
          [
            83.69179,
            28.39966
          ],
          [
            83.69172,
            28.39967
          ],
          [
            83.69168,
            28.39965
          ],
          [
            83.69162,
            28.39961
          ],
          [
            83.69152,
            28.39955
          ],
          [
            83.69147,
            28.39951
          ],
          [
            83.69141,
            28.39949
          ],
          [
            83.69141,
            28.39949
          ],
          [
            83.69137,
            28.39952
          ],
          [
            83.69126,
            28.39954
          ],
          [
            83.69117,
            28.39954
          ],
          [
            83.69107,
            28.39952
          ],
          [
            83.69105,
            28.39954
          ],
          [
            83.69091,
            28.39944
          ],
          [
            83.69085,
            28.39937
          ],
          [
            83.69079,
            28.39929
          ],
          [
            83.69077,
            28.39932
          ],
          [
            83.69071,
            28.39934
          ],
          [
            83.69066,
            28.39935
          ],
          [
            83.69062,
            28.39934
          ],
          [
            83.69053,
            28.3994
          ],
          [
            83.69048,
            28.39944
          ],
          [
            83.69045,
            28.39948
          ],
          [
            83.69043,
            28.39951
          ],
          [
            83.69043,
            28.39955
          ],
          [
            83.6904,
            28.39958
          ],
          [
            83.69035,
            28.39964
          ],
          [
            83.69021,
            28.39972
          ],
          [
            83.69014,
            28.39975
          ],
          [
            83.69004,
            28.39978
          ],
          [
            83.68988,
            28.39982
          ],
          [
            83.68982,
            28.39985
          ],
          [
            83.68977,
            28.39989
          ],
          [
            83.68969,
            28.39995
          ],
          [
            83.68963,
            28.40001
          ],
          [
            83.68959,
            28.40007
          ],
          [
            83.68959,
            28.40007
          ]
        ]
      }
    }
  ]
}