{
  "type": "FeatureCollection",
  "generator": "overpass-turbo",
  "copyright": "The data included in this document is from www.openstreetmap.org. The data is made available under ODbL.",
  "timestamp": "2026-04-22T08:39:59Z",
  "features": [
    {
      "type": "Feature",
      "properties": {
        "@id": "relation/1328173",
        "distance": "212",
        "name": "Manaslu Circuit",
        "network": "nwn",
        "operator": "Manaslu Conservation area Project",
        "route": "hiking",
        "symbol": "none",
        "type": "route",
        "wikidata": "Q14223863"
      },
      "geometry": {
        "type": "LineString",
        "coordinates": [
          [
            84.8143192,
            28.0483558
          ],
          [
            84.8146875,
            28.0486938
          ],
          [
            84.8152962,
            28.0493092
          ],
          [
            84.815413,
            28.0494497
          ],
          [
            84.8154873,
            28.0495747
          ],
          [
            84.8157174,
            28.0501056
          ],
          [
            84.8158356,
            28.0503541
          ],
          [
            84.8163435,
            28.0514675
          ],
          [
            84.8163548,
            28.0517339
          ],
          [
            84.8163468,
            28.0518689
          ],
          [
            84.816381,
            28.0519785
          ],
          [
            84.8164487,
            28.052179
          ],
          [
            84.81653,
            28.0523398
          ],
          [
            84.8166775,
            28.0525969
          ],
          [
            84.8167898,
            28.0527824
          ],
          [
            84.8172681,
            28.0534354
          ],
          [
            84.8173242,
            28.0535789
          ],
          [
            84.8176179,
            28.0545909
          ],
          [
            84.8179561,
            28.0552798
          ],
          [
            84.818176,
            28.0556633
          ],
          [
            84.818235,
            28.0559142
          ],
          [
            84.8182591,
            28.056169
          ],
          [
            84.8184363,
            28.056779
          ],
          [
            84.8185623,
            28.0570693
          ],
          [
            84.8187546,
            28.0573747
          ],
          [
            84.8189625,
            28.0577769
          ],
          [
            84.8190987,
            28.0585131
          ],
          [
            84.8192566,
            28.0592027
          ],
          [
            84.8193562,
            28.0594268
          ],
          [
            84.8195104,
            28.0597016
          ],
          [
            84.8195895,
            28.0602969
          ],
          [
            84.8195863,
            28.0604573
          ],
          [
            84.8194957,
            28.0605913
          ],
          [
            84.8194572,
            28.0607194
          ],
          [
            84.8195225,
            28.0608138
          ],
          [
            84.8195896,
            28.0608935
          ],
          [
            84.8196178,
            28.061012
          ],
          [
            84.8195284,
            28.061317
          ],
          [
            84.8195279,
            28.0614694
          ],
          [
            84.8195681,
            28.061602
          ],
          [
            84.8196692,
            28.0618556
          ],
          [
            84.819659,
            28.062022
          ],
          [
            84.8195735,
            28.0622174
          ],
          [
            84.8195252,
            28.0623665
          ],
          [
            84.8195116,
            28.0625146
          ],
          [
            84.8195547,
            28.0626884
          ],
          [
            84.8196566,
            28.0628612
          ],
          [
            84.820013,
            28.06346
          ],
          [
            84.8201501,
            28.0637625
          ],
          [
            84.820193,
            28.0639049
          ],
          [
            84.8202017,
            28.0640116
          ],
          [
            84.8202065,
            28.0641795
          ],
          [
            84.8201904,
            28.0642907
          ],
          [
            84.8201703,
            28.0644081
          ],
          [
            84.8201249,
            28.0644795
          ],
          [
            84.8200311,
            28.0645904
          ],
          [
            84.8199409,
            28.0647381
          ],
          [
            84.8198865,
            28.0648808
          ],
          [
            84.8198497,
            28.0650836
          ],
          [
            84.8198658,
            28.0652256
          ],
          [
            84.819924,
            28.0653228
          ],
          [
            84.8202386,
            28.0657534
          ],
          [
            84.8204036,
            28.0659937
          ],
          [
            84.8204733,
            28.0662082
          ],
          [
            84.8204812,
            28.066316
          ],
          [
            84.8206508,
            28.0664476
          ],
          [
            84.8207801,
            28.0665494
          ],
          [
            84.82094,
            28.0667061
          ],
          [
            84.8210339,
            28.06677
          ],
          [
            84.8211389,
            28.0668395
          ],
          [
            84.8213683,
            28.0671156
          ],
          [
            84.8215114,
            28.0672362
          ],
          [
            84.8216342,
            28.0673268
          ],
          [
            84.8217138,
            28.0674032
          ],
          [
            84.8218313,
            28.0675276
          ],
          [
            84.8220518,
            28.0678279
          ],
          [
            84.8221886,
            28.0679782
          ],
          [
            84.8223014,
            28.0681195
          ],
          [
            84.8224434,
            28.0682965
          ],
          [
            84.8225373,
            28.0683924
          ],
          [
            84.8226524,
            28.0684908
          ],
          [
            84.822783,
            28.0685893
          ],
          [
            84.8230076,
            28.0687365
          ],
          [
            84.8230791,
            28.0688113
          ],
          [
            84.8231255,
            28.0688903
          ],
          [
            84.823215,
            28.0691208
          ],
          [
            84.823281,
            28.0693746
          ],
          [
            84.8233929,
            28.0696065
          ],
          [
            84.8235378,
            28.0698408
          ],
          [
            84.8236503,
            28.0700375
          ],
          [
            84.8240428,
            28.070751
          ],
          [
            84.8240449,
            28.071047
          ],
          [
            84.824211,
            28.0714336
          ],
          [
            84.8243317,
            28.0716135
          ],
          [
            84.8243964,
            28.0717942
          ],
          [
            84.8244819,
            28.0721791
          ],
          [
            84.8245221,
            28.0724323
          ],
          [
            84.8245923,
            28.0726537
          ],
          [
            84.8246804,
            28.0730832
          ],
          [
            84.8247474,
            28.0732962
          ],
          [
            84.8247823,
            28.0734121
          ],
          [
            84.8248278,
            28.0735389
          ],
          [
            84.8248306,
            28.0736583
          ],
          [
            84.8248439,
            28.07376
          ],
          [
            84.8248158,
            28.0739394
          ],
          [
            84.8248196,
            28.0741308
          ],
          [
            84.824895,
            28.0742712
          ],
          [
            84.8249628,
            28.0744125
          ],
          [
            84.8250237,
            28.0745481
          ],
          [
            84.8250474,
            28.0746909
          ],
          [
            84.8250465,
            28.0748534
          ],
          [
            84.8250508,
            28.0750105
          ],
          [
            84.8250869,
            28.0757677
          ],
          [
            84.8251015,
            28.0758746
          ],
          [
            84.8251444,
            28.0759456
          ],
          [
            84.8251685,
            28.0759768
          ],
          [
            84.8252611,
            28.076071
          ],
          [
            84.8253182,
            28.0761396
          ],
          [
            84.8253563,
            28.0761953
          ],
          [
            84.8253836,
            28.0762488
          ],
          [
            84.825359,
            28.0764863
          ],
          [
            84.8253429,
            28.0766283
          ],
          [
            84.8253532,
            28.0767454
          ],
          [
            84.8253724,
            28.0768532
          ],
          [
            84.8254156,
            28.0769324
          ],
          [
            84.8254767,
            28.0770293
          ],
          [
            84.8255164,
            28.0770871
          ],
          [
            84.8258031,
            28.0775907
          ],
          [
            84.82587,
            28.0776746
          ],
          [
            84.8259454,
            28.0777431
          ],
          [
            84.8260868,
            28.0778964
          ],
          [
            84.8262148,
            28.0781577
          ],
          [
            84.8262656,
            28.0783015
          ],
          [
            84.826331,
            28.0784083
          ],
          [
            84.8264641,
            28.0786228
          ],
          [
            84.8266587,
            28.0788841
          ],
          [
            84.8267001,
            28.0789783
          ],
          [
            84.8267272,
            28.0790616
          ],
          [
            84.8267189,
            28.0792031
          ],
          [
            84.8267034,
            28.0792877
          ],
          [
            84.8267257,
            28.0794407
          ],
          [
            84.826861,
            28.0797593
          ],
          [
            84.8269249,
            28.0799534
          ],
          [
            84.8269442,
            28.0801
          ],
          [
            84.8269283,
            28.0802558
          ],
          [
            84.8268986,
            28.0804053
          ],
          [
            84.8268958,
            28.0805078
          ],
          [
            84.8269227,
            28.0806443
          ],
          [
            84.8269891,
            28.080751
          ],
          [
            84.8272929,
            28.0810774
          ],
          [
            84.827579,
            28.0814219
          ],
          [
            84.8276547,
            28.0815025
          ],
          [
            84.8278776,
            28.081766
          ],
          [
            84.8280903,
            28.0820546
          ],
          [
            84.8282102,
            28.082263
          ],
          [
            84.8283052,
            28.08246
          ],
          [
            84.8283979,
            28.0825966
          ],
          [
            84.8284993,
            28.0827414
          ],
          [
            84.8287004,
            28.0830415
          ],
          [
            84.8288244,
            28.0833586
          ],
          [
            84.8289573,
            28.0836289
          ],
          [
            84.829039,
            28.0838437
          ],
          [
            84.8290777,
            28.0840673
          ],
          [
            84.8290953,
            28.0843478
          ],
          [
            84.8291162,
            28.0846111
          ],
          [
            84.8291409,
            28.0847714
          ],
          [
            84.8291516,
            28.0848495
          ],
          [
            84.8291838,
            28.0848956
          ],
          [
            84.829225,
            28.0849302
          ],
          [
            84.8293649,
            28.085079
          ],
          [
            84.8294574,
            28.0852115
          ],
          [
            84.8295146,
            28.0853345
          ],
          [
            84.8295727,
            28.0855546
          ],
          [
            84.8296049,
            28.0856943
          ],
          [
            84.8296376,
            28.0858645
          ],
          [
            84.8297424,
            28.0860337
          ],
          [
            84.8298436,
            28.0862078
          ],
          [
            84.8298883,
            28.0863572
          ],
          [
            84.8299214,
            28.0865343
          ],
          [
            84.8299282,
            28.0866988
          ],
          [
            84.8299161,
            28.08692
          ],
          [
            84.8299187,
            28.0871046
          ],
          [
            84.8299274,
            28.0872549
          ],
          [
            84.8299858,
            28.0874667
          ],
          [
            84.8300518,
            28.0877344
          ],
          [
            84.8302057,
            28.0880133
          ],
          [
            84.8303733,
            28.0882746
          ],
          [
            84.830503,
            28.0884319
          ],
          [
            84.8305986,
            28.0885516
          ],
          [
            84.8306778,
            28.0886403
          ],
          [
            84.8307272,
            28.0887397
          ],
          [
            84.8307529,
            28.0888131
          ],
          [
            84.8307601,
            28.0888907
          ],
          [
            84.830769,
            28.0889811
          ],
          [
            84.8307395,
            28.0890734
          ],
          [
            84.8306852,
            28.0892534
          ],
          [
            84.8306584,
            28.0897235
          ],
          [
            84.8308112,
            28.0904596
          ],
          [
            84.8308629,
            28.0905902
          ],
          [
            84.8309189,
            28.0907011
          ],
          [
            84.8309782,
            28.090841
          ],
          [
            84.830999,
            28.090961
          ],
          [
            84.830997,
            28.0910539
          ],
          [
            84.8309796,
            28.0911462
          ],
          [
            84.8309527,
            28.0912125
          ],
          [
            84.8308964,
            28.0913391
          ],
          [
            84.8308776,
            28.0914207
          ],
          [
            84.8308737,
            28.0914857
          ],
          [
            84.8308897,
            28.0915686
          ],
          [
            84.8309125,
            28.0916372
          ],
          [
            84.8309565,
            28.0916953
          ],
          [
            84.8310198,
            28.0917472
          ],
          [
            84.8310801,
            28.0917816
          ],
          [
            84.8311648,
            28.0918082
          ],
          [
            84.8313363,
            28.0918218
          ],
          [
            84.8314945,
            28.0918285
          ],
          [
            84.8316233,
            28.0918561
          ],
          [
            84.8317113,
            28.0918952
          ],
          [
            84.8322137,
            28.0923048
          ],
          [
            84.8326726,
            28.0926999
          ],
          [
            84.8332402,
            28.0932047
          ],
          [
            84.8333723,
            28.0932698
          ],
          [
            84.8337601,
            28.0936011
          ],
          [
            84.833945,
            28.0937623
          ],
          [
            84.8341488,
            28.0939136
          ],
          [
            84.83428,
            28.0939928
          ],
          [
            84.8343668,
            28.0940694
          ],
          [
            84.8344302,
            28.0941655
          ],
          [
            84.8345214,
            28.0943998
          ],
          [
            84.8346877,
            28.0947216
          ],
          [
            84.8348614,
            28.0949786
          ],
          [
            84.8349548,
            28.0950815
          ],
          [
            84.8350283,
            28.095209
          ],
          [
            84.8350713,
            28.0953368
          ],
          [
            84.8351061,
            28.0955048
          ],
          [
            84.8351517,
            28.095694
          ],
          [
            84.8351896,
            28.0958745
          ],
          [
            84.8351703,
            28.0960963
          ],
          [
            84.8351902,
            28.0961838
          ],
          [
            84.8352202,
            28.0962996
          ],
          [
            84.8352322,
            28.0963211
          ],
          [
            84.8352805,
            28.0963341
          ],
          [
            84.8353538,
            28.0963341
          ],
          [
            84.8355715,
            28.0963471
          ],
          [
            84.8357123,
            28.0963601
          ],
          [
            84.8358144,
            28.0963773
          ],
          [
            84.8358518,
            28.0964051
          ],
          [
            84.8358719,
            28.0964607
          ],
          [
            84.8358692,
            28.0965494
          ],
          [
            84.8358196,
            28.0966653
          ],
          [
            84.8357294,
            28.096881
          ],
          [
            84.8356935,
            28.0970806
          ],
          [
            84.8356854,
            28.0972536
          ],
          [
            84.8356739,
            28.0979794
          ],
          [
            84.8357037,
            28.0984191
          ],
          [
            84.8356587,
            28.098725
          ],
          [
            84.835663,
            28.098965
          ],
          [
            84.8358196,
            28.0993071
          ],
          [
            84.8359537,
            28.0995011
          ],
          [
            84.8360194,
            28.0997136
          ],
          [
            84.83612,
            28.1001636
          ],
          [
            84.836112,
            28.1004191
          ],
          [
            84.8361316,
            28.100648
          ],
          [
            84.8361799,
            28.1008162
          ],
          [
            84.8361951,
            28.1009373
          ],
          [
            84.8362031,
            28.1011223
          ],
          [
            84.8361737,
            28.1015004
          ],
          [
            84.836141,
            28.1018052
          ],
          [
            84.8362005,
            28.1021771
          ],
          [
            84.8362488,
            28.1024563
          ],
          [
            84.8362655,
            28.1027151
          ],
          [
            84.8362621,
            28.1030368
          ],
          [
            84.8363024,
            28.1031992
          ],
          [
            84.8363157,
            28.1033454
          ],
          [
            84.8363131,
            28.1035612
          ],
          [
            84.8362701,
            28.103759
          ],
          [
            84.8361978,
            28.1038735
          ],
          [
            84.8361267,
            28.1039793
          ],
          [
            84.8361307,
            28.1041692
          ],
          [
            84.8361577,
            28.1043324
          ],
          [
            84.8361656,
            28.1044792
          ],
          [
            84.8361604,
            28.1046152
          ],
          [
            84.8361522,
            28.1047536
          ],
          [
            84.8361259,
            28.1048985
          ],
          [
            84.8361232,
            28.1051081
          ],
          [
            84.8360744,
            28.1052954
          ],
          [
            84.8359998,
            28.1054811
          ],
          [
            84.8359859,
            28.1056456
          ],
          [
            84.8359973,
            28.105828
          ],
          [
            84.8359808,
            28.1061196
          ],
          [
            84.8359993,
            28.1062442
          ],
          [
            84.8360422,
            28.106327
          ],
          [
            84.8360862,
            28.1063851
          ],
          [
            84.8362166,
            28.1064831
          ],
          [
            84.8363958,
            28.1066217
          ],
          [
            84.8365021,
            28.1067537
          ],
          [
            84.8366536,
            28.1068674
          ],
          [
            84.8367698,
            28.107051
          ],
          [
            84.8372712,
            28.1075785
          ],
          [
            84.8373458,
            28.1077773
          ],
          [
            84.8373699,
            28.1079287
          ],
          [
            84.8373993,
            28.1080625
          ],
          [
            84.8374879,
            28.1081676
          ],
          [
            84.8375604,
            28.1082315
          ],
          [
            84.8376318,
            28.1083285
          ],
          [
            84.8376542,
            28.1084657
          ],
          [
            84.8376611,
            28.1085633
          ],
          [
            84.8376945,
            28.1086251
          ],
          [
            84.8377964,
            28.1086952
          ],
          [
            84.8379995,
            28.1087999
          ],
          [
            84.8382554,
            28.1090401
          ],
          [
            84.8384294,
            28.1091376
          ],
          [
            84.838594,
            28.1092246
          ],
          [
            84.8388103,
            28.1094301
          ],
          [
            84.8389771,
            28.1096093
          ],
          [
            84.8390195,
            28.1097267
          ],
          [
            84.8390532,
            28.1098617
          ],
          [
            84.839066,
            28.1100846
          ],
          [
            84.8391134,
            28.1102117
          ],
          [
            84.8391905,
            28.1103316
          ],
          [
            84.8392823,
            28.1104696
          ],
          [
            84.8393843,
            28.1106754
          ],
          [
            84.8395453,
            28.1109543
          ],
          [
            84.8397303,
            28.1111675
          ],
          [
            84.839912,
            28.1113825
          ],
          [
            84.8399582,
            28.1115224
          ],
          [
            84.840017,
            28.1116061
          ],
          [
            84.8401329,
            28.1117797
          ],
          [
            84.8402157,
            28.1119908
          ],
          [
            84.8402979,
            28.112168
          ],
          [
            84.8403981,
            28.1122558
          ],
          [
            84.8404777,
            28.1123569
          ],
          [
            84.8405376,
            28.1125468
          ],
          [
            84.8405483,
            28.1126769
          ],
          [
            84.8405491,
            28.1127956
          ],
          [
            84.8405349,
            28.1129111
          ],
          [
            84.8405644,
            28.1130128
          ],
          [
            84.8406287,
            28.1130799
          ],
          [
            84.8406945,
            28.1131004
          ],
          [
            84.8407554,
            28.1131068
          ],
          [
            84.8409627,
            28.1131098
          ],
          [
            84.8411228,
            28.1131253
          ],
          [
            84.8412269,
            28.1131465
          ],
          [
            84.8413236,
            28.1131633
          ],
          [
            84.8413946,
            28.1132021
          ],
          [
            84.8414509,
            28.1132411
          ],
          [
            84.8414965,
            28.1133026
          ],
          [
            84.841526,
            28.113363
          ],
          [
            84.8415373,
            28.1134341
          ],
          [
            84.8415327,
            28.113583
          ],
          [
            84.8414817,
            28.1137154
          ],
          [
            84.8414274,
            28.1138451
          ],
          [
            84.8414227,
            28.1139709
          ],
          [
            84.8414487,
            28.1140656
          ],
          [
            84.8414469,
            28.1141436
          ],
          [
            84.8414201,
            28.1142099
          ],
          [
            84.841359,
            28.1142462
          ],
          [
            84.8412806,
            28.1142785
          ],
          [
            84.8411572,
            28.1143098
          ],
          [
            84.8409185,
            28.1144039
          ],
          [
            84.8407388,
            28.1144819
          ],
          [
            84.8406368,
            28.1145222
          ],
          [
            84.8405564,
            28.1145641
          ],
          [
            84.8404115,
            28.1146215
          ],
          [
            84.8403016,
            28.1146783
          ],
          [
            84.8402426,
            28.1147244
          ],
          [
            84.8402144,
            28.1147635
          ],
          [
            84.8402236,
            28.1148328
          ],
          [
            84.8403179,
            28.1149155
          ],
          [
            84.8403848,
            28.1149504
          ],
          [
            84.840476,
            28.1149729
          ],
          [
            84.840653,
            28.1150024
          ],
          [
            84.8408342,
            28.1150328
          ],
          [
            84.8410017,
            28.1150521
          ],
          [
            84.8411797,
            28.1151132
          ],
          [
            84.8413329,
            28.1151839
          ],
          [
            84.8414657,
            28.1153005
          ],
          [
            84.8415757,
            28.1154228
          ],
          [
            84.8417151,
            28.1155253
          ],
          [
            84.8418636,
            28.1155981
          ],
          [
            84.8419458,
            28.1156554
          ],
          [
            84.8420548,
            28.11572
          ],
          [
            84.8421681,
            28.1157903
          ],
          [
            84.8422757,
            28.1158967
          ],
          [
            84.8423757,
            28.1160438
          ],
          [
            84.8424259,
            28.1161877
          ],
          [
            84.8424903,
            28.1163012
          ],
          [
            84.8425778,
            28.116386
          ],
          [
            84.8426539,
            28.1164361
          ],
          [
            84.8427505,
            28.1164526
          ],
          [
            84.8428828,
            28.1164735
          ],
          [
            84.8430402,
            28.1164857
          ],
          [
            84.8431979,
            28.1165936
          ],
          [
            84.8434103,
            28.1167507
          ],
          [
            84.8436502,
            28.1169431
          ],
          [
            84.8440616,
            28.1172576
          ],
          [
            84.8445339,
            28.1174203
          ],
          [
            84.8448116,
            28.1175547
          ],
          [
            84.845323,
            28.1176651
          ],
          [
            84.8455662,
            28.1177894
          ],
          [
            84.845749,
            28.1179011
          ],
          [
            84.8459389,
            28.118083
          ],
          [
            84.8461703,
            28.1182103
          ],
          [
            84.8464236,
            28.1182785
          ],
          [
            84.8465807,
            28.1183309
          ],
          [
            84.8467375,
            28.1183415
          ],
          [
            84.8469481,
            28.1184185
          ],
          [
            84.8471877,
            28.1185463
          ],
          [
            84.84738,
            28.1187071
          ],
          [
            84.8475622,
            28.1188151
          ],
          [
            84.8476965,
            28.1188538
          ],
          [
            84.847848,
            28.1188767
          ],
          [
            84.8480344,
            28.1188869
          ],
          [
            84.8482068,
            28.1189219
          ],
          [
            84.8484314,
            28.1190312
          ],
          [
            84.8486441,
            28.1191212
          ],
          [
            84.8488277,
            28.1192305
          ],
          [
            84.849093,
            28.1194019
          ],
          [
            84.8491797,
            28.1194617
          ],
          [
            84.8493326,
            28.1197148
          ],
          [
            84.8494104,
            28.1198591
          ],
          [
            84.8495123,
            28.1199585
          ],
          [
            84.8496095,
            28.1200159
          ],
          [
            84.8497698,
            28.1201099
          ],
          [
            84.8499398,
            28.120202
          ],
          [
            84.8500905,
            28.1203082
          ],
          [
            84.8502938,
            28.1204416
          ],
          [
            84.8504591,
            28.1205499
          ],
          [
            84.8506045,
            28.1206804
          ],
          [
            84.8507703,
            28.1208172
          ],
          [
            84.8508992,
            28.1209192
          ],
          [
            84.8511009,
            28.1212281
          ],
          [
            84.8511949,
            28.1213023
          ],
          [
            84.8512719,
            28.1213779
          ],
          [
            84.8512975,
            28.1214447
          ],
          [
            84.8513975,
            28.1215886
          ],
          [
            84.8515134,
            28.1217088
          ],
          [
            84.8516214,
            28.1218091
          ],
          [
            84.8519107,
            28.121943
          ],
          [
            84.852182,
            28.1220676
          ],
          [
            84.8523367,
            28.122149
          ],
          [
            84.8524425,
            28.1222433
          ],
          [
            84.8526687,
            28.1224495
          ],
          [
            84.8527041,
            28.1226032
          ],
          [
            84.8527362,
            28.1226978
          ],
          [
            84.852778,
            28.1227805
          ],
          [
            84.8529375,
            28.1229249
          ],
          [
            84.853034,
            28.1229959
          ],
          [
            84.8530847,
            28.1230749
          ],
          [
            84.8531414,
            28.1231922
          ],
          [
            84.8531682,
            28.1233081
          ],
          [
            84.8532367,
            28.1235336
          ],
          [
            84.8532862,
            28.1237671
          ],
          [
            84.8532957,
            28.1239627
          ],
          [
            84.8532916,
            28.1241716
          ],
          [
            84.8533613,
            28.1244318
          ],
          [
            84.853423,
            28.1245832
          ],
          [
            84.8534471,
            28.1246967
          ],
          [
            84.8534304,
            28.1248187
          ],
          [
            84.853423,
            28.1249214
          ],
          [
            84.8534042,
            28.1250042
          ],
          [
            84.8534149,
            28.125236
          ],
          [
            84.8534176,
            28.1253709
          ],
          [
            84.8533988,
            28.1254702
          ],
          [
            84.8533586,
            28.1256287
          ],
          [
            84.8533291,
            28.1258842
          ],
          [
            84.8533237,
            28.1260356
          ],
          [
            84.8533169,
            28.1261676
          ],
          [
            84.8533318,
            28.1263667
          ],
          [
            84.8533559,
            28.1265087
          ],
          [
            84.8533786,
            28.1266232
          ],
          [
            84.8533869,
            28.126746
          ],
          [
            84.8534302,
            28.1269677
          ],
          [
            84.8534498,
            28.1271994
          ],
          [
            84.8534825,
            28.1274031
          ],
          [
            84.8535866,
            28.1280131
          ],
          [
            84.8536161,
            28.1283324
          ],
          [
            84.8536349,
            28.1285359
          ],
          [
            84.8536563,
            28.1286352
          ],
          [
            84.8536852,
            28.1287362
          ],
          [
            84.8538012,
            28.1289687
          ],
          [
            84.8538521,
            28.1291154
          ],
          [
            84.8538829,
            28.1292757
          ],
          [
            84.8539138,
            28.1294797
          ],
          [
            84.8539809,
            28.1297446
          ],
          [
            84.8540257,
            28.1299376
          ],
          [
            84.8540131,
            28.130246
          ],
          [
            84.8539863,
            28.1304069
          ],
          [
            84.8539905,
            28.1305538
          ],
          [
            84.8540211,
            28.1307806
          ],
          [
            84.8540292,
            28.130932
          ],
          [
            84.8539997,
            28.1312182
          ],
          [
            84.8539943,
            28.1314784
          ],
          [
            84.8539925,
            28.1316764
          ],
          [
            84.8540158,
            28.131994
          ],
          [
            84.8540368,
            28.1322961
          ],
          [
            84.8540533,
            28.1325806
          ],
          [
            84.8540635,
            28.1327583
          ],
          [
            84.8540318,
            28.1329165
          ],
          [
            84.8539944,
            28.1330825
          ],
          [
            84.8540453,
            28.1332831
          ],
          [
            84.8540962,
            28.1335126
          ],
          [
            84.8541864,
            28.1336939
          ],
          [
            84.8542303,
            28.133962
          ],
          [
            84.854238,
            28.1341374
          ],
          [
            84.854292,
            28.1343665
          ],
          [
            84.8543752,
            28.1345699
          ],
          [
            84.8544583,
            28.1348135
          ],
          [
            84.854512,
            28.1350358
          ],
          [
            84.8545629,
            28.1352818
          ],
          [
            84.8546058,
            28.1355089
          ],
          [
            84.8546407,
            28.1357454
          ],
          [
            84.8547104,
            28.1359086
          ],
          [
            84.8547636,
            28.1360217
          ],
          [
            84.8548767,
            28.1361428
          ],
          [
            84.8549486,
            28.1362088
          ],
          [
            84.85498,
            28.1362575
          ],
          [
            84.8549988,
            28.1362894
          ],
          [
            84.8550124,
            28.1363198
          ],
          [
            84.8549921,
            28.1364065
          ],
          [
            84.8549331,
            28.13652
          ],
          [
            84.8549062,
            28.1365863
          ],
          [
            84.854882,
            28.1366321
          ],
          [
            84.8547842,
            28.1367021
          ],
          [
            84.8547629,
            28.1367503
          ],
          [
            84.8547681,
            28.136818
          ],
          [
            84.8547332,
            28.1368499
          ],
          [
            84.8547412,
            28.1368771
          ],
          [
            84.8547536,
            28.136903
          ],
          [
            84.8550606,
            28.1373334
          ],
          [
            84.8550954,
            28.1373677
          ],
          [
            84.8551593,
            28.1374061
          ],
          [
            84.8552378,
            28.1374266
          ],
          [
            84.8553012,
            28.1374708
          ],
          [
            84.8553756,
            28.1375075
          ],
          [
            84.8554315,
            28.1376043
          ],
          [
            84.855517,
            28.1377024
          ],
          [
            84.8556389,
            28.1378702
          ],
          [
            84.8557527,
            28.1380251
          ],
          [
            84.8558678,
            28.1381792
          ],
          [
            84.8561459,
            28.1385108
          ],
          [
            84.856417,
            28.1388254
          ],
          [
            84.856579,
            28.1390193
          ],
          [
            84.8566769,
            28.1391801
          ],
          [
            84.8567998,
            28.1393736
          ],
          [
            84.8569019,
            28.1395652
          ],
          [
            84.8571019,
            28.1399031
          ],
          [
            84.8572102,
            28.1400974
          ],
          [
            84.8572926,
            28.1403247
          ],
          [
            84.8573685,
            28.1404427
          ],
          [
            84.8574655,
            28.1405464
          ],
          [
            84.8576287,
            28.1406335
          ],
          [
            84.8577798,
            28.1407023
          ],
          [
            84.8579997,
            28.1407816
          ],
          [
            84.8582303,
            28.1408509
          ],
          [
            84.8583743,
            28.1409677
          ],
          [
            84.8586559,
            28.141164
          ],
          [
            84.8588149,
            28.1413115
          ],
          [
            84.8589753,
            28.1414149
          ],
          [
            84.8591548,
            28.1415945
          ],
          [
            84.8592863,
            28.1416962
          ],
          [
            84.8593597,
            28.1417868
          ],
          [
            84.8594311,
            28.1419564
          ],
          [
            84.8595509,
            28.1421194
          ],
          [
            84.8596537,
            28.1422591
          ],
          [
            84.8597074,
            28.1423561
          ],
          [
            84.8597301,
            28.1424582
          ],
          [
            84.8597825,
            28.1425382
          ],
          [
            84.8598641,
            28.1426263
          ],
          [
            84.8599497,
            28.1426723
          ],
          [
            84.8600838,
            28.142704
          ],
          [
            84.8601651,
            28.1427019
          ],
          [
            84.86031,
            28.1426983
          ],
          [
            84.8604101,
            28.1426659
          ],
          [
            84.8604679,
            28.1426519
          ],
          [
            84.86058,
            28.142604
          ],
          [
            84.8606613,
            28.1425578
          ],
          [
            84.8607672,
            28.142535
          ],
          [
            84.860901,
            28.1425201
          ],
          [
            84.8610326,
            28.1425564
          ],
          [
            84.8611826,
            28.1426352
          ],
          [
            84.8613685,
            28.1427292
          ],
          [
            84.8614803,
            28.1427771
          ],
          [
            84.8615988,
            28.1428207
          ],
          [
            84.8617015,
            28.1428773
          ],
          [
            84.8617643,
            28.1429963
          ],
          [
            84.8617705,
            28.143264
          ],
          [
            84.8618488,
            28.1434322
          ],
          [
            84.8620006,
            28.1435954
          ],
          [
            84.8621472,
            28.1437354
          ],
          [
            84.8623681,
            28.1439407
          ],
          [
            84.8625692,
            28.1440849
          ],
          [
            84.862761,
            28.1441729
          ],
          [
            84.8629045,
            28.1442198
          ],
          [
            84.8629689,
            28.1442552
          ],
          [
            84.8630197,
            28.1443136
          ],
          [
            84.8630951,
            28.1444394
          ],
          [
            84.8631121,
            28.1445934
          ],
          [
            84.8631138,
            28.1446762
          ],
          [
            84.8630703,
            28.1447357
          ],
          [
            84.8630145,
            28.1447874
          ],
          [
            84.8629124,
            28.144823
          ],
          [
            84.8627517,
            28.14488
          ],
          [
            84.8626873,
            28.1449293
          ],
          [
            84.8626149,
            28.1450026
          ],
          [
            84.8625317,
            28.1451327
          ],
          [
            84.8624348,
            28.1452744
          ],
          [
            84.8623735,
            28.1454235
          ],
          [
            84.8623276,
            28.1455617
          ],
          [
            84.8623225,
            28.145653
          ],
          [
            84.8623761,
            28.145724
          ],
          [
            84.8624235,
            28.1457918
          ],
          [
            84.8625164,
            28.1458974
          ],
          [
            84.8626033,
            28.1459668
          ],
          [
            84.862734,
            28.1461009
          ],
          [
            84.8628873,
            28.1462352
          ],
          [
            84.8629716,
            28.1463341
          ],
          [
            84.8630199,
            28.1464145
          ],
          [
            84.8631092,
            28.1465712
          ],
          [
            84.8631425,
            28.146736
          ],
          [
            84.8631325,
            28.1468828
          ],
          [
            84.8631188,
            28.1470164
          ],
          [
            84.863095,
            28.147124
          ],
          [
            84.8630462,
            28.1472323
          ],
          [
            84.8629716,
            28.1473511
          ],
          [
            84.8628938,
            28.1474386
          ],
          [
            84.8627865,
            28.1476585
          ],
          [
            84.8627061,
            28.1478477
          ],
          [
            84.8626412,
            28.1479844
          ],
          [
            84.8625827,
            28.1482403
          ],
          [
            84.8624808,
            28.1485288
          ],
          [
            84.8623756,
            28.1487861
          ],
          [
            84.8623112,
            28.148928
          ],
          [
            84.8622233,
            28.1489877
          ],
          [
            84.8621343,
            28.1490534
          ],
          [
            84.8620838,
            28.149068
          ],
          [
            84.8620758,
            28.1491698
          ],
          [
            84.8621317,
            28.1492258
          ],
          [
            84.8622227,
            28.1492751
          ],
          [
            84.8623414,
            28.1493382
          ],
          [
            84.8624808,
            28.1493696
          ],
          [
            84.8626028,
            28.1493897
          ],
          [
            84.8627302,
            28.149396
          ],
          [
            84.8628523,
            28.149398
          ],
          [
            84.8630032,
            28.149381
          ],
          [
            84.8631191,
            28.1493483
          ],
          [
            84.8631909,
            28.1493268
          ],
          [
            84.8632747,
            28.1493034
          ],
          [
            84.8633624,
            28.1493135
          ],
          [
            84.8634188,
            28.1493251
          ],
          [
            84.8634914,
            28.1493809
          ],
          [
            84.8635617,
            28.1494417
          ],
          [
            84.8636381,
            28.1495044
          ],
          [
            84.8637305,
            28.1495609
          ],
          [
            84.8638164,
            28.1496049
          ],
          [
            84.8639399,
            28.1496853
          ],
          [
            84.8640046,
            28.1497887
          ],
          [
            84.8640713,
            28.1498839
          ],
          [
            84.8641215,
            28.1499357
          ],
          [
            84.864228,
            28.1499893
          ],
          [
            84.86432,
            28.1500746
          ],
          [
            84.8643905,
            28.1502056
          ],
          [
            84.8644388,
            28.1503142
          ],
          [
            84.8644629,
            28.1503948
          ],
          [
            84.8644468,
            28.1504894
          ],
          [
            84.8644799,
            28.150573
          ],
          [
            84.8646104,
            28.1506502
          ],
          [
            84.8646963,
            28.1507093
          ],
          [
            84.8647417,
            28.1509464
          ],
          [
            84.864798,
            28.1510741
          ],
          [
            84.8648114,
            28.1511687
          ],
          [
            84.8648597,
            28.1513058
          ],
          [
            84.8648545,
            28.1514259
          ],
          [
            84.8648412,
            28.151525
          ],
          [
            84.8648561,
            28.1516463
          ],
          [
            84.8648778,
            28.1517189
          ],
          [
            84.8649055,
            28.1517996
          ],
          [
            84.8649296,
            28.1518942
          ],
          [
            84.865016,
            28.152019
          ],
          [
            84.8650504,
            28.1521022
          ],
          [
            84.8651379,
            28.1522727
          ],
          [
            84.865238,
            28.1524196
          ],
          [
            84.86534,
            28.1526155
          ],
          [
            84.8654328,
            28.1527845
          ],
          [
            84.8655371,
            28.1529272
          ],
          [
            84.8656385,
            28.1531601
          ],
          [
            84.865694,
            28.1532965
          ],
          [
            84.8658547,
            28.153401
          ],
          [
            84.8659598,
            28.1534855
          ],
          [
            84.8660394,
            28.1535909
          ],
          [
            84.8661273,
            28.1537511
          ],
          [
            84.8661554,
            28.1539161
          ],
          [
            84.8662579,
            28.1540743
          ],
          [
            84.8662806,
            28.1542456
          ],
          [
            84.8662466,
            28.1544222
          ],
          [
            84.8662198,
            28.1545878
          ],
          [
            84.8662198,
            28.1547155
          ],
          [
            84.8662734,
            28.1548668
          ],
          [
            84.8663963,
            28.1549792
          ],
          [
            84.866523,
            28.1550953
          ],
          [
            84.8666553,
            28.1551997
          ],
          [
            84.8667936,
            28.1553281
          ],
          [
            84.8669702,
            28.15546
          ],
          [
            84.8670718,
            28.1555766
          ],
          [
            84.8671258,
            28.1556766
          ],
          [
            84.8671705,
            28.1558624
          ],
          [
            84.8671746,
            28.1560303
          ],
          [
            84.8671797,
            28.1561937
          ],
          [
            84.8671328,
            28.1563365
          ],
          [
            84.8670793,
            28.1564487
          ],
          [
            84.8670184,
            28.156573
          ],
          [
            84.8669171,
            28.1566499
          ],
          [
            84.8668528,
            28.1567397
          ],
          [
            84.8668528,
            28.1568249
          ],
          [
            84.8669198,
            28.1568982
          ],
          [
            84.8670164,
            28.1569384
          ],
          [
            84.8671417,
            28.1569894
          ],
          [
            84.8672719,
            28.1570527
          ],
          [
            84.867462,
            28.157151
          ],
          [
            84.8675099,
            28.1572624
          ],
          [
            84.8675045,
            28.1574161
          ],
          [
            84.8675153,
            28.1575698
          ],
          [
            84.8675206,
            28.1576833
          ],
          [
            84.8676011,
            28.1578015
          ],
          [
            84.8677191,
            28.1578701
          ],
          [
            84.8677993,
            28.1579476
          ],
          [
            84.8678157,
            28.1579718
          ],
          [
            84.8678586,
            28.1580462
          ],
          [
            84.8678854,
            28.1581468
          ],
          [
            84.8679274,
            28.1582517
          ],
          [
            84.8679672,
            28.158336
          ],
          [
            84.8680061,
            28.1583998
          ],
          [
            84.8680168,
            28.158466
          ],
          [
            84.8680302,
            28.1585275
          ],
          [
            84.8680756,
            28.158607
          ],
          [
            84.8681509,
            28.1586575
          ],
          [
            84.8682394,
            28.1586623
          ],
          [
            84.8683065,
            28.1586505
          ],
          [
            84.8683682,
            28.1586528
          ],
          [
            84.8684219,
            28.1586575
          ],
          [
            84.8685131,
            28.158676
          ],
          [
            84.8685613,
            28.1587379
          ],
          [
            84.8686123,
            28.1587912
          ],
          [
            84.8686565,
            28.1588408
          ],
          [
            84.8687021,
            28.1588704
          ],
          [
            84.868733,
            28.1589355
          ],
          [
            84.868741,
            28.1590075
          ],
          [
            84.8687421,
            28.1591044
          ],
          [
            84.8687488,
            28.1591728
          ],
          [
            84.8687665,
            28.1592381
          ],
          [
            84.8688262,
            28.1593129
          ],
          [
            84.8689033,
            28.1593339
          ],
          [
            84.8689985,
            28.1593575
          ],
          [
            84.8690642,
            28.1593965
          ],
          [
            84.8691072,
            28.159445
          ],
          [
            84.869134,
            28.1595041
          ],
          [
            84.8691541,
            28.1595834
          ],
          [
            84.8691638,
            28.1596652
          ],
          [
            84.8691487,
            28.1597501
          ],
          [
            84.8691648,
            28.159821
          ],
          [
            84.8691989,
            28.1598964
          ],
          [
            84.8692372,
            28.1599606
          ],
          [
            84.8693419,
            28.1600339
          ],
          [
            84.8694438,
            28.1601568
          ],
          [
            84.869535,
            28.1602112
          ],
          [
            84.8696181,
            28.1603413
          ],
          [
            84.8696886,
            28.1603911
          ],
          [
            84.8697871,
            28.1604666
          ],
          [
            84.8698387,
            28.1605426
          ],
          [
            84.8698602,
            28.1606656
          ],
          [
            84.8698656,
            28.160779
          ],
          [
            84.869881,
            28.1608544
          ],
          [
            84.8699407,
            28.1609328
          ],
          [
            84.8700935,
            28.1610273
          ],
          [
            84.8702169,
            28.1610722
          ],
          [
            84.8703541,
            28.1611195
          ],
          [
            84.8705595,
            28.1613132
          ],
          [
            84.8707098,
            28.1613959
          ],
          [
            84.8708787,
            28.1615047
          ],
          [
            84.8710108,
            28.1616824
          ],
          [
            84.8711121,
            28.161831
          ],
          [
            84.8712141,
            28.1619421
          ],
          [
            84.8713267,
            28.162032
          ],
          [
            84.8714641,
            28.1620939
          ],
          [
            84.8715761,
            28.162181
          ],
          [
            84.87167,
            28.1623182
          ],
          [
            84.8717109,
            28.1624628
          ],
          [
            84.8717772,
            28.1625593
          ],
          [
            84.8718003,
            28.1627145
          ],
          [
            84.87189,
            28.162836
          ],
          [
            84.8720295,
            28.1629684
          ],
          [
            84.8721776,
            28.1630656
          ],
          [
            84.8724345,
            28.1632545
          ],
          [
            84.872598,
            28.1633752
          ],
          [
            84.8727804,
            28.1634532
          ],
          [
            84.8729038,
            28.1635644
          ],
          [
            84.8730386,
            28.163612
          ],
          [
            84.8732069,
            28.1637039
          ],
          [
            84.8733765,
            28.1638318
          ],
          [
            84.8734161,
            28.1639332
          ],
          [
            84.8734522,
            28.1640567
          ],
          [
            84.8735529,
            28.1642477
          ],
          [
            84.8737594,
            28.1644298
          ],
          [
            84.8739257,
            28.1646379
          ],
          [
            84.8740464,
            28.1647537
          ],
          [
            84.8741484,
            28.1648199
          ],
          [
            84.8742226,
            28.1648807
          ],
          [
            84.8743335,
            28.1649641
          ],
          [
            84.8743254,
            28.1650918
          ],
          [
            84.8742902,
            28.1651616
          ],
          [
            84.8742557,
            28.1652479
          ],
          [
            84.8742342,
            28.1653283
          ],
          [
            84.8741859,
            28.1653473
          ],
          [
            84.8742074,
            28.1654229
          ],
          [
            84.8743093,
            28.1655411
          ],
          [
            84.8744595,
            28.1656452
          ],
          [
            84.8746456,
            28.1657306
          ],
          [
            84.8748511,
            28.1657587
          ],
          [
            84.875055,
            28.1658533
          ],
          [
            84.87535,
            28.1660093
          ],
          [
            84.8756304,
            28.1661538
          ],
          [
            84.8759562,
            28.1663167
          ],
          [
            84.8761547,
            28.1664019
          ],
          [
            84.8763317,
            28.1664823
          ],
          [
            84.8764405,
            28.166551
          ],
          [
            84.8765516,
            28.1666241
          ],
          [
            84.8766589,
            28.1667518
          ],
          [
            84.8767394,
            28.1668653
          ],
          [
            84.8768413,
            28.1669173
          ],
          [
            84.876875,
            28.1670287
          ],
          [
            84.8768252,
            28.1671822
          ],
          [
            84.8768145,
            28.1673335
          ],
          [
            84.8767838,
            28.1674448
          ],
          [
            84.8768038,
            28.1675841
          ],
          [
            84.8768587,
            28.1676503
          ],
          [
            84.8769379,
            28.1677402
          ],
          [
            84.8770456,
            28.1678009
          ],
          [
            84.8771353,
            28.1678894
          ],
          [
            84.8772061,
            28.1679577
          ],
          [
            84.8772954,
            28.1680401
          ],
          [
            84.8773444,
            28.1681116
          ],
          [
            84.8773509,
            28.168232
          ],
          [
            84.8773621,
            28.1683468
          ],
          [
            84.8774099,
            28.1684165
          ],
          [
            84.877485,
            28.1684874
          ],
          [
            84.8776057,
            28.1685231
          ],
          [
            84.8776942,
            28.1685914
          ],
          [
            84.8777533,
            28.1686813
          ],
          [
            84.8777479,
            28.1687617
          ],
          [
            84.8779464,
            28.1690265
          ],
          [
            84.8779643,
            28.1691452
          ],
          [
            84.878,
            28.1692866
          ],
          [
            84.8781019,
            28.1694379
          ],
          [
            84.8783727,
            28.1695755
          ],
          [
            84.8790217,
            28.1699753
          ],
          [
            84.8793089,
            28.1702561
          ],
          [
            84.8796049,
            28.1705157
          ],
          [
            84.8798271,
            28.1707319
          ],
          [
            84.8800331,
            28.1709607
          ],
          [
            84.8801305,
            28.1712121
          ],
          [
            84.8801872,
            28.1714614
          ],
          [
            84.8802638,
            28.1717315
          ],
          [
            84.8803581,
            28.1719234
          ],
          [
            84.8805481,
            28.1721098
          ],
          [
            84.8809925,
            28.1723672
          ],
          [
            84.8810959,
            28.1724766
          ],
          [
            84.8812089,
            28.1730137
          ],
          [
            84.8812546,
            28.1732548
          ],
          [
            84.8810577,
            28.1734103
          ],
          [
            84.8809673,
            28.1734027
          ],
          [
            84.8807895,
            28.1734859
          ],
          [
            84.8806822,
            28.17359
          ],
          [
            84.8806178,
            28.1737377
          ],
          [
            84.880414,
            28.1738359
          ],
          [
            84.8802424,
            28.173973
          ],
          [
            84.8800493,
            28.174077
          ],
          [
            84.8798333,
            28.1741989
          ],
          [
            84.8796255,
            28.1742981
          ],
          [
            84.8794913,
            28.1743891
          ],
          [
            84.8793787,
            28.1745073
          ],
          [
            84.8792767,
            28.1745972
          ],
          [
            84.8791856,
            28.1747296
          ],
          [
            84.8791105,
            28.1748573
          ],
          [
            84.8790783,
            28.1749566
          ],
          [
            84.8790699,
            28.1750447
          ],
          [
            84.8790466,
            28.1751643
          ],
          [
            84.8790933,
            28.1752205
          ],
          [
            84.8791789,
            28.175347
          ],
          [
            84.8792378,
            28.1754216
          ],
          [
            84.8793644,
            28.175505
          ],
          [
            84.8794932,
            28.1755885
          ],
          [
            84.8796314,
            28.1757408
          ],
          [
            84.8796948,
            28.1758681
          ],
          [
            84.8797477,
            28.1759675
          ],
          [
            84.8797823,
            28.1761285
          ],
          [
            84.8797828,
            28.1762756
          ],
          [
            84.8797515,
            28.1763681
          ],
          [
            84.8797091,
            28.1764711
          ],
          [
            84.8796805,
            28.1765549
          ],
          [
            84.8796587,
            28.1766092
          ],
          [
            84.8795745,
            28.1766979
          ],
          [
            84.8795136,
            28.1768002
          ],
          [
            84.8794117,
            28.1770093
          ],
          [
            84.8793482,
            28.1771309
          ],
          [
            84.8792421,
            28.1773624
          ],
          [
            84.8791661,
            28.1775248
          ],
          [
            84.8790483,
            28.1777573
          ],
          [
            84.8789442,
            28.1779168
          ],
          [
            84.8788334,
            28.1780718
          ],
          [
            84.8786744,
            28.1782373
          ],
          [
            84.8784506,
            28.1784842
          ],
          [
            84.8783356,
            28.1785694
          ],
          [
            84.8782552,
            28.1787032
          ],
          [
            84.878169,
            28.1787821
          ],
          [
            84.8780912,
            28.178838
          ],
          [
            84.8780698,
            28.1789145
          ],
          [
            84.8780563,
            28.179002
          ],
          [
            84.8780441,
            28.1790786
          ],
          [
            84.8779977,
            28.1791697
          ],
          [
            84.8779323,
            28.1792788
          ],
          [
            84.8777901,
            28.1793842
          ],
          [
            84.8776928,
            28.1794904
          ],
          [
            84.8776521,
            28.1796039
          ],
          [
            84.8775816,
            28.17969
          ],
          [
            84.8775387,
            28.1797751
          ],
          [
            84.8774528,
            28.1798177
          ],
          [
            84.8773402,
            28.1798508
          ],
          [
            84.8772812,
            28.1799028
          ],
          [
            84.8772758,
            28.1799973
          ],
          [
            84.8773456,
            28.1801156
          ],
          [
            84.8775172,
            28.1801959
          ],
          [
            84.8776621,
            28.1802385
          ],
          [
            84.8777818,
            28.1803048
          ],
          [
            84.8779076,
            28.1803169
          ],
          [
            84.8779736,
            28.1803454
          ],
          [
            84.8780495,
            28.1804093
          ],
          [
            84.8780931,
            28.1805058
          ],
          [
            84.878116,
            28.1806156
          ],
          [
            84.8780831,
            28.1807438
          ],
          [
            84.878072,
            28.1808332
          ],
          [
            84.8780483,
            28.1809356
          ],
          [
            84.8779908,
            28.1809947
          ],
          [
            84.8778923,
            28.1810574
          ],
          [
            84.8778251,
            28.1811487
          ],
          [
            84.8778371,
            28.181285
          ],
          [
            84.8778623,
            28.181371
          ],
          [
            84.877958,
            28.181488
          ],
          [
            84.8780006,
            28.1816081
          ],
          [
            84.8780286,
            28.1818184
          ],
          [
            84.8779974,
            28.1821355
          ],
          [
            84.8779222,
            28.18239
          ],
          [
            84.8777928,
            28.1827346
          ],
          [
            84.8777141,
            28.1830614
          ],
          [
            84.8776614,
            28.1832397
          ],
          [
            84.8776608,
            28.1833454
          ],
          [
            84.8776465,
            28.1834489
          ],
          [
            84.8775946,
            28.1835301
          ],
          [
            84.8775,
            28.1835699
          ],
          [
            84.8773827,
            28.1836129
          ],
          [
            84.877296,
            28.1836134
          ],
          [
            84.8772114,
            28.1836194
          ],
          [
            84.8771793,
            28.1836666
          ],
          [
            84.8771632,
            28.1837636
          ],
          [
            84.8771698,
            28.1838508
          ],
          [
            84.8772423,
            28.1839975
          ],
          [
            84.8772585,
            28.1841559
          ],
          [
            84.877237,
            28.18428
          ],
          [
            84.8773127,
            28.184532
          ],
          [
            84.8773536,
            28.1846893
          ],
          [
            84.877341,
            28.1848151
          ],
          [
            84.8773349,
            28.1849367
          ],
          [
            84.8773187,
            28.1850568
          ],
          [
            84.8772506,
            28.185172
          ],
          [
            84.8771685,
            28.1852388
          ],
          [
            84.8771082,
            28.1852683
          ],
          [
            84.8770264,
            28.185383
          ],
          [
            84.8769544,
            28.1855198
          ],
          [
            84.8768883,
            28.1856595
          ],
          [
            84.8766951,
            28.1858068
          ],
          [
            84.8765925,
            28.1859216
          ],
          [
            84.8765222,
            28.1860661
          ],
          [
            84.8764611,
            28.186257
          ],
          [
            84.8764336,
            28.1863902
          ],
          [
            84.87638,
            28.1864966
          ],
          [
            84.8763451,
            28.1866242
          ],
          [
            84.8763251,
            28.1867122
          ],
          [
            84.8762968,
            28.1868086
          ],
          [
            84.8762676,
            28.1869244
          ],
          [
            84.8762474,
            28.1870215
          ],
          [
            84.8762379,
            28.1871528
          ],
          [
            84.8762727,
            28.1872365
          ],
          [
            84.8763619,
            28.1873003
          ],
          [
            84.8764136,
            28.18739
          ],
          [
            84.876401,
            28.187501
          ],
          [
            84.8764014,
            28.1875864
          ],
          [
            84.876401,
            28.1876819
          ],
          [
            84.8763943,
            28.1878161
          ],
          [
            84.8763789,
            28.1879561
          ],
          [
            84.8763288,
            28.188115
          ],
          [
            84.8763197,
            28.1882273
          ],
          [
            84.8763397,
            28.1883382
          ],
          [
            84.8763548,
            28.1884401
          ],
          [
            84.8763451,
            28.1885392
          ],
          [
            84.8763206,
            28.188616
          ],
          [
            84.8762603,
            28.1887095
          ],
          [
            84.8761377,
            28.1888238
          ],
          [
            84.8761091,
            28.1889103
          ],
          [
            84.8760661,
            28.1889929
          ],
          [
            84.8759622,
            28.1891183
          ],
          [
            84.8758717,
            28.1892541
          ],
          [
            84.8757973,
            28.1893682
          ],
          [
            84.8757684,
            28.1894351
          ],
          [
            84.875727,
            28.1895306
          ],
          [
            84.8756799,
            28.1896526
          ],
          [
            84.875665,
            28.1897516
          ],
          [
            84.8755968,
            28.1898772
          ],
          [
            84.8755791,
            28.1899869
          ],
          [
            84.8756021,
            28.1901042
          ],
          [
            84.8756496,
            28.1901978
          ],
          [
            84.8756424,
            28.1902838
          ],
          [
            84.8755673,
            28.1903642
          ],
          [
            84.8755619,
            28.1904091
          ],
          [
            84.8755136,
            28.190447
          ],
          [
            84.8755276,
            28.1905229
          ],
          [
            84.8755324,
            28.1906172
          ],
          [
            84.8755485,
            28.1907429
          ],
          [
            84.8755699,
            28.1908347
          ],
          [
            84.875586,
            28.190908
          ],
          [
            84.875635,
            28.1909526
          ],
          [
            84.8756906,
            28.1910711
          ],
          [
            84.875731,
            28.1912072
          ],
          [
            84.875747,
            28.1912767
          ],
          [
            84.8757134,
            28.1913853
          ],
          [
            84.8756613,
            28.191506
          ],
          [
            84.8755994,
            28.1915935
          ],
          [
            84.8755109,
            28.1916337
          ],
          [
            84.8754144,
            28.1916713
          ],
          [
            84.8752749,
            28.1917803
          ],
          [
            84.8750737,
            28.1918654
          ],
          [
            84.8748914,
            28.1918961
          ],
          [
            84.8748953,
            28.191926
          ],
          [
            84.8748692,
            28.1919795
          ],
          [
            84.8748592,
            28.1920238
          ],
          [
            84.8748538,
            28.1920521
          ],
          [
            84.8748207,
            28.1920978
          ],
          [
            84.8748004,
            28.1921445
          ],
          [
            84.8744864,
            28.1933337
          ],
          [
            84.8744769,
            28.1933819
          ],
          [
            84.8744582,
            28.1934174
          ],
          [
            84.8744997,
            28.1934942
          ],
          [
            84.8745179,
            28.1935651
          ],
          [
            84.8745668,
            28.1936289
          ],
          [
            84.8746589,
            28.1936422
          ],
          [
            84.8746929,
            28.1937377
          ],
          [
            84.8747609,
            28.1938113
          ],
          [
            84.8748576,
            28.1938664
          ],
          [
            84.8749691,
            28.1939268
          ],
          [
            84.8750978,
            28.1939659
          ],
          [
            84.8753247,
            28.1939685
          ],
          [
            84.8753983,
            28.193993
          ],
          [
            84.8754385,
            28.1940663
          ],
          [
            84.8754895,
            28.1941467
          ],
          [
            84.8755324,
            28.1942483
          ],
          [
            84.8755968,
            28.1943428
          ],
          [
            84.8756231,
            28.1944415
          ],
          [
            84.8756393,
            28.1945545
          ],
          [
            84.8756746,
            28.1946879
          ],
          [
            84.8757041,
            28.1947825
          ],
          [
            84.8757014,
            28.1949055
          ],
          [
            84.8756851,
            28.1950057
          ],
          [
            84.8756451,
            28.1951513
          ],
          [
            84.875578,
            28.1952691
          ],
          [
            84.8754573,
            28.1953877
          ],
          [
            84.8753339,
            28.1954823
          ],
          [
            84.8752695,
            28.1955579
          ],
          [
            84.875166,
            28.1956319
          ],
          [
            84.8750657,
            28.1956997
          ],
          [
            84.8749765,
            28.1957562
          ],
          [
            84.8749047,
            28.195799
          ],
          [
            84.8748511,
            28.1958794
          ],
          [
            84.8748618,
            28.1959692
          ],
          [
            84.8748672,
            28.1960543
          ],
          [
            84.8748404,
            28.1961253
          ],
          [
            84.8748296,
            28.1962104
          ],
          [
            84.8749155,
            28.1962766
          ],
          [
            84.8750174,
            28.1963427
          ],
          [
            84.8751033,
            28.196418
          ],
          [
            84.8751676,
            28.1964988
          ],
          [
            84.8752325,
            28.1965646
          ],
          [
            84.8752605,
            28.1966423
          ],
          [
            84.8752641,
            28.1967304
          ],
          [
            84.875232,
            28.1968392
          ],
          [
            84.8751882,
            28.1969504
          ],
          [
            84.8751462,
            28.1970188
          ],
          [
            84.8750849,
            28.1971134
          ],
          [
            84.8750174,
            28.1972032
          ],
          [
            84.8749606,
            28.1972773
          ],
          [
            84.8748994,
            28.1973498
          ],
          [
            84.8748511,
            28.1974632
          ],
          [
            84.8747794,
            28.1975351
          ],
          [
            84.8747592,
            28.1976234
          ],
          [
            84.8747277,
            28.1977044
          ],
          [
            84.8747009,
            28.1978178
          ],
          [
            84.8746825,
            28.1979591
          ],
          [
            84.8746955,
            28.1980731
          ],
          [
            84.8746955,
            28.198163
          ],
          [
            84.8747009,
            28.1982481
          ],
          [
            84.8746473,
            28.1983568
          ],
          [
            84.8745859,
            28.1984579
          ],
          [
            84.8745292,
            28.1985837
          ],
          [
            84.8745024,
            28.1986972
          ],
          [
            84.8745349,
            28.198803
          ],
          [
            84.8746258,
            28.1989336
          ],
          [
            84.8746635,
            28.199063
          ],
          [
            84.8747063,
            28.1991699
          ],
          [
            84.874674,
            28.1992456
          ],
          [
            84.8746312,
            28.1993402
          ],
          [
            84.8745292,
            28.19943
          ],
          [
            84.8744655,
            28.1995057
          ],
          [
            84.874438,
            28.1996144
          ],
          [
            84.8744112,
            28.1997089
          ],
          [
            84.8743522,
            28.1997656
          ],
          [
            84.8742449,
            28.1998413
          ],
          [
            84.8741805,
            28.1999264
          ],
          [
            84.8741698,
            28.2000115
          ],
          [
            84.8742288,
            28.2001155
          ],
          [
            84.8742586,
            28.2001977
          ],
          [
            84.874202,
            28.2003282
          ],
          [
            84.8742449,
            28.2005032
          ],
          [
            84.8742533,
            28.2006468
          ],
          [
            84.8742878,
            28.2007868
          ],
          [
            84.8743951,
            28.2009192
          ],
          [
            84.8744732,
            28.2010179
          ],
          [
            84.8745078,
            28.2011178
          ],
          [
            84.874481,
            28.2012076
          ],
          [
            84.8744488,
            28.2012927
          ],
          [
            84.8743764,
            28.2013116
          ],
          [
            84.8743308,
            28.2013518
          ],
          [
            84.874272,
            28.2014198
          ],
          [
            84.8741969,
            28.2014954
          ],
          [
            84.8741698,
            28.2015669
          ],
          [
            84.8741782,
            28.2016608
          ],
          [
            84.874253,
            28.2017654
          ],
          [
            84.8742986,
            28.2018505
          ],
          [
            84.8743817,
            28.2019687
          ],
          [
            84.874422,
            28.2020113
          ],
          [
            84.8744863,
            28.2021342
          ],
          [
            84.874489,
            28.2021909
          ],
          [
            84.8745564,
            28.2022872
          ],
          [
            84.8745802,
            28.2023588
          ],
          [
            84.8745802,
            28.2024391
          ],
          [
            84.8745561,
            28.2024982
          ],
          [
            84.8745215,
            28.2025614
          ],
          [
            84.8744568,
            28.2026093
          ],
          [
            84.8744112,
            28.2026566
          ],
          [
            84.8743924,
            28.2027228
          ],
          [
            84.8744085,
            28.202841
          ],
          [
            84.8744434,
            28.202945
          ],
          [
            84.8744541,
            28.2030561
          ],
          [
            84.874457,
            28.2031761
          ],
          [
            84.8745966,
            28.2034337
          ],
          [
            84.8744947,
            28.2036606
          ],
          [
            84.8743522,
            28.2037983
          ],
          [
            84.8741647,
            28.2039679
          ],
          [
            84.8740091,
            28.2041499
          ],
          [
            84.8737571,
            28.2042327
          ],
          [
            84.8736334,
            28.2042852
          ],
          [
            84.873569,
            28.2043514
          ],
          [
            84.8735422,
            28.2044696
          ],
          [
            84.873569,
            28.2045831
          ],
          [
            84.8734673,
            28.2046676
          ],
          [
            84.8732823,
            28.2047101
          ],
          [
            84.8731559,
            28.2047674
          ],
          [
            84.8730701,
            28.2048478
          ],
          [
            84.8730433,
            28.2049613
          ],
          [
            84.8730701,
            28.2050842
          ],
          [
            84.8730648,
            28.2051834
          ],
          [
            84.8729736,
            28.2051929
          ],
          [
            84.872936,
            28.2050984
          ],
          [
            84.8729843,
            28.2049943
          ],
          [
            84.8729521,
            28.2048998
          ],
          [
            84.8728502,
            28.2049093
          ],
          [
            84.8727643,
            28.2049471
          ],
          [
            84.8727268,
            28.2049991
          ],
          [
            84.8726839,
            28.2050984
          ],
          [
            84.8727107,
            28.2052213
          ],
          [
            84.8728448,
            28.2052922
          ],
          [
            84.8729199,
            28.2053584
          ],
          [
            84.8730004,
            28.2054388
          ],
          [
            84.8730141,
            28.2055422
          ],
          [
            84.8730057,
            28.2056491
          ],
          [
            84.8729464,
            28.2057401
          ],
          [
            84.8729477,
            28.2058698
          ],
          [
            84.8730004,
            28.2060226
          ],
          [
            84.8730085,
            28.2061171
          ],
          [
            84.8729872,
            28.2062231
          ],
          [
            84.8729896,
            28.2063038
          ],
          [
            84.8730487,
            28.2063842
          ],
          [
            84.8731184,
            28.2065166
          ],
          [
            84.8731077,
            28.2066206
          ],
          [
            84.8731626,
            28.206766
          ],
          [
            84.8731841,
            28.2068995
          ],
          [
            84.8732847,
            28.2070366
          ],
          [
            84.8733286,
            28.2071501
          ],
          [
            84.8734093,
            28.2072325
          ],
          [
            84.8735193,
            28.2073321
          ],
          [
            84.8736162,
            28.2073875
          ],
          [
            84.8736817,
            28.2075046
          ],
          [
            84.8736441,
            28.2075944
          ],
          [
            84.8735697,
            28.2076809
          ],
          [
            84.8734671,
            28.2077693
          ],
          [
            84.8733491,
            28.2078166
          ],
          [
            84.8732486,
            28.207869
          ],
          [
            84.8731184,
            28.2079584
          ],
          [
            84.8730487,
            28.2080719
          ],
          [
            84.8730272,
            28.2082373
          ],
          [
            84.8730326,
            28.2083792
          ],
          [
            84.8730138,
            28.2084926
          ],
          [
            84.872983,
            28.2086462
          ],
          [
            84.8729971,
            28.2087985
          ],
          [
            84.8730445,
            28.2090076
          ],
          [
            84.8731371,
            28.2091473
          ],
          [
            84.873172,
            28.2092253
          ],
          [
            84.8731989,
            28.2093388
          ],
          [
            84.8731989,
            28.2094381
          ],
          [
            84.8731935,
            28.2095373
          ],
          [
            84.8733222,
            28.2096082
          ],
          [
            84.873392,
            28.2096933
          ],
          [
            84.8734564,
            28.2097595
          ],
          [
            84.8735797,
            28.2097879
          ],
          [
            84.8736817,
            28.2099013
          ],
          [
            84.8737675,
            28.2100432
          ],
          [
            84.873864,
            28.2101566
          ],
          [
            84.873966,
            28.2102275
          ],
          [
            84.8740706,
            28.2103788
          ],
          [
            84.8741323,
            28.2105135
          ],
          [
            84.8741551,
            28.2106601
          ],
          [
            84.8741349,
            28.2107629
          ],
          [
            84.8741134,
            28.2109031
          ],
          [
            84.8742932,
            28.2110004
          ],
          [
            84.8744112,
            28.211121
          ],
          [
            84.8745132,
            28.2113029
          ],
          [
            84.8745675,
            28.211423
          ],
          [
            84.8746902,
            28.2115842
          ],
          [
            84.874776,
            28.2117142
          ],
          [
            84.8748216,
            28.21183
          ],
          [
            84.8748318,
            28.2119291
          ],
          [
            84.8748779,
            28.2120191
          ],
          [
            84.8749739,
            28.2120913
          ],
          [
            84.8749879,
            28.2121775
          ],
          [
            84.8749396,
            28.2122839
          ],
          [
            84.8749236,
            28.2123855
          ],
          [
            84.8749116,
            28.2125378
          ],
          [
            84.8749119,
            28.2126574
          ],
          [
            84.8749584,
            28.2127424
          ],
          [
            84.8750442,
            28.2128511
          ],
          [
            84.8751247,
            28.2129645
          ],
          [
            84.8750868,
            28.2130865
          ],
          [
            84.8750651,
            28.2132164
          ],
          [
            84.8751032,
            28.2133569
          ],
          [
            84.8751193,
            28.2134703
          ],
          [
            84.8751301,
            28.2135791
          ],
          [
            84.8751247,
            28.2136689
          ],
          [
            84.8751327,
            28.2137162
          ],
          [
            84.875181,
            28.2137232
          ],
          [
            84.8751998,
            28.2136878
          ],
          [
            84.8752078,
            28.2136334
          ],
          [
            84.8752212,
            28.2135862
          ],
          [
            84.8752749,
            28.213546
          ],
          [
            84.8752883,
            28.2135483
          ],
          [
            84.8753124,
            28.2135743
          ],
          [
            84.8753205,
            28.2136523
          ],
          [
            84.8753312,
            28.2137303
          ],
          [
            84.8753156,
            28.2137845
          ],
          [
            84.8752749,
            28.2138556
          ],
          [
            84.8752427,
            28.2139265
          ],
          [
            84.87524,
            28.2139997
          ],
          [
            84.875242,
            28.2140562
          ],
          [
            84.8752266,
            28.2141132
          ],
          [
            84.8752481,
            28.2141959
          ],
          [
            84.8752829,
            28.214281
          ],
          [
            84.8753715,
            28.2143519
          ],
          [
            84.8754787,
            28.2144276
          ],
          [
            84.8755539,
            28.2145741
          ],
          [
            84.8756636,
            28.2147885
          ],
          [
            84.8756048,
            28.2150586
          ],
          [
            84.875629,
            28.215243
          ],
          [
            84.8756289,
            28.2154557
          ],
          [
            84.8756527,
            28.2155417
          ],
          [
            84.8756387,
            28.2156688
          ],
          [
            84.8756557,
            28.2157465
          ],
          [
            84.8756397,
            28.215828
          ],
          [
            84.8756303,
            28.2159118
          ],
          [
            84.8756075,
            28.2159828
          ],
          [
            84.8755914,
            28.2160868
          ],
          [
            84.8755659,
            28.2161636
          ],
          [
            84.8755217,
            28.216238
          ],
          [
            84.8755136,
            28.2163349
          ],
          [
            84.8755163,
            28.2164129
          ],
          [
            84.8755217,
            28.216472
          ],
          [
            84.8755324,
            28.2165524
          ],
          [
            84.875519,
            28.2166895
          ],
          [
            84.8754994,
            28.2168611
          ],
          [
            84.875468,
            28.2169967
          ],
          [
            84.8754197,
            28.2171149
          ],
          [
            84.8754048,
            28.2172157
          ],
          [
            84.8753945,
            28.2173039
          ],
          [
            84.8754291,
            28.2174182
          ],
          [
            84.87546,
            28.2175095
          ],
          [
            84.8754063,
            28.2176301
          ],
          [
            84.8754204,
            28.2177625
          ],
          [
            84.8754761,
            28.2179418
          ],
          [
            84.8754732,
            28.2180967
          ],
          [
            84.8754546,
            28.2182989
          ],
          [
            84.8754493,
            28.2184455
          ],
          [
            84.8754654,
            28.2185433
          ],
          [
            84.8754577,
            28.2186797
          ],
          [
            84.8754439,
            28.2187669
          ],
          [
            84.8754278,
            28.2188661
          ],
          [
            84.8754868,
            28.2189513
          ],
          [
            84.8754814,
            28.2190529
          ],
          [
            84.8754899,
            28.2191381
          ],
          [
            84.8754573,
            28.2192183
          ],
          [
            84.8754501,
            28.2193126
          ],
          [
            84.8754465,
            28.2193885
          ],
          [
            84.8754251,
            28.2194854
          ],
          [
            84.8754466,
            28.2195823
          ],
          [
            84.8755136,
            28.219691
          ],
          [
            84.8755523,
            28.219788
          ],
          [
            84.8755672,
            28.2198848
          ],
          [
            84.8755833,
            28.2199983
          ],
          [
            84.8755672,
            28.2200904
          ],
          [
            84.8755324,
            28.2202204
          ],
          [
            84.875468,
            28.2203764
          ],
          [
            84.8754466,
            28.2204851
          ],
          [
            84.8754466,
            28.2205584
          ],
          [
            84.8754663,
            28.2206695
          ],
          [
            84.8755055,
            28.2207592
          ],
          [
            84.8755832,
            28.2208584
          ],
          [
            84.875629,
            28.221005
          ],
          [
            84.8756718,
            28.2211138
          ],
          [
            84.8757067,
            28.2212367
          ],
          [
            84.875704,
            28.2213288
          ],
          [
            84.875688,
            28.2214115
          ],
          [
            84.8757282,
            28.2214612
          ],
          [
            84.8757399,
            28.2215509
          ],
          [
            84.875763,
            28.221629
          ],
          [
            84.8757798,
            28.2216817
          ],
          [
            84.875814,
            28.221759
          ],
          [
            84.8757872,
            28.2218062
          ],
          [
            84.8757765,
            28.2218677
          ],
          [
            84.8757872,
            28.2219362
          ],
          [
            84.8757603,
            28.2219883
          ],
          [
            84.8757617,
            28.2220494
          ],
          [
            84.8757229,
            28.2220993
          ],
          [
            84.8757067,
            28.222156
          ],
          [
            84.8756987,
            28.2222057
          ],
          [
            84.8756853,
            28.222234
          ],
          [
            84.8757094,
            28.2222765
          ],
          [
            84.875696,
            28.2223309
          ],
          [
            84.8756584,
            28.2223853
          ],
          [
            84.8756504,
            28.2224585
          ],
          [
            84.8756504,
            28.2225129
          ],
          [
            84.8756567,
            28.2225609
          ],
          [
            84.8756396,
            28.222624
          ],
          [
            84.8756128,
            28.2227161
          ],
          [
            84.875575,
            28.2227565
          ],
          [
            84.8755109,
            28.2228342
          ],
          [
            84.8754787,
            28.2228721
          ],
          [
            84.8753819,
            28.2228932
          ],
          [
            84.8752561,
            28.2228815
          ],
          [
            84.8751661,
            28.2228882
          ],
          [
            84.8750281,
            28.2229477
          ],
          [
            84.8749557,
            28.2230163
          ],
          [
            84.8748618,
            28.2230328
          ],
          [
            84.8747438,
            28.2230423
          ],
          [
            84.8746365,
            28.2231321
          ],
          [
            84.8745614,
            28.2232124
          ],
          [
            84.8744729,
            28.2232597
          ],
          [
            84.8744193,
            28.2233212
          ],
          [
            84.8743898,
            28.223444
          ],
          [
            84.8743951,
            28.2235599
          ],
          [
            84.8743557,
            28.2236856
          ],
          [
            84.8743147,
            28.2237985
          ],
          [
            84.8742315,
            28.2239143
          ],
          [
            84.8741388,
            28.2240042
          ],
          [
            84.874084,
            28.2241294
          ],
          [
            84.8740196,
            28.2242215
          ],
          [
            84.8739821,
            28.2243185
          ],
          [
            84.8739284,
            28.2244177
          ],
          [
            84.8739338,
            28.2244886
          ],
          [
            84.8739299,
            28.2245777
          ],
          [
            84.873901,
            28.2246561
          ],
          [
            84.8738534,
            28.224706
          ],
          [
            84.8739095,
            28.2247925
          ],
          [
            84.8738801,
            28.2248596
          ],
          [
            84.8738319,
            28.2248927
          ],
          [
            84.8737728,
            28.2249494
          ],
          [
            84.8737407,
            28.2249944
          ],
          [
            84.8736843,
            28.225018
          ],
          [
            84.8736656,
            28.2250582
          ],
          [
            84.8736843,
            28.2251007
          ],
          [
            84.8736629,
            28.225148
          ],
          [
            84.8736495,
            28.2251976
          ],
          [
            84.8736683,
            28.2252567
          ],
          [
            84.8736817,
            28.2253087
          ],
          [
            84.8737192,
            28.2253961
          ],
          [
            84.8737058,
            28.2254552
          ],
          [
            84.8737326,
            28.2255261
          ],
          [
            84.873738,
            28.2255899
          ],
          [
            84.8737537,
            28.225655
          ],
          [
            84.8737755,
            28.2257553
          ],
          [
            84.8738024,
            28.2258357
          ],
          [
            84.8738351,
            28.2259186
          ],
          [
            84.8738292,
            28.2261122
          ],
          [
            84.873812,
            28.2262527
          ],
          [
            84.8737836,
            28.2263745
          ],
          [
            84.8738114,
            28.2264884
          ],
          [
            84.8737756,
            28.2265801
          ],
          [
            84.873755,
            28.22662
          ],
          [
            84.8737675,
            28.2266699
          ],
          [
            84.87373,
            28.2267526
          ],
          [
            84.8737085,
            28.2268613
          ],
          [
            84.8737112,
            28.2269677
          ],
          [
            84.8736821,
            28.227096
          ],
          [
            84.8736656,
            28.2272205
          ],
          [
            84.8736334,
            28.2273529
          ],
          [
            84.8735972,
            28.2275384
          ],
          [
            84.8735862,
            28.2277632
          ],
          [
            84.8735945,
            28.227939
          ],
          [
            84.8735985,
            28.2281292
          ],
          [
            84.8735784,
            28.228206
          ],
          [
            84.8735556,
            28.2283159
          ],
          [
            84.8735248,
            28.2284305
          ],
          [
            84.8734953,
            28.2285215
          ],
          [
            84.8734536,
            28.2286231
          ],
          [
            84.8734322,
            28.2286905
          ],
          [
            84.8732364,
            28.2287921
          ],
          [
            84.8731023,
            28.2288795
          ],
          [
            84.8730352,
            28.2289268
          ],
          [
            84.8725806,
            28.2291123
          ],
          [
            84.872303,
            28.2292458
          ],
          [
            84.8720533,
            28.2293175
          ],
          [
            84.8719125,
            28.2294269
          ],
          [
            84.8719114,
            28.2294278
          ],
          [
            84.8715627,
            28.2295696
          ],
          [
            84.8712784,
            28.2298012
          ],
          [
            84.8711105,
            28.229932
          ],
          [
            84.870863,
            28.2299807
          ],
          [
            84.8707017,
            28.2300209
          ],
          [
            84.8705649,
            28.2301084
          ],
          [
            84.8704252,
            28.2302495
          ],
          [
            84.8702645,
            28.23034
          ],
          [
            84.870176,
            28.2303967
          ],
          [
            84.87012,
            28.23045
          ],
          [
            84.8700285,
            28.2305219
          ],
          [
            84.8699666,
            28.2306066
          ],
          [
            84.8699266,
            28.230737
          ],
          [
            84.8698933,
            28.2308381
          ],
          [
            84.8698641,
            28.2309113
          ],
          [
            84.8698086,
            28.2309709
          ],
          [
            84.869842,
            28.2310558
          ],
          [
            84.8702755,
            28.2315443
          ],
          [
            84.8703209,
            28.2315854
          ],
          [
            84.8704255,
            28.2316208
          ],
          [
            84.8704872,
            28.2315735
          ],
          [
            84.8705247,
            28.2315263
          ],
          [
            84.8706937,
            28.2315405
          ],
          [
            84.8707795,
            28.2315546
          ],
          [
            84.8709431,
            28.2315074
          ],
          [
            84.8711389,
            28.2315145
          ],
          [
            84.8713187,
            28.2315274
          ],
          [
            84.8716767,
            28.2314641
          ],
          [
            84.8719892,
            28.2314601
          ],
          [
            84.8722601,
            28.2314979
          ],
          [
            84.8724318,
            28.2315499
          ],
          [
            84.8726944,
            28.2315638
          ],
          [
            84.8728743,
            28.2316232
          ],
          [
            84.873014,
            28.2316787
          ],
          [
            84.8730724,
            28.2317288
          ],
          [
            84.8732042,
            28.231739
          ],
          [
            84.8733652,
            28.231739
          ],
          [
            84.873451,
            28.2317059
          ],
          [
            84.8735315,
            28.2316775
          ],
          [
            84.8736173,
            28.2316562
          ],
          [
            84.8736575,
            28.2316279
          ],
          [
            84.8736951,
            28.2315972
          ],
          [
            84.8737648,
            28.231557
          ],
          [
            84.8738426,
            28.2315286
          ],
          [
            84.8738909,
            28.2315523
          ],
          [
            84.8739231,
            28.2316043
          ],
          [
            84.8739311,
            28.2316562
          ],
          [
            84.873974,
            28.231746
          ],
          [
            84.8740062,
            28.2318051
          ],
          [
            84.8740464,
            28.2318689
          ],
          [
            84.874092,
            28.231928
          ],
          [
            84.8741403,
            28.2319918
          ],
          [
            84.8741832,
            28.2320698
          ],
          [
            84.8742771,
            28.2322399
          ],
          [
            84.8743764,
            28.2323605
          ],
          [
            84.8744327,
            28.2324503
          ],
          [
            84.8745131,
            28.2325471
          ],
          [
            84.8745909,
            28.2326606
          ],
          [
            84.874666,
            28.2327906
          ],
          [
            84.8747465,
            28.2328922
          ],
          [
            84.8748055,
            28.2330009
          ],
          [
            84.8748645,
            28.2330907
          ],
          [
            84.8748994,
            28.2331828
          ],
          [
            84.8749208,
            28.2332135
          ],
          [
            84.8749691,
            28.2332845
          ],
          [
            84.8750817,
            28.2334829
          ],
          [
            84.8751461,
            28.2336531
          ],
          [
            84.8752052,
            28.2337902
          ],
          [
            84.8754171,
            28.2339402
          ],
          [
            84.8755592,
            28.2341399
          ],
          [
            84.8756074,
            28.2342752
          ],
          [
            84.875647,
            28.2344919
          ],
          [
            84.8757845,
            28.2347401
          ],
          [
            84.8758439,
            28.234966
          ],
          [
            84.8759612,
            28.2353707
          ],
          [
            84.8759764,
            28.235755
          ],
          [
            84.8760888,
            28.2358703
          ],
          [
            84.8761064,
            28.2361296
          ],
          [
            84.8760507,
            28.2363753
          ],
          [
            84.8760934,
            28.2367016
          ],
          [
            84.8760239,
            28.2368358
          ],
          [
            84.8760313,
            28.2370559
          ],
          [
            84.8760346,
            28.2372125
          ],
          [
            84.8760795,
            28.23733
          ],
          [
            84.8760381,
            28.2374257
          ],
          [
            84.8759991,
            28.2375521
          ],
          [
            84.8759454,
            28.2376325
          ],
          [
            84.8759186,
            28.2377128
          ],
          [
            84.8759315,
            28.237792
          ],
          [
            84.8759025,
            28.237864
          ],
          [
            84.8758703,
            28.2379491
          ],
          [
            84.8758811,
            28.2380105
          ],
          [
            84.8759039,
            28.2380543
          ],
          [
            84.8759226,
            28.2380779
          ],
          [
            84.8759092,
            28.2381058
          ],
          [
            84.8759401,
            28.2382279
          ],
          [
            84.8759389,
            28.2383125
          ],
          [
            84.8759508,
            28.2384926
          ],
          [
            84.8759494,
            28.2386162
          ],
          [
            84.8759401,
            28.2387667
          ],
          [
            84.8759463,
            28.2388941
          ],
          [
            84.8759246,
            28.2390154
          ],
          [
            84.8758864,
            28.2391401
          ],
          [
            84.8758435,
            28.2392062
          ],
          [
            84.875865,
            28.2393102
          ],
          [
            84.8758972,
            28.2394236
          ],
          [
            84.8759136,
            28.2395176
          ],
          [
            84.8759196,
            28.2396222
          ],
          [
            84.8759776,
            28.2397355
          ],
          [
            84.8760473,
            28.2398064
          ],
          [
            84.8760234,
            28.2399316
          ],
          [
            84.8760045,
            28.2400238
          ],
          [
            84.8760366,
            28.2400994
          ],
          [
            84.8760313,
            28.2401939
          ],
          [
            84.8760098,
            28.2403168
          ],
          [
            84.8760275,
            28.2404441
          ],
          [
            84.876042,
            28.2405484
          ],
          [
            84.8760849,
            28.2406382
          ],
          [
            84.8760769,
            28.240676
          ],
          [
            84.8761091,
            28.2407327
          ],
          [
            84.8761037,
            28.2407776
          ],
          [
            84.8761198,
            28.2408343
          ],
          [
            84.8761842,
            28.2408839
          ],
          [
            84.8761895,
            28.240917
          ],
          [
            84.8761708,
            28.2409619
          ],
          [
            84.8761699,
            28.241022
          ],
          [
            84.8761868,
            28.24108
          ],
          [
            84.8762679,
            28.2411256
          ],
          [
            84.876329,
            28.2411982
          ],
          [
            84.8763585,
            28.2412691
          ],
          [
            84.8763726,
            28.2413311
          ],
          [
            84.876388,
            28.2414014
          ],
          [
            84.8763961,
            28.2414392
          ],
          [
            84.8764202,
            28.2414983
          ],
          [
            84.8764336,
            28.2415408
          ],
          [
            84.8764175,
            28.2415809
          ],
          [
            84.876388,
            28.2416282
          ],
          [
            84.8763666,
            28.2416802
          ],
          [
            84.8763666,
            28.2417464
          ],
          [
            84.8763773,
            28.2417865
          ],
          [
            84.8763719,
            28.2418362
          ],
          [
            84.8763746,
            28.2418882
          ],
          [
            84.8763846,
            28.2419339
          ],
          [
            84.8764095,
            28.2419779
          ],
          [
            84.8764122,
            28.2420252
          ],
          [
            84.8764497,
            28.242089
          ],
          [
            84.8764524,
            28.2421315
          ],
          [
            84.8764658,
            28.2421788
          ],
          [
            84.8765248,
            28.2422237
          ],
          [
            84.8765918,
            28.2422851
          ],
          [
            84.8765946,
            28.2423253
          ],
          [
            84.8765919,
            28.242382
          ],
          [
            84.8765945,
            28.2424245
          ],
          [
            84.8766412,
            28.2424626
          ],
          [
            84.8767126,
            28.2425072
          ],
          [
            84.8767662,
            28.2425686
          ],
          [
            84.8767474,
            28.2426112
          ],
          [
            84.8767313,
            28.2426703
          ],
          [
            84.876734,
            28.2427294
          ],
          [
            84.8767501,
            28.242805
          ],
          [
            84.8767809,
            28.2428567
          ],
          [
            84.876785,
            28.2429019
          ],
          [
            84.8767984,
            28.2429633
          ],
          [
            84.8768091,
            28.2430082
          ],
          [
            84.8768896,
            28.2430625
          ],
          [
            84.8769432,
            28.2431192
          ],
          [
            84.8770586,
            28.2431736
          ],
          [
            84.8771417,
            28.2432445
          ],
          [
            84.8772409,
            28.2433224
          ],
          [
            84.8773455,
            28.2434028
          ],
          [
            84.877469,
            28.2435068
          ],
          [
            84.8776191,
            28.2436745
          ],
          [
            84.8777525,
            28.2438066
          ],
          [
            84.8778471,
            28.2439013
          ],
          [
            84.8779678,
            28.2439321
          ],
          [
            84.8780644,
            28.2440029
          ],
          [
            84.8781583,
            28.2440739
          ],
          [
            84.8782736,
            28.2441471
          ],
          [
            84.8784265,
            28.2442322
          ],
          [
            84.8784663,
            28.2442756
          ],
          [
            84.8785445,
            28.244355
          ],
          [
            84.8786046,
            28.244431
          ],
          [
            84.8786652,
            28.2445038
          ],
          [
            84.8787081,
            28.2445818
          ],
          [
            84.878787,
            28.2446694
          ],
          [
            84.8789066,
            28.2447449
          ],
          [
            84.878987,
            28.2448182
          ],
          [
            84.8790219,
            28.2448937
          ],
          [
            84.8791324,
            28.2449842
          ],
          [
            84.8792419,
            28.2450804
          ],
          [
            84.8793468,
            28.2451925
          ],
          [
            84.8794162,
            28.2453073
          ],
          [
            84.8794908,
            28.2453975
          ],
          [
            84.8795208,
            28.2455223
          ],
          [
            84.8795611,
            28.2456049
          ],
          [
            84.8795932,
            28.2456782
          ],
          [
            84.8795933,
            28.2457538
          ],
          [
            84.8795806,
            28.2458466
          ],
          [
            84.8795664,
            28.2459405
          ],
          [
            84.879553,
            28.2460113
          ],
          [
            84.879553,
            28.2460799
          ],
          [
            84.8795909,
            28.2461631
          ],
          [
            84.8796444,
            28.2462527
          ],
          [
            84.8796606,
            28.2463316
          ],
          [
            84.8796818,
            28.2464438
          ],
          [
            84.8796925,
            28.2465264
          ],
          [
            84.879671,
            28.2466281
          ],
          [
            84.8796844,
            28.2467391
          ],
          [
            84.8797043,
            28.2468229
          ],
          [
            84.8797086,
            28.2468785
          ],
          [
            84.8797569,
            28.2469966
          ],
          [
            84.8797944,
            28.2471361
          ],
          [
            84.879848,
            28.2472825
          ],
          [
            84.8798798,
            28.2474288
          ],
          [
            84.8799365,
            28.2475613
          ],
          [
            84.8800224,
            28.2476747
          ],
          [
            84.8800419,
            28.2477655
          ],
          [
            84.8800921,
            28.2478662
          ],
          [
            84.8801324,
            28.2479725
          ],
          [
            84.8801243,
            28.2480528
          ],
          [
            84.8801091,
            28.2481365
          ],
          [
            84.880076,
            28.2482371
          ],
          [
            84.8800519,
            28.2483079
          ],
          [
            84.8800251,
            28.2483564
          ],
          [
            84.8799983,
            28.2484143
          ],
          [
            84.8799782,
            28.2484627
          ],
          [
            84.8799728,
            28.2485171
          ],
          [
            84.8799969,
            28.2485797
          ],
          [
            84.8800533,
            28.2486364
          ],
          [
            84.8801243,
            28.2486624
          ],
          [
            84.8801713,
            28.248673
          ],
          [
            84.8802252,
            28.2486913
          ],
          [
            84.8802182,
            28.248803
          ],
          [
            84.8802008,
            28.2488821
          ],
          [
            84.8802169,
            28.2489448
          ],
          [
            84.8802477,
            28.2489991
          ],
          [
            84.8802477,
            28.2490759
          ],
          [
            84.8802705,
            28.2491432
          ],
          [
            84.8803174,
            28.2491728
          ],
          [
            84.8803088,
            28.2492449
          ],
          [
            84.8802598,
            28.2492803
          ],
          [
            84.8802182,
            28.2493251
          ],
          [
            84.880178,
            28.2493842
          ],
          [
            84.8801485,
            28.2494504
          ],
          [
            84.8801512,
            28.249526
          ],
          [
            84.8801753,
            28.2496099
          ],
          [
            84.8801324,
            28.2496642
          ],
          [
            84.880106,
            28.2497118
          ],
          [
            84.8800841,
            28.2498083
          ],
          [
            84.8801056,
            28.2498816
          ],
          [
            84.8801753,
            28.2499454
          ],
          [
            84.8802488,
            28.2500102
          ],
          [
            84.8803121,
            28.2500635
          ],
          [
            84.8803684,
            28.2500919
          ],
          [
            84.8803751,
            28.2501498
          ],
          [
            84.8803738,
            28.2502088
          ],
          [
            84.8803483,
            28.250301
          ],
          [
            84.8803416,
            28.25036
          ],
          [
            84.8803619,
            28.2504487
          ],
          [
            84.8803738,
            28.2505609
          ],
          [
            84.8804046,
            28.2506471
          ],
          [
            84.8804489,
            28.2507322
          ],
          [
            84.8804891,
            28.2508763
          ],
          [
            84.8805615,
            28.2509354
          ],
          [
            84.88059,
            28.2509859
          ],
          [
            84.8806474,
            28.2510771
          ],
          [
            84.8807037,
            28.2511433
          ],
          [
            84.8807868,
            28.2511693
          ],
          [
            84.8808405,
            28.2511716
          ],
          [
            84.8809236,
            28.2511622
          ],
          [
            84.8810095,
            28.251148
          ],
          [
            84.8810443,
            28.2511693
          ],
          [
            84.8810041,
            28.2512378
          ],
          [
            84.8809692,
            28.2512803
          ],
          [
            84.880937,
            28.2513276
          ],
          [
            84.8809535,
            28.2513567
          ],
          [
            84.8810202,
            28.251363
          ],
          [
            84.8811025,
            28.2513477
          ],
          [
            84.8812107,
            28.2513819
          ],
          [
            84.8813099,
            28.2514528
          ],
          [
            84.8813638,
            28.2515102
          ],
          [
            84.8814145,
            28.2516134
          ],
          [
            84.8814946,
            28.2517147
          ],
          [
            84.8815942,
            28.2517859
          ],
          [
            84.8816979,
            28.2518461
          ],
          [
            84.88179,
            28.2519064
          ],
          [
            84.8818973,
            28.2519632
          ],
          [
            84.881967,
            28.2520033
          ],
          [
            84.8820638,
            28.2520681
          ],
          [
            84.8820877,
            28.2520931
          ],
          [
            84.8821473,
            28.2521562
          ],
          [
            84.8821816,
            28.2522537
          ],
          [
            84.8821966,
            28.2523075
          ],
          [
            84.8821977,
            28.252412
          ],
          [
            84.8822091,
            28.2524963
          ],
          [
            84.882154,
            28.2526032
          ],
          [
            84.8821065,
            28.2526578
          ],
          [
            84.882043,
            28.2527125
          ],
          [
            84.8820113,
            28.2527534
          ],
          [
            84.8819589,
            28.2527901
          ],
          [
            84.8818409,
            28.2528633
          ],
          [
            84.8817953,
            28.2529164
          ],
          [
            84.8817524,
            28.2530074
          ],
          [
            84.8817068,
            28.253083
          ],
          [
            84.8816585,
            28.2531421
          ],
          [
            84.88157,
            28.2532319
          ],
          [
            84.8815392,
            28.2532886
          ],
          [
            84.8815057,
            28.2533382
          ],
          [
            84.8814809,
            28.2533709
          ],
          [
            84.8814493,
            28.2534173
          ],
          [
            84.8814493,
            28.2534681
          ],
          [
            84.8814627,
            28.2535414
          ],
          [
            84.8814816,
            28.2535981
          ],
          [
            84.8815213,
            28.2536321
          ],
          [
            84.8820737,
            28.2539765
          ],
          [
            84.8821588,
            28.2540246
          ],
          [
            84.8822527,
            28.2540719
          ],
          [
            84.8824367,
            28.2541369
          ],
          [
            84.8825625,
            28.2542053
          ],
          [
            84.8826671,
            28.2542715
          ],
          [
            84.8827797,
            28.2543613
          ],
          [
            84.8828253,
            28.2543801
          ],
          [
            84.882946,
            28.254425
          ],
          [
            84.8830498,
            28.2544842
          ],
          [
            84.8831208,
            28.2544802
          ],
          [
            84.8832666,
            28.2545065
          ],
          [
            84.8833443,
            28.2545514
          ],
          [
            84.8833926,
            28.2546259
          ],
          [
            84.8835624,
            28.2547542
          ],
          [
            84.8836595,
            28.2548243
          ],
          [
            84.8837463,
            28.254903
          ],
          [
            84.8837887,
            28.2549341
          ],
          [
            84.8838553,
            28.2549826
          ],
          [
            84.8838875,
            28.2550381
          ],
          [
            84.8839733,
            28.2550629
          ],
          [
            84.88406,
            28.2552095
          ],
          [
            84.8841154,
            28.2553134
          ],
          [
            84.8840833,
            28.2554221
          ],
          [
            84.8840994,
            28.2555355
          ],
          [
            84.8841522,
            28.255591
          ],
          [
            84.8841826,
            28.2556229
          ],
          [
            84.8843059,
            28.2556914
          ],
          [
            84.8843998,
            28.2557977
          ],
          [
            84.8844615,
            28.2559135
          ],
          [
            84.8845259,
            28.2560151
          ],
          [
            84.8846224,
            28.2561001
          ],
          [
            84.8847297,
            28.2561592
          ],
          [
            84.8848538,
            28.2562682
          ],
          [
            84.8849496,
            28.2564072
          ],
          [
            84.885132,
            28.2565703
          ],
          [
            84.8852527,
            28.2567167
          ],
          [
            84.885392,
            28.256806
          ],
          [
            84.8855585,
            28.2569129
          ],
          [
            84.8857106,
            28.2569924
          ],
          [
            84.8858589,
            28.2570522
          ],
          [
            84.8859906,
            28.2571049
          ],
          [
            84.8861673,
            28.2571704
          ],
          [
            84.8862746,
            28.2572247
          ],
          [
            84.8864463,
            28.2573995
          ],
          [
            84.8866219,
            28.2575464
          ],
          [
            84.8867815,
            28.2577185
          ],
          [
            84.8869104,
            28.2578673
          ],
          [
            84.8870419,
            28.2579937
          ],
          [
            84.8871866,
            28.2581083
          ],
          [
            84.8873126,
            28.2582548
          ],
          [
            84.8874387,
            28.2583328
          ],
          [
            84.8875806,
            28.2584361
          ],
          [
            84.8876684,
            28.2585828
          ],
          [
            84.8877633,
            28.2586895
          ],
          [
            84.8879179,
            28.2587959
          ],
          [
            84.8880664,
            28.2589872
          ],
          [
            84.8881088,
            28.2590722
          ],
          [
            84.8881066,
            28.2591927
          ],
          [
            84.8881361,
            28.2592683
          ],
          [
            84.8881984,
            28.2593801
          ],
          [
            84.8883077,
            28.2596487
          ],
          [
            84.8883882,
            28.2598684
          ],
          [
            84.8884928,
            28.2601259
          ],
          [
            84.8884848,
            28.2602204
          ],
          [
            84.8886216,
            28.2606787
          ],
          [
            84.8886913,
            28.2608441
          ],
          [
            84.8887557,
            28.2609669
          ],
          [
            84.888776,
            28.2611047
          ],
          [
            84.8888147,
            28.26143
          ],
          [
            84.8888361,
            28.2616403
          ],
          [
            84.8887959,
            28.2620254
          ],
          [
            84.8888774,
            28.2621475
          ],
          [
            84.8889016,
            28.2623513
          ],
          [
            84.8890272,
            28.262742
          ],
          [
            84.8890957,
            28.2632082
          ],
          [
            84.8891313,
            28.2637029
          ],
          [
            84.8891478,
            28.2639255
          ],
          [
            84.8892349,
            28.2641969
          ],
          [
            84.8892834,
            28.2643916
          ],
          [
            84.8893328,
            28.264634
          ],
          [
            84.8894438,
            28.2649064
          ],
          [
            84.8895792,
            28.2650989
          ],
          [
            84.8895918,
            28.2652294
          ],
          [
            84.8895228,
            28.2652619
          ],
          [
            84.8894423,
            28.2652572
          ],
          [
            84.8893967,
            28.2652737
          ],
          [
            84.8894155,
            28.2653162
          ],
          [
            84.8894737,
            28.2654258
          ],
          [
            84.8896977,
            28.2654979
          ],
          [
            84.890017,
            28.265709
          ],
          [
            84.8902931,
            28.266103
          ],
          [
            84.8904973,
            28.2662859
          ],
          [
            84.8906192,
            28.2664672
          ],
          [
            84.8908118,
            28.2666661
          ],
          [
            84.8912394,
            28.2667218
          ],
          [
            84.8915264,
            28.2669155
          ],
          [
            84.8917249,
            28.2670171
          ],
          [
            84.8918751,
            28.2670526
          ],
          [
            84.8920924,
            28.2671588
          ],
          [
            84.8922023,
            28.2672486
          ],
          [
            84.8923098,
            28.2673637
          ],
          [
            84.8924089,
            28.2674683
          ],
          [
            84.8924935,
            28.267575
          ],
          [
            84.8926288,
            28.2677188
          ],
          [
            84.8926993,
            28.2678017
          ],
          [
            84.8929078,
            28.2679219
          ],
          [
            84.8931046,
            28.2679983
          ],
          [
            84.8932254,
            28.268147
          ],
          [
            84.8932856,
            28.2682447
          ],
          [
            84.8933452,
            28.2683557
          ],
          [
            84.8934211,
            28.2684866
          ],
          [
            84.8934965,
            28.2688073
          ],
          [
            84.8935745,
            28.2691923
          ],
          [
            84.8936427,
            28.2692779
          ],
          [
            84.8937126,
            28.2694512
          ],
          [
            84.8937545,
            28.2696117
          ],
          [
            84.8937175,
            28.2697836
          ],
          [
            84.8938272,
            28.2699797
          ],
          [
            84.893968,
            28.2701704
          ],
          [
            84.8940502,
            28.2703735
          ],
          [
            84.8941989,
            28.2704959
          ],
          [
            84.8943001,
            28.2707118
          ],
          [
            84.8944266,
            28.2708426
          ],
          [
            84.8945888,
            28.2709407
          ],
          [
            84.8946969,
            28.2710719
          ],
          [
            84.8948019,
            28.2712005
          ],
          [
            84.8948825,
            28.2713432
          ],
          [
            84.8949677,
            28.271422
          ],
          [
            84.8950347,
            28.2714795
          ],
          [
            84.8950903,
            28.2715602
          ],
          [
            84.8951447,
            28.2716496
          ],
          [
            84.8951806,
            28.2717402
          ],
          [
            84.8952037,
            28.2718717
          ],
          [
            84.8952305,
            28.2719662
          ],
          [
            84.8953053,
            28.2720502
          ],
          [
            84.8953915,
            28.2721221
          ],
          [
            84.8954827,
            28.2721764
          ],
          [
            84.8956458,
            28.2722351
          ],
          [
            84.8958018,
            28.2723488
          ],
          [
            84.8960145,
            28.2724271
          ],
          [
            84.8962176,
            28.2725709
          ],
          [
            84.8963992,
            28.2726835
          ],
          [
            84.8965234,
            28.2726843
          ],
          [
            84.896713,
            28.2726618
          ],
          [
            84.896974,
            28.2728449
          ],
          [
            84.8972637,
            28.2730197
          ],
          [
            84.8975144,
            28.2732334
          ],
          [
            84.8977085,
            28.2734741
          ],
          [
            84.8974512,
            28.2737792
          ],
          [
            84.8974903,
            28.2738929
          ],
          [
            84.897653,
            28.2739774
          ],
          [
            84.8978145,
            28.2741891
          ],
          [
            84.8979503,
            28.2744134
          ],
          [
            84.8980676,
            28.2745741
          ],
          [
            84.8981327,
            28.2746992
          ],
          [
            84.8982223,
            28.2748115
          ],
          [
            84.8983395,
            28.2748931
          ],
          [
            84.8984328,
            28.274982
          ],
          [
            84.8985011,
            28.2751344
          ],
          [
            84.8985494,
            28.275337
          ],
          [
            84.8985677,
            28.2754614
          ],
          [
            84.8985305,
            28.2757502
          ],
          [
            84.8984814,
            28.2759252
          ],
          [
            84.8985081,
            28.2761189
          ],
          [
            84.8984714,
            28.2762812
          ],
          [
            84.8984359,
            28.2764485
          ],
          [
            84.8984331,
            28.2766386
          ],
          [
            84.8984233,
            28.2768277
          ],
          [
            84.89847,
            28.2770206
          ],
          [
            84.898476,
            28.2772149
          ],
          [
            84.8984679,
            28.2773235
          ],
          [
            84.8984638,
            28.2774612
          ],
          [
            84.8984454,
            28.2776431
          ],
          [
            84.8984974,
            28.2777866
          ],
          [
            84.8985296,
            28.2778385
          ],
          [
            84.8985256,
            28.2779204
          ],
          [
            84.8985511,
            28.2779991
          ],
          [
            84.8986281,
            28.2781599
          ],
          [
            84.8986262,
            28.2782827
          ],
          [
            84.8986412,
            28.2783966
          ],
          [
            84.8986316,
            28.2785896
          ],
          [
            84.89858,
            28.2788476
          ],
          [
            84.8987129,
            28.279154
          ],
          [
            84.8988843,
            28.2794176
          ],
          [
            84.8989954,
            28.2797578
          ],
          [
            84.8990286,
            28.2800568
          ],
          [
            84.8991278,
            28.2802479
          ],
          [
            84.8991401,
            28.2803594
          ],
          [
            84.8992887,
            28.2804581
          ],
          [
            84.8992699,
            28.2805597
          ],
          [
            84.8993537,
            28.2806447
          ],
          [
            84.9000526,
            28.2805632
          ],
          [
            84.9001551,
            28.2809612
          ],
          [
            84.9000907,
            28.2812919
          ],
          [
            84.9001336,
            28.2815659
          ],
          [
            84.9001462,
            28.2817449
          ],
          [
            84.9000692,
            28.2820572
          ],
          [
            84.9000478,
            28.2824446
          ],
          [
            84.9001872,
            28.2826997
          ],
          [
            84.9004058,
            28.2831116
          ],
          [
            84.9004125,
            28.2836161
          ],
          [
            84.9005091,
            28.2839185
          ],
          [
            84.9007022,
            28.2846176
          ],
          [
            84.9009919,
            28.2851278
          ],
          [
            84.9012946,
            28.2856629
          ],
          [
            84.9011421,
            28.28603
          ],
          [
            84.9011958,
            28.2863087
          ],
          [
            84.9013138,
            28.2866394
          ],
          [
            84.9012245,
            28.2870193
          ],
          [
            84.9012065,
            28.2873008
          ],
          [
            84.9011636,
            28.2875228
          ],
          [
            84.901185,
            28.2878676
          ],
          [
            84.9011035,
            28.2880516
          ],
          [
            84.9011314,
            28.2884959
          ],
          [
            84.9009665,
            28.288928
          ],
          [
            84.9009865,
            28.289195
          ],
          [
            84.9010563,
            28.2894359
          ],
          [
            84.90114,
            28.2898118
          ],
          [
            84.9012172,
            28.2904184
          ],
          [
            84.9012601,
            28.2908294
          ],
          [
            84.9011528,
            28.2915804
          ],
          [
            84.9011797,
            28.2917269
          ],
          [
            84.9012119,
            28.2920292
          ],
          [
            84.9013162,
            28.292215
          ],
          [
            84.9012709,
            28.292322
          ],
          [
            84.9012387,
            28.2924543
          ],
          [
            84.9013277,
            28.2925739
          ],
          [
            84.9014023,
            28.2926905
          ],
          [
            84.901413,
            28.2927637
          ],
          [
            84.9014801,
            28.2928676
          ],
          [
            84.9016545,
            28.2930377
          ],
          [
            84.9017483,
            28.2930943
          ],
          [
            84.9018418,
            28.293112
          ],
          [
            84.9019387,
            28.2931203
          ],
          [
            84.901877,
            28.2930613
          ],
          [
            84.9018314,
            28.2930093
          ],
          [
            84.9017886,
            28.2929692
          ],
          [
            84.9017496,
            28.2929332
          ],
          [
            84.901818,
            28.2929314
          ],
          [
            84.9018771,
            28.2929786
          ],
          [
            84.9020058,
            28.2930448
          ],
          [
            84.9022579,
            28.2931817
          ],
          [
            84.9023195,
            28.2932977
          ],
          [
            84.902392,
            28.2933754
          ],
          [
            84.902451,
            28.2934226
          ],
          [
            84.9024778,
            28.2934628
          ],
          [
            84.9025905,
            28.2935454
          ],
          [
            84.9027172,
            28.2936226
          ],
          [
            84.9027876,
            28.2936671
          ],
          [
            84.902834,
            28.293696
          ],
          [
            84.9028601,
            28.2937096
          ],
          [
            84.9030438,
            28.2938383
          ],
          [
            84.9033093,
            28.2941123
          ],
          [
            84.9034703,
            28.2942729
          ],
          [
            84.903821,
            28.2945407
          ],
          [
            84.9041086,
            28.2948137
          ],
          [
            84.9043516,
            28.2950554
          ],
          [
            84.9046826,
            28.2952412
          ],
          [
            84.904865,
            28.2953451
          ],
          [
            84.9051654,
            28.2954821
          ],
          [
            84.9054497,
            28.2955529
          ],
          [
            84.9057609,
            28.2955813
          ],
          [
            84.9060613,
            28.2957051
          ],
          [
            84.9060787,
            28.2957416
          ],
          [
            84.9065458,
            28.2960696
          ],
          [
            84.9065575,
            28.296226
          ],
          [
            84.9065468,
            28.2963654
          ],
          [
            84.906545,
            28.2964582
          ],
          [
            84.906587,
            28.2965094
          ],
          [
            84.9066567,
            28.2965425
          ],
          [
            84.9067607,
            28.2966216
          ],
          [
            84.9068445,
            28.2967976
          ],
          [
            84.90688,
            28.296932
          ],
          [
            84.9069679,
            28.2969959
          ],
          [
            84.9070537,
            28.2970314
          ],
          [
            84.9071905,
            28.2971376
          ],
          [
            84.9073622,
            28.2972038
          ],
          [
            84.9074829,
            28.297303
          ],
          [
            84.9076062,
            28.2973644
          ],
          [
            84.9076331,
            28.297414
          ],
          [
            84.9077501,
            28.2974985
          ],
          [
            84.9078289,
            28.2975864
          ],
          [
            84.9079147,
            28.2977564
          ],
          [
            84.908037,
            28.2978771
          ],
          [
            84.9081776,
            28.2979949
          ],
          [
            84.9082741,
            28.2980799
          ],
          [
            84.9082741,
            28.2981343
          ],
          [
            84.9083757,
            28.2982585
          ],
          [
            84.9084806,
            28.298531
          ],
          [
            84.908483,
            28.2986331
          ],
          [
            84.9085075,
            28.2987743
          ],
          [
            84.9085692,
            28.2989396
          ],
          [
            84.9086228,
            28.299086
          ],
          [
            84.9086747,
            28.2991965
          ],
          [
            84.9088091,
            28.2995831
          ],
          [
            84.9088588,
            28.2997024
          ],
          [
            84.9088878,
            28.2997901
          ],
          [
            84.9089205,
            28.3000496
          ],
          [
            84.9089482,
            28.300288
          ],
          [
            84.9089769,
            28.3004062
          ],
          [
            84.9090037,
            28.3004959
          ],
          [
            84.9090652,
            28.3006493
          ],
          [
            84.9090654,
            28.3007533
          ],
          [
            84.9090333,
            28.300896
          ],
          [
            84.9090895,
            28.3010769
          ],
          [
            84.9091243,
            28.3012039
          ],
          [
            84.909068,
            28.3013083
          ],
          [
            84.9090359,
            28.3014264
          ],
          [
            84.9091217,
            28.3014783
          ],
          [
            84.9090973,
            28.3015489
          ],
          [
            84.9090251,
            28.301594
          ],
          [
            84.9089366,
            28.3016318
          ],
          [
            84.9088481,
            28.3017003
          ],
          [
            84.9087616,
            28.3018431
          ],
          [
            84.9087355,
            28.302012
          ],
          [
            84.9086663,
            28.302062
          ],
          [
            84.9085772,
            28.3021679
          ],
          [
            84.9085075,
            28.3022718
          ],
          [
            84.9085176,
            28.3023842
          ],
          [
            84.9083761,
            28.302599
          ],
          [
            84.9083299,
            28.3027678
          ],
          [
            84.9083251,
            28.3029331
          ],
          [
            84.9083063,
            28.3029661
          ],
          [
            84.9082439,
            28.3030519
          ],
          [
            84.9081963,
            28.3031385
          ],
          [
            84.9081241,
            28.3031984
          ],
          [
            84.9081409,
            28.3032932
          ],
          [
            84.9081052,
            28.3034597
          ],
          [
            84.9080771,
            28.3036191
          ],
          [
            84.9080546,
            28.3037751
          ],
          [
            84.9079217,
            28.3038896
          ],
          [
            84.9078476,
            28.3039603
          ],
          [
            84.9077719,
            28.3040995
          ],
          [
            84.9077866,
            28.3042565
          ],
          [
            84.9077391,
            28.3043963
          ],
          [
            84.9077243,
            28.3045271
          ],
          [
            84.9076431,
            28.3046978
          ],
          [
            84.9074721,
            28.3047633
          ],
          [
            84.9074078,
            28.3049002
          ],
          [
            84.9073029,
            28.3049864
          ],
          [
            84.9071556,
            28.3050844
          ],
          [
            84.9070669,
            28.3051695
          ],
          [
            84.9068659,
            28.3053064
          ],
          [
            84.9067564,
            28.3054839
          ],
          [
            84.9067104,
            28.305637
          ],
          [
            84.9066997,
            28.3057338
          ],
          [
            84.906579,
            28.3058
          ],
          [
            84.9064046,
            28.3059582
          ],
          [
            84.9063349,
            28.3060432
          ],
          [
            84.9061827,
            28.3061428
          ],
          [
            84.9058789,
            28.3062675
          ],
          [
            84.905856,
            28.3063426
          ],
          [
            84.9056562,
            28.3064069
          ],
          [
            84.9054926,
            28.3065321
          ],
          [
            84.9053396,
            28.3065662
          ],
          [
            84.9052378,
            28.3065935
          ],
          [
            84.9052177,
            28.3066699
          ],
          [
            84.9051681,
            28.3068107
          ],
          [
            84.9051386,
            28.3069217
          ],
          [
            84.905066,
            28.3070688
          ],
          [
            84.9049936,
            28.3071179
          ],
          [
            84.9049696,
            28.3071625
          ],
          [
            84.9049455,
            28.3072405
          ],
          [
            84.9048409,
            28.3073987
          ],
          [
            84.9048087,
            28.3075043
          ],
          [
            84.9047658,
            28.3076301
          ],
          [
            84.9047175,
            28.3077464
          ],
          [
            84.9046424,
            28.3078828
          ],
          [
            84.9046311,
            28.3079794
          ],
          [
            84.9046102,
            28.3080953
          ],
          [
            84.9045888,
            28.3081921
          ],
          [
            84.9046048,
            28.3083409
          ],
          [
            84.904547,
            28.3084213
          ],
          [
            84.9045074,
            28.3085097
          ],
          [
            84.9044332,
            28.3085888
          ],
          [
            84.9043447,
            28.3086904
          ],
          [
            84.904265,
            28.3088111
          ],
          [
            84.9040282,
            28.3089926
          ],
          [
            84.9038749,
            28.3091855
          ],
          [
            84.9037514,
            28.309247
          ],
          [
            84.9036008,
            28.3093238
          ],
          [
            84.9036333,
            28.3093926
          ],
          [
            84.9035898,
            28.3095264
          ],
          [
            84.9035293,
            28.3096515
          ],
          [
            84.9034005,
            28.3098593
          ],
          [
            84.9033822,
            28.3099908
          ],
          [
            84.9034542,
            28.3102466
          ],
          [
            84.9034534,
            28.3104934
          ],
          [
            84.9034488,
            28.3106622
          ],
          [
            84.9034805,
            28.3108683
          ],
          [
            84.9033632,
            28.3114054
          ],
          [
            84.9031752,
            28.3116823
          ],
          [
            84.9032074,
            28.311942
          ],
          [
            84.9033737,
            28.3124049
          ],
          [
            84.9036902,
            28.3126788
          ],
          [
            84.9037331,
            28.3127118
          ],
          [
            84.9039048,
            28.3128252
          ],
          [
            84.9039745,
            28.3129102
          ],
          [
            84.9041301,
            28.313066
          ],
          [
            84.9042675,
            28.3131338
          ],
          [
            84.9044681,
            28.3131935
          ],
          [
            84.90457,
            28.3131086
          ],
          [
            84.9046853,
            28.3131392
          ],
          [
            84.9047309,
            28.3132455
          ],
          [
            84.904806,
            28.3133446
          ],
          [
            84.9048784,
            28.3134509
          ],
          [
            84.904975,
            28.3135595
          ],
          [
            84.9050581,
            28.3137555
          ],
          [
            84.905042,
            28.3138807
          ],
          [
            84.9051252,
            28.3138972
          ],
          [
            84.905262,
            28.3139444
          ],
          [
            84.9056256,
            28.3140425
          ],
          [
            84.905979,
            28.3142479
          ],
          [
            84.9059889,
            28.3142963
          ],
          [
            84.9059942,
            28.3143577
          ],
          [
            84.9059996,
            28.3144261
          ],
          [
            84.9060693,
            28.3144687
          ],
          [
            84.9061069,
            28.3145419
          ],
          [
            84.9061627,
            28.3146452
          ],
          [
            84.906233,
            28.314726
          ],
          [
            84.9063268,
            28.3147874
          ],
          [
            84.9064395,
            28.314804
          ],
          [
            84.9065173,
            28.3148701
          ],
          [
            84.906536,
            28.3149811
          ],
          [
            84.9065709,
            28.3150613
          ],
          [
            84.9066058,
            28.3151723
          ],
          [
            84.906705,
            28.3153518
          ],
          [
            84.9067935,
            28.31551
          ],
          [
            84.9068462,
            28.3156335
          ],
          [
            84.9068499,
            28.3157579
          ],
          [
            84.9068472,
            28.3158217
          ],
          [
            84.9068284,
            28.3159421
          ],
          [
            84.9067506,
            28.315994
          ],
          [
            84.9066594,
            28.3161641
          ],
          [
            84.9066111,
            28.3162184
          ],
          [
            84.9066246,
            28.3162821
          ],
          [
            84.9066836,
            28.3165726
          ],
          [
            84.9066836,
            28.316752
          ],
          [
            84.906638,
            28.3168158
          ],
          [
            84.9065491,
            28.3169623
          ],
          [
            84.9065146,
            28.3170661
          ],
          [
            84.9065387,
            28.3171699
          ],
          [
            84.9065334,
            28.3172833
          ],
          [
            84.9064717,
            28.3174462
          ],
          [
            84.9064824,
            28.3176186
          ],
          [
            84.906477,
            28.3178878
          ],
          [
            84.906477,
            28.3181711
          ],
          [
            84.9065065,
            28.3184261
          ],
          [
            84.9064368,
            28.3186906
          ],
          [
            84.9064153,
            28.3189078
          ],
          [
            84.9063885,
            28.3191203
          ],
          [
            84.9064127,
            28.3193069
          ],
          [
            84.9065173,
            28.3194273
          ],
          [
            84.9065119,
            28.3195146
          ],
          [
            84.9064556,
            28.3196941
          ],
          [
            84.9064046,
            28.3198665
          ],
          [
            84.9065198,
            28.319997
          ],
          [
            84.9065065,
            28.320112
          ],
          [
            84.9065548,
            28.3201829
          ],
          [
            84.906697,
            28.3202844
          ],
          [
            84.9067721,
            28.3204072
          ],
          [
            84.9067935,
            28.3206149
          ],
          [
            84.9068338,
            28.3207472
          ],
          [
            84.9068606,
            28.3209243
          ],
          [
            84.9069196,
            28.321073
          ],
          [
            84.9069008,
            28.3211816
          ],
          [
            84.9068579,
            28.3213563
          ],
          [
            84.9068839,
            28.3214889
          ],
          [
            84.9069196,
            28.3216562
          ],
          [
            84.9070027,
            28.3218687
          ],
          [
            84.906984,
            28.3219868
          ],
          [
            84.9070457,
            28.3221214
          ],
          [
            84.9070403,
            28.3222087
          ],
          [
            84.9070618,
            28.3223008
          ],
          [
            84.9070271,
            28.3223448
          ],
          [
            84.9070591,
            28.3224968
          ],
          [
            84.9071073,
            28.3226621
          ],
          [
            84.9072361,
            28.3228509
          ],
          [
            84.9073424,
            28.3231989
          ],
          [
            84.9073622,
            28.3234247
          ],
          [
            84.9073327,
            28.3236041
          ],
          [
            84.9073595,
            28.3236089
          ],
          [
            84.9073622,
            28.3237411
          ],
          [
            84.907338,
            28.3238308
          ],
          [
            84.907338,
            28.3239701
          ],
          [
            84.9073541,
            28.3240551
          ],
          [
            84.9074453,
            28.3240362
          ],
          [
            84.9074259,
            28.3242484
          ],
          [
            84.9074131,
            28.3243384
          ],
          [
            84.9072897,
            28.324388
          ],
          [
            84.9073461,
            28.324447
          ],
          [
            84.9075365,
            28.3243927
          ],
          [
            84.9075875,
            28.3243951
          ],
          [
            84.9075499,
            28.3245391
          ],
          [
            84.9075955,
            28.3246784
          ],
          [
            84.9075741,
            28.3249098
          ],
          [
            84.907507,
            28.3250562
          ],
          [
            84.9074507,
            28.3251625
          ],
          [
            84.9073568,
            28.3252593
          ],
          [
            84.9073032,
            28.3253868
          ],
          [
            84.9073246,
            28.325578
          ],
          [
            84.9073514,
            28.3257409
          ],
          [
            84.9074238,
            28.3259264
          ],
          [
            84.9074668,
            28.3260691
          ],
          [
            84.9075499,
            28.3261423
          ],
          [
            84.907684,
            28.326173
          ],
          [
            84.9076974,
            28.3262226
          ],
          [
            84.9080837,
            28.326402
          ],
          [
            84.9084216,
            28.3264917
          ],
          [
            84.9084887,
            28.3265437
          ],
          [
            84.9085558,
            28.3266475
          ],
          [
            84.9086033,
            28.3267632
          ],
          [
            84.9083304,
            28.3269734
          ],
          [
            84.9082082,
            28.3271684
          ],
          [
            84.9081427,
            28.3274928
          ],
          [
            84.9080472,
            28.3278103
          ],
          [
            84.9079457,
            28.3281239
          ],
          [
            84.9077766,
            28.3284731
          ],
          [
            84.9077729,
            28.3287016
          ],
          [
            84.9077967,
            28.3288763
          ],
          [
            84.907837,
            28.3289908
          ],
          [
            84.9077093,
            28.329127
          ],
          [
            84.9076062,
            28.3294029
          ],
          [
            84.9074252,
            28.3297785
          ],
          [
            84.9073718,
            28.3298376
          ],
          [
            84.9071341,
            28.3308817
          ],
          [
            84.9071181,
            28.3309964
          ],
          [
            84.907133,
            28.331099
          ],
          [
            84.9071503,
            28.3312656
          ],
          [
            84.907025,
            28.3314563
          ],
          [
            84.9067318,
            28.3317756
          ],
          [
            84.9066675,
            28.3319031
          ],
          [
            84.906528,
            28.3320211
          ],
          [
            84.9064475,
            28.3320306
          ],
          [
            84.9063349,
            28.3319786
          ],
          [
            84.9062061,
            28.3319692
          ],
          [
            84.9061257,
            28.3321156
          ],
          [
            84.906072,
            28.3322383
          ],
          [
            84.9060036,
            28.3323975
          ],
          [
            84.9049501,
            28.3335698
          ],
          [
            84.9044545,
            28.3341169
          ],
          [
            84.90435,
            28.3342545
          ],
          [
            84.904224,
            28.3343041
          ],
          [
            84.9040925,
            28.3344835
          ],
          [
            84.9039638,
            28.3346181
          ],
          [
            84.9037626,
            28.3347621
          ],
          [
            84.9036688,
            28.3348093
          ],
          [
            84.9035668,
            28.3347928
          ],
          [
            84.9034864,
            28.3348518
          ],
          [
            84.9035588,
            28.3349557
          ],
          [
            84.903658,
            28.3350383
          ],
          [
            84.9036364,
            28.3353065
          ],
          [
            84.9037921,
            28.3354822
          ],
          [
            84.903819,
            28.3356899
          ],
          [
            84.9037357,
            28.336228
          ],
          [
            84.9033952,
            28.3365776
          ],
          [
            84.9031109,
            28.3367381
          ],
          [
            84.9027729,
            28.3371111
          ],
          [
            84.9026818,
            28.337204
          ],
          [
            84.9025691,
            28.3372764
          ],
          [
            84.9024349,
            28.3373236
          ],
          [
            84.9023598,
            28.3373708
          ],
          [
            84.9022955,
            28.3373496
          ],
          [
            84.9021426,
            28.3373921
          ],
          [
            84.9021158,
            28.3374629
          ],
          [
            84.9020755,
            28.3376329
          ],
          [
            84.9020286,
            28.3377512
          ],
          [
            84.9020031,
            28.3378548
          ],
          [
            84.9020192,
            28.3379563
          ],
          [
            84.9020675,
            28.3380838
          ],
          [
            84.9020782,
            28.3382042
          ],
          [
            84.9021372,
            28.338393
          ],
          [
            84.9021131,
            28.3385418
          ],
          [
            84.9021721,
            28.3386858
          ],
          [
            84.9021828,
            28.3387873
          ],
          [
            84.9021781,
            28.3388607
          ],
          [
            84.9021479,
            28.3389313
          ],
          [
            84.9021563,
            28.3389748
          ],
          [
            84.9022055,
            28.339003
          ],
          [
            84.9022552,
            28.3390493
          ],
          [
            84.9021448,
            28.338992
          ],
          [
            84.9014346,
            28.3389974
          ],
          [
            84.9014211,
            28.339067
          ],
          [
            84.9013862,
            28.3390588
          ],
          [
            84.9013983,
            28.3391036
          ],
          [
            84.9013835,
            28.3391438
          ],
          [
            84.9013138,
            28.339093
          ],
          [
            84.9013124,
            28.3391556
          ],
          [
            84.9012575,
            28.3391886
          ],
          [
            84.9010751,
            28.3391225
          ],
          [
            84.901116,
            28.3392772
          ],
          [
            84.9011207,
            28.3394884
          ],
          [
            84.9010662,
            28.3396404
          ],
          [
            84.90103,
            28.3397764
          ],
          [
            84.9010123,
            28.3399908
          ],
          [
            84.9009919,
            28.3400999
          ],
          [
            84.900933,
            28.3401802
          ],
          [
            84.9009295,
            28.3402959
          ],
          [
            84.9008632,
            28.3404776
          ],
          [
            84.9007854,
            28.3406499
          ],
          [
            84.9006781,
            28.3408954
          ],
          [
            84.900597,
            28.3411245
          ],
          [
            84.9005038,
            28.3412897
          ],
          [
            84.9003884,
            28.3414549
          ],
          [
            84.9001819,
            28.3416391
          ],
          [
            84.9001658,
            28.3417052
          ],
          [
            84.9001282,
            28.3417996
          ],
          [
            84.900029,
            28.3418893
          ],
          [
            84.9000344,
            28.3419672
          ],
          [
            84.8999378,
            28.3420026
          ],
          [
            84.8998728,
            28.3421631
          ],
          [
            84.8998091,
            28.3423048
          ],
          [
            84.8997179,
            28.3423874
          ],
          [
            84.8996937,
            28.3424582
          ],
          [
            84.8996589,
            28.3426235
          ],
          [
            84.8995516,
            28.3427722
          ],
          [
            84.8994094,
            28.3428619
          ],
          [
            84.8992538,
            28.3428997
          ],
          [
            84.8990554,
            28.3428902
          ],
          [
            84.8989212,
            28.3428997
          ],
          [
            84.8988242,
            28.3429335
          ],
          [
            84.8987281,
            28.3429894
          ],
          [
            84.8986262,
            28.3429658
          ],
          [
            84.8985457,
            28.3429233
          ],
          [
            84.8984921,
            28.3429705
          ],
          [
            84.8984063,
            28.343046
          ],
          [
            84.8983902,
            28.3431641
          ],
          [
            84.8983955,
            28.3433293
          ],
          [
            84.8984384,
            28.3434993
          ],
          [
            84.8984492,
            28.3437165
          ],
          [
            84.8984975,
            28.3438534
          ],
          [
            84.8984644,
            28.343974
          ],
          [
            84.8983956,
            28.34408
          ],
          [
            84.8982685,
            28.3442232
          ],
          [
            84.8980898,
            28.3444152
          ],
          [
            84.8980093,
            28.3446041
          ],
          [
            84.8979127,
            28.3446182
          ],
          [
            84.8978931,
            28.3447623
          ],
          [
            84.8979449,
            28.3449818
          ],
          [
            84.8979181,
            28.3451517
          ],
          [
            84.8978526,
            28.3454347
          ],
          [
            84.8978215,
            28.3456569
          ],
          [
            84.8978045,
            28.3458621
          ],
          [
            84.8978054,
            28.346011
          ],
          [
            84.8977786,
            28.3461892
          ],
          [
            84.8977382,
            28.3465072
          ],
          [
            84.8977143,
            28.3466932
          ],
          [
            84.8977035,
            28.3468868
          ],
          [
            84.8976388,
            28.3471836
          ],
          [
            84.8974782,
            28.3472196
          ],
          [
            84.8973951,
            28.3473046
          ],
          [
            84.8971456,
            28.3473612
          ],
          [
            84.8970249,
            28.34734
          ],
          [
            84.8969639,
            28.3474028
          ],
          [
            84.8968855,
            28.3475194
          ],
          [
            84.8967719,
            28.3476013
          ],
          [
            84.8967138,
            28.3478617
          ],
          [
            84.8966397,
            28.348017
          ],
          [
            84.896459,
            28.348342
          ],
          [
            84.8963416,
            28.3486179
          ],
          [
            84.896282,
            28.3488248
          ],
          [
            84.8962871,
            28.3490871
          ],
          [
            84.8963249,
            28.3493677
          ],
          [
            84.8962852,
            28.3496273
          ],
          [
            84.8962122,
            28.3498304
          ],
          [
            84.8961478,
            28.3499909
          ],
          [
            84.8961991,
            28.3501509
          ],
          [
            84.8960798,
            28.3502327
          ],
          [
            84.8959976,
            28.3503554
          ],
          [
            84.8958461,
            28.3506707
          ],
          [
            84.89582,
            28.350945
          ],
          [
            84.8958206,
            28.3511617
          ],
          [
            84.8957918,
            28.3512721
          ],
          [
            84.8957267,
            28.3514119
          ],
          [
            84.8955953,
            28.351504
          ],
          [
            84.895598,
            28.3516999
          ],
          [
            84.8954986,
            28.3517765
          ],
          [
            84.895464,
            28.3518004
          ],
          [
            84.8953847,
            28.3518486
          ],
          [
            84.8952198,
            28.3519204
          ],
          [
            84.8950873,
            28.3519888
          ],
          [
            84.8949551,
            28.3519776
          ],
          [
            84.8947442,
            28.3520825
          ],
          [
            84.8945103,
            28.3521096
          ],
          [
            84.8941791,
            28.3521861
          ],
          [
            84.8941425,
            28.3522817
          ],
          [
            84.8940289,
            28.3522806
          ],
          [
            84.8938954,
            28.3523213
          ],
          [
            84.893758,
            28.3523089
          ],
          [
            84.893577,
            28.3522812
          ],
          [
            84.893429,
            28.3523169
          ],
          [
            84.8932618,
            28.3523773
          ],
          [
            84.8930744,
            28.3524081
          ],
          [
            84.8929547,
            28.3524601
          ],
          [
            84.8928407,
            28.3524434
          ],
          [
            84.8927709,
            28.3524647
          ],
          [
            84.8926233,
            28.3525054
          ],
          [
            84.8925261,
            28.3524993
          ],
          [
            84.892412,
            28.352563
          ],
          [
            84.8923607,
            28.3525492
          ],
          [
            84.8922725,
            28.3524774
          ],
          [
            84.892197,
            28.352419
          ],
          [
            84.8920704,
            28.3524124
          ],
          [
            84.8919298,
            28.352352
          ],
          [
            84.8917997,
            28.3522913
          ],
          [
            84.8917276,
            28.3522428
          ],
          [
            84.8916444,
            28.3521885
          ],
          [
            84.8915939,
            28.3521892
          ],
          [
            84.8910105,
            28.3528656
          ],
          [
            84.8909605,
            28.3529084
          ],
          [
            84.8909444,
            28.3529745
          ],
          [
            84.8909953,
            28.3530335
          ],
          [
            84.89107,
            28.3530402
          ],
          [
            84.89113,
            28.3530662
          ],
          [
            84.8911856,
            28.3530628
          ],
          [
            84.8912823,
            28.3530713
          ],
          [
            84.8913748,
            28.3530709
          ],
          [
            84.8915179,
            28.3531238
          ],
          [
            84.8916685,
            28.3531822
          ],
          [
            84.8918322,
            28.3532389
          ],
          [
            84.89191,
            28.3533564
          ],
          [
            84.8919855,
            28.3534147
          ],
          [
            84.8919777,
            28.3534632
          ],
          [
            84.8919435,
            28.3535316
          ],
          [
            84.8919526,
            28.3535927
          ],
          [
            84.8919662,
            28.3536329
          ],
          [
            84.8919822,
            28.3536815
          ],
          [
            84.8920389,
            28.353698
          ],
          [
            84.8920763,
            28.353752
          ],
          [
            84.8920737,
            28.3537993
          ],
          [
            84.8920333,
            28.3539895
          ],
          [
            84.8920454,
            28.3540716
          ],
          [
            84.8920127,
            28.3541627
          ],
          [
            84.8920097,
            28.3542356
          ],
          [
            84.8920102,
            28.3543338
          ],
          [
            84.8919797,
            28.3544569
          ],
          [
            84.8919529,
            28.354556
          ],
          [
            84.8919645,
            28.3547194
          ],
          [
            84.8919848,
            28.3548269
          ],
          [
            84.8919461,
            28.3550543
          ],
          [
            84.8919649,
            28.3552549
          ],
          [
            84.8919882,
            28.3553321
          ],
          [
            84.8919222,
            28.3555186
          ],
          [
            84.891894,
            28.3557759
          ],
          [
            84.8917961,
            28.3558845
          ],
          [
            84.8914206,
            28.3558482
          ],
          [
            84.891293,
            28.3558613
          ],
          [
            84.8911465,
            28.3558119
          ],
          [
            84.8910946,
            28.3558684
          ],
          [
            84.8910436,
            28.355918
          ],
          [
            84.8909141,
            28.3559899
          ],
          [
            84.8908129,
            28.3560265
          ],
          [
            84.8908049,
            28.3560926
          ],
          [
            84.8908077,
            28.3561535
          ],
          [
            84.8907919,
            28.3562223
          ],
          [
            84.8907164,
            28.3562697
          ],
          [
            84.8906895,
            28.3563169
          ],
          [
            84.8906788,
            28.3563806
          ],
          [
            84.8906466,
            28.3564467
          ],
          [
            84.8905945,
            28.3564947
          ],
          [
            84.8905152,
            28.3565128
          ],
          [
            84.890425,
            28.3564981
          ],
          [
            84.8903918,
            28.356534
          ],
          [
            84.8903757,
            28.3565954
          ],
          [
            84.8903417,
            28.3566791
          ],
          [
            84.8903114,
            28.3567311
          ],
          [
            84.8902765,
            28.3567771
          ],
          [
            84.8902111,
            28.3567997
          ],
          [
            84.8901102,
            28.3567913
          ],
          [
            84.8900458,
            28.3568055
          ],
          [
            84.8900136,
            28.3568503
          ],
          [
            84.8899654,
            28.3569022
          ],
          [
            84.8898733,
            28.3569383
          ],
          [
            84.8897427,
            28.3570203
          ],
          [
            84.8896291,
            28.3571213
          ],
          [
            84.8895791,
            28.3572138
          ],
          [
            84.8895932,
            28.3572807
          ],
          [
            84.8895952,
            28.3574026
          ],
          [
            84.8895734,
            28.3574757
          ],
          [
            84.8895103,
            28.3575131
          ],
          [
            84.889442,
            28.3575488
          ],
          [
            84.8893719,
            28.3576181
          ],
          [
            84.8893458,
            28.3576977
          ],
          [
            84.8893371,
            28.3577749
          ],
          [
            84.8893002,
            28.3578346
          ],
          [
            84.8892439,
            28.3578759
          ],
          [
            84.8891392,
            28.3579432
          ],
          [
            84.8890432,
            28.358
          ],
          [
            84.8889515,
            28.3580635
          ],
          [
            84.8888576,
            28.3581201
          ],
          [
            84.8888254,
            28.3581815
          ],
          [
            84.8888616,
            28.3582755
          ],
          [
            84.8888871,
            28.3583609
          ],
          [
            84.8889019,
            28.3584329
          ],
          [
            84.888934,
            28.3585403
          ],
          [
            84.8889602,
            28.3586437
          ],
          [
            84.888934,
            28.3587481
          ],
          [
            84.8888811,
            28.3588494
          ],
          [
            84.8889089,
            28.3590137
          ],
          [
            84.8888925,
            28.3591327
          ],
          [
            84.8888737,
            28.3592556
          ],
          [
            84.8888535,
            28.3593747
          ],
          [
            84.8888436,
            28.3594667
          ],
          [
            84.8888283,
            28.3595158
          ],
          [
            84.8888053,
            28.3596155
          ],
          [
            84.8887865,
            28.3596757
          ],
          [
            84.8887557,
            28.3597051
          ],
          [
            84.8887074,
            28.3597547
          ],
          [
            84.8886578,
            28.3598149
          ],
          [
            84.8885975,
            28.3598699
          ],
          [
            84.8885398,
            28.3599388
          ],
          [
            84.8884914,
            28.3600167
          ],
          [
            84.8884231,
            28.3600556
          ],
          [
            84.8884205,
            28.3601059
          ],
          [
            84.8883909,
            28.360261
          ],
          [
            84.8883279,
            28.3604156
          ],
          [
            84.8882782,
            28.3605502
          ],
          [
            84.8882355,
            28.3607043
          ],
          [
            84.8881508,
            28.3608227
          ],
          [
            84.8880464,
            28.3609321
          ],
          [
            84.8879805,
            28.3610352
          ],
          [
            84.8879379,
            28.361114
          ],
          [
            84.8878239,
            28.3613352
          ],
          [
            84.887833,
            28.3615119
          ],
          [
            84.8878456,
            28.3616051
          ],
          [
            84.887833,
            28.3617266
          ],
          [
            84.8877069,
            28.3620119
          ],
          [
            84.8876312,
            28.3622023
          ],
          [
            84.887487,
            28.3624442
          ],
          [
            84.8873946,
            28.3625889
          ],
          [
            84.8873502,
            28.3626283
          ],
          [
            84.887251,
            28.3626826
          ],
          [
            84.8871973,
            28.3627534
          ],
          [
            84.8872042,
            28.3628249
          ],
          [
            84.8872256,
            28.3629005
          ],
          [
            84.887251,
            28.3630083
          ],
          [
            84.8872631,
            28.3631152
          ],
          [
            84.8872,
            28.3631995
          ],
          [
            84.8871076,
            28.3632497
          ],
          [
            84.8870867,
            28.363303
          ],
          [
            84.8870364,
            28.3634284
          ],
          [
            84.8870686,
            28.3635016
          ],
          [
            84.8870411,
            28.363573
          ],
          [
            84.8870122,
            28.3636833
          ],
          [
            84.8869398,
            28.3638226
          ],
          [
            84.8869023,
            28.3639335
          ],
          [
            84.8868725,
            28.3640608
          ],
          [
            84.8868352,
            28.3641577
          ],
          [
            84.8867708,
            28.3642474
          ],
          [
            84.8867628,
            28.3643513
          ],
          [
            84.8867494,
            28.3645566
          ],
          [
            84.8867145,
            28.3645991
          ],
          [
            84.8867139,
            28.3647064
          ],
          [
            84.8866904,
            28.3648068
          ],
          [
            84.8866555,
            28.364887
          ],
          [
            84.8865978,
            28.364946
          ],
          [
            84.886516,
            28.365005
          ],
          [
            84.8864529,
            28.3652239
          ],
          [
            84.8864865,
            28.365437
          ],
          [
            84.8864775,
            28.3654893
          ],
          [
            84.8864946,
            28.3655809
          ],
          [
            84.8864875,
            28.3656429
          ],
          [
            84.8864785,
            28.365732
          ],
          [
            84.8865348,
            28.3658122
          ],
          [
            84.8865778,
            28.3659368
          ],
          [
            84.8865965,
            28.3660223
          ],
          [
            84.8866029,
            28.3661168
          ],
          [
            84.886516,
            28.3662158
          ],
          [
            84.8865187,
            28.3662819
          ],
          [
            84.8864756,
            28.3664094
          ],
          [
            84.886449,
            28.3665722
          ],
          [
            84.8864436,
            28.3666831
          ],
          [
            84.886384,
            28.3668095
          ],
          [
            84.8863739,
            28.3669498
          ],
          [
            84.8863229,
            28.3670537
          ],
          [
            84.8863175,
            28.367226
          ],
          [
            84.8862773,
            28.3673062
          ],
          [
            84.8863091,
            28.3674429
          ],
          [
            84.8862939,
            28.3676167
          ],
          [
            84.8862478,
            28.3676626
          ],
          [
            84.8862076,
            28.3677334
          ],
          [
            84.8861562,
            28.3678676
          ],
          [
            84.8861653,
            28.3679318
          ],
          [
            84.8861995,
            28.3680119
          ],
          [
            84.8862237,
            28.3680685
          ],
          [
            84.8862135,
            28.3681306
          ],
          [
            84.88617,
            28.3681794
          ],
          [
            84.8860922,
            28.3682314
          ],
          [
            84.8860493,
            28.3682927
          ],
          [
            84.8860516,
            28.3683483
          ],
          [
            84.886103,
            28.3684674
          ],
          [
            84.8861459,
            28.3685453
          ],
          [
            84.8861727,
            28.3687081
          ],
          [
            84.8862453,
            28.3688734
          ],
          [
            84.8862371,
            28.3689394
          ],
          [
            84.8862171,
            28.3690399
          ],
          [
            84.8862746,
            28.3691306
          ],
          [
            84.8862961,
            28.3692297
          ],
          [
            84.8862839,
            28.3693783
          ],
          [
            84.8862585,
            28.3696002
          ],
          [
            84.8862513,
            28.3698299
          ],
          [
            84.8862934,
            28.3699802
          ],
          [
            84.8862827,
            28.3701147
          ],
          [
            84.8862218,
            28.370284
          ],
          [
            84.8861754,
            28.3706221
          ],
          [
            84.8861702,
            28.3708543
          ],
          [
            84.8861271,
            28.3709455
          ],
          [
            84.8860198,
            28.3710375
          ],
          [
            84.8860244,
            28.3710869
          ],
          [
            84.8860952,
            28.3711938
          ],
          [
            84.8860896,
            28.3713018
          ],
          [
            84.8860305,
            28.3714033
          ],
          [
            84.886052,
            28.3715213
          ],
          [
            84.8860245,
            28.371655
          ],
          [
            84.8860788,
            28.3717809
          ],
          [
            84.8861646,
            28.3719452
          ],
          [
            84.8862129,
            28.3720877
          ],
          [
            84.8862791,
            28.3721359
          ],
          [
            84.8863551,
            28.3722529
          ],
          [
            84.8864302,
            28.3723332
          ],
          [
            84.8865068,
            28.3724461
          ],
          [
            84.8865294,
            28.3725456
          ],
          [
            84.8865705,
            28.3725994
          ],
          [
            84.8867226,
            28.3727084
          ],
          [
            84.8868138,
            28.372817
          ],
          [
            84.8868508,
            28.3729459
          ],
          [
            84.886862,
            28.3730766
          ],
          [
            84.8868283,
            28.3732261
          ],
          [
            84.8867193,
            28.373561
          ],
          [
            84.8865724,
            28.3736878
          ],
          [
            84.8864758,
            28.3738294
          ],
          [
            84.8863953,
            28.3739285
          ],
          [
            84.8862692,
            28.3741339
          ],
          [
            84.8862505,
            28.3745751
          ],
          [
            84.886229,
            28.3748867
          ],
          [
            84.8861069,
            28.3750516
          ],
          [
            84.8861049,
            28.3753784
          ],
          [
            84.8861217,
            28.3755427
          ],
          [
            84.8860943,
            28.3756597
          ],
          [
            84.8860601,
            28.3757811
          ],
          [
            84.8860145,
            28.3758448
          ],
          [
            84.8859927,
            28.3759539
          ],
          [
            84.8860735,
            28.3761422
          ],
          [
            84.8860961,
            28.3762832
          ],
          [
            84.8861649,
            28.3764839
          ],
          [
            84.8862183,
            28.3766118
          ],
          [
            84.8863144,
            28.3767603
          ],
          [
            84.886347,
            28.3769115
          ],
          [
            84.8863659,
            28.3770673
          ],
          [
            84.8864487,
            28.3772246
          ],
          [
            84.8864785,
            28.377341
          ],
          [
            84.8865744,
            28.377481
          ],
          [
            84.886618,
            28.3776053
          ],
          [
            84.8866501,
            28.3777398
          ],
          [
            84.8867065,
            28.377931
          ],
          [
            84.886801,
            28.3781016
          ],
          [
            84.8868379,
            28.3781906
          ],
          [
            84.8868942,
            28.3783038
          ],
          [
            84.8869755,
            28.378431
          ],
          [
            84.8869787,
            28.3784737
          ],
          [
            84.8869854,
            28.3785245
          ],
          [
            84.8870169,
            28.3785316
          ],
          [
            84.8870444,
            28.3785162
          ],
          [
            84.8870531,
            28.3785569
          ],
          [
            84.8870404,
            28.3785988
          ],
          [
            84.8871582,
            28.3787444
          ],
          [
            84.8872456,
            28.3787876
          ],
          [
            84.8873046,
            28.3788702
          ],
          [
            84.8873642,
            28.3789857
          ],
          [
            84.8874038,
            28.3790779
          ],
          [
            84.8874537,
            28.3791706
          ],
          [
            84.8875898,
            28.3792683
          ],
          [
            84.8877043,
            28.3793186
          ],
          [
            84.8877796,
            28.3793879
          ],
          [
            84.8879013,
            28.3795073
          ],
          [
            84.8880821,
            28.3796994
          ],
          [
            84.8882487,
            28.3798495
          ],
          [
            84.8883712,
            28.3799786
          ],
          [
            84.8884311,
            28.3800784
          ],
          [
            84.8884463,
            28.380164
          ],
          [
            84.8884512,
            28.3802259
          ],
          [
            84.8884719,
            28.3802878
          ],
          [
            84.8885384,
            28.3803734
          ],
          [
            84.8886041,
            28.3804796
          ],
          [
            84.8886336,
            28.380502
          ],
          [
            84.888702,
            28.3805681
          ],
          [
            84.8887315,
            28.3806118
          ],
          [
            84.8889743,
            28.3809315
          ],
          [
            84.8891097,
            28.3810448
          ],
          [
            84.8892116,
            28.3811593
          ],
          [
            84.889327,
            28.3813504
          ],
          [
            84.8894048,
            28.3814318
          ],
          [
            84.8894733,
            28.381501
          ],
          [
            84.8895007,
            28.3815622
          ],
          [
            84.8894857,
            28.3816041
          ],
          [
            84.8894584,
            28.3816194
          ],
          [
            84.8893873,
            28.3816902
          ],
          [
            84.8893887,
            28.3817421
          ],
          [
            84.889369,
            28.3817948
          ],
          [
            84.8894646,
            28.3818651
          ],
          [
            84.8895582,
            28.381965
          ],
          [
            84.8896776,
            28.3821552
          ],
          [
            84.8898552,
            28.3823947
          ],
          [
            84.8899787,
            28.3825256
          ],
          [
            84.8901059,
            28.3826248
          ],
          [
            84.8901805,
            28.382704
          ],
          [
            84.890239,
            28.3827356
          ],
          [
            84.8903146,
            28.3827833
          ],
          [
            84.890357,
            28.3828512
          ],
          [
            84.8904513,
            28.3829451
          ],
          [
            84.8905608,
            28.3830518
          ],
          [
            84.8906171,
            28.3831462
          ],
          [
            84.890724,
            28.3832295
          ],
          [
            84.8907458,
            28.3833539
          ],
          [
            84.8908666,
            28.3835016
          ],
          [
            84.8909819,
            28.3836606
          ],
          [
            84.8912039,
            28.3838206
          ],
          [
            84.8913749,
            28.3840465
          ],
          [
            84.8915183,
            28.3842081
          ],
          [
            84.8916793,
            28.3843025
          ],
          [
            84.8918367,
            28.3844311
          ],
          [
            84.8919582,
            28.3845998
          ],
          [
            84.8920218,
            28.384787
          ],
          [
            84.8920494,
            28.385152
          ],
          [
            84.8920119,
            28.3853018
          ],
          [
            84.8920207,
            28.3854596
          ],
          [
            84.8920239,
            28.3855166
          ],
          [
            84.8920333,
            28.3855779
          ],
          [
            84.8920349,
            28.3855888
          ],
          [
            84.8920427,
            28.385644
          ],
          [
            84.892065,
            28.3856939
          ],
          [
            84.8920796,
            28.3857236
          ],
          [
            84.8919904,
            28.3858174
          ],
          [
            84.8919631,
            28.3858562
          ],
          [
            84.891859,
            28.385985
          ],
          [
            84.8918053,
            28.3860912
          ],
          [
            84.8918644,
            28.3861266
          ],
          [
            84.891918,
            28.386195
          ],
          [
            84.8919556,
            28.3862681
          ],
          [
            84.8920081,
            28.3863681
          ],
          [
            84.8920662,
            28.3864601
          ],
          [
            84.8921131,
            28.386558
          ],
          [
            84.8921272,
            28.3866457
          ],
          [
            84.8921099,
            28.3866736
          ],
          [
            84.8920693,
            28.3867393
          ],
          [
            84.8919043,
            28.3869189
          ],
          [
            84.8919099,
            28.387048
          ],
          [
            84.8919028,
            28.3871938
          ],
          [
            84.8919328,
            28.3873497
          ],
          [
            84.891977,
            28.3874645
          ],
          [
            84.8919738,
            28.3875822
          ],
          [
            84.8919818,
            28.3876857
          ],
          [
            84.8920115,
            28.3877624
          ],
          [
            84.8920789,
            28.3877878
          ],
          [
            84.8920736,
            28.3878562
          ],
          [
            84.8920495,
            28.3878952
          ],
          [
            84.8920316,
            28.3879519
          ],
          [
            84.8920307,
            28.3880108
          ],
          [
            84.8920779,
            28.3880487
          ],
          [
            84.8920695,
            28.3881217
          ],
          [
            84.8920414,
            28.3881676
          ],
          [
            84.8920226,
            28.3882644
          ],
          [
            84.8919958,
            28.3883399
          ],
          [
            84.8919484,
            28.3884412
          ],
          [
            84.8919234,
            28.3885146
          ],
          [
            84.8919663,
            28.3885924
          ],
          [
            84.8919476,
            28.3886754
          ],
          [
            84.8919073,
            28.3887812
          ],
          [
            84.8918537,
            28.3888496
          ],
          [
            84.8918039,
            28.3889911
          ],
          [
            84.8917517,
            28.3891328
          ],
          [
            84.8916927,
            28.3892484
          ],
          [
            84.891648,
            28.3894009
          ],
          [
            84.8915988,
            28.3895197
          ],
          [
            84.8915961,
            28.3896306
          ],
          [
            84.8916149,
            28.389718
          ],
          [
            84.8916498,
            28.3897958
          ],
          [
            84.8916872,
            28.3899333
          ],
          [
            84.8917115,
            28.3900483
          ],
          [
            84.8917732,
            28.3901546
          ],
          [
            84.8918349,
            28.3902607
          ],
          [
            84.8918791,
            28.3903693
          ],
          [
            84.8919046,
            28.3905344
          ],
          [
            84.8919207,
            28.3906311
          ],
          [
            84.8919243,
            28.3907074
          ],
          [
            84.8918965,
            28.3907656
          ],
          [
            84.8918644,
            28.3908199
          ],
          [
            84.8918402,
            28.3908883
          ],
          [
            84.8917813,
            28.3909066
          ],
          [
            84.8917383,
            28.3909095
          ],
          [
            84.8916894,
            28.3909132
          ],
          [
            84.8916378,
            28.3909061
          ],
          [
            84.8915816,
            28.3908821
          ],
          [
            84.8915344,
            28.3908718
          ],
          [
            84.8914594,
            28.3908777
          ],
          [
            84.8914178,
            28.3909037
          ],
          [
            84.8914195,
            28.3909254
          ],
          [
            84.8914298,
            28.3909591
          ],
          [
            84.8913802,
            28.3909603
          ],
          [
            84.8913547,
            28.3909532
          ],
          [
            84.8913266,
            28.3909497
          ],
          [
            84.8912957,
            28.3909391
          ],
          [
            84.8912662,
            28.390945
          ],
          [
            84.8912314,
            28.390945
          ],
          [
            84.8912287,
            28.3909686
          ],
          [
            84.8912743,
            28.3909709
          ],
          [
            84.8913052,
            28.3909807
          ],
          [
            84.8932569,
            28.3911131
          ],
          [
            84.8933396,
            28.391037
          ],
          [
            84.8933557,
            28.3909851
          ],
          [
            84.8933905,
            28.3909662
          ],
          [
            84.8934308,
            28.3910818
          ],
          [
            84.8934951,
            28.3912045
          ],
          [
            84.8935917,
            28.3913296
          ],
          [
            84.8936963,
            28.3914735
          ],
          [
            84.8937633,
            28.3916222
          ],
          [
            84.8938117,
            28.3917331
          ],
          [
            84.8938331,
            28.3918298
          ],
          [
            84.8938669,
            28.3919332
          ],
          [
            84.8937848,
            28.3920587
          ],
          [
            84.8937955,
            28.3921672
          ],
          [
            84.8937821,
            28.3922923
          ],
          [
            84.8936941,
            28.3923949
          ],
          [
            84.8936293,
            28.3924339
          ],
          [
            84.8935735,
            28.3925413
          ],
          [
            84.8935917,
            28.3925967
          ],
          [
            84.8936158,
            28.392625
          ],
          [
            84.8936185,
            28.3927076
          ],
          [
            84.8936292,
            28.3927925
          ],
          [
            84.8936717,
            28.3928767
          ],
          [
            84.8937098,
            28.3929742
          ],
          [
            84.8937966,
            28.3930102
          ],
          [
            84.8938116,
            28.3929719
          ],
          [
            84.8938599,
            28.3928893
          ],
          [
            84.893935,
            28.3927949
          ],
          [
            84.893986,
            28.3927194
          ],
          [
            84.894098,
            28.3926847
          ],
          [
            84.894153,
            28.3926336
          ],
          [
            84.8942354,
            28.3926439
          ],
          [
            84.8943186,
            28.3926274
          ],
          [
            84.8944151,
            28.3926109
          ],
          [
            84.8944604,
            28.3925835
          ],
          [
            84.8945224,
            28.3925212
          ],
          [
            84.8945358,
            28.3925731
          ],
          [
            84.8945582,
            28.3925973
          ],
          [
            84.8946136,
            28.3925778
          ],
          [
            84.8946941,
            28.3925849
          ],
          [
            84.8947638,
            28.3926297
          ],
          [
            84.8948038,
            28.3927005
          ],
          [
            84.8952218,
            28.3927096
          ],
          [
            84.8953117,
            28.3927177
          ],
          [
            84.895361,
            28.3927481
          ],
          [
            84.8955739,
            28.392835
          ],
          [
            84.8957938,
            28.3928704
          ],
          [
            84.8960245,
            28.3929766
          ],
          [
            84.8961505,
            28.3930285
          ],
          [
            84.8962277,
            28.3930933
          ],
          [
            84.8963168,
            28.3931441
          ],
          [
            84.8962927,
            28.3932266
          ],
          [
            84.8962833,
            28.3933423
          ],
          [
            84.89629,
            28.3935098
          ],
          [
            84.8962846,
            28.3936585
          ],
          [
            84.8963103,
            28.393788
          ],
          [
            84.8964449,
            28.3941504
          ],
          [
            84.8966104,
            28.3945276
          ],
          [
            84.8966424,
            28.3945926
          ],
          [
            84.8966917,
            28.3946921
          ],
          [
            84.8967379,
            28.3947722
          ],
          [
            84.8968554,
            28.3948271
          ],
          [
            84.8970134,
            28.3948757
          ],
          [
            84.8970571,
            28.3949208
          ],
          [
            84.8970866,
            28.3950058
          ],
          [
            84.8970686,
            28.3950997
          ],
          [
            84.8969927,
            28.3951804
          ],
          [
            84.8969866,
            28.3952354
          ],
          [
            84.8970222,
            28.3953644
          ],
          [
            84.897024,
            28.3954547
          ],
          [
            84.8969847,
            28.3955508
          ],
          [
            84.8969983,
            28.3956282
          ],
          [
            84.8969766,
            28.3957089
          ],
          [
            84.8969578,
            28.3957632
          ],
          [
            84.8970018,
            28.3958738
          ],
          [
            84.8970307,
            28.395987
          ],
          [
            84.8969632,
            28.3960817
          ],
          [
            84.8968617,
            28.3962076
          ],
          [
            84.8968077,
            28.3963296
          ],
          [
            84.8967122,
            28.3965315
          ],
          [
            84.8966736,
            28.3967376
          ],
          [
            84.8965537,
            28.3968896
          ],
          [
            84.8964375,
            28.3970821
          ],
          [
            84.8964298,
            28.3972699
          ],
          [
            84.8965196,
            28.3975166
          ],
          [
            84.8964743,
            28.3976832
          ],
          [
            84.8963466,
            28.3978666
          ],
          [
            84.8962188,
            28.3982203
          ],
          [
            84.8959053,
            28.3985084
          ],
          [
            84.8957276,
            28.3987236
          ],
          [
            84.8955797,
            28.3990162
          ],
          [
            84.8951877,
            28.3993648
          ],
          [
            84.8950947,
            28.3996131
          ],
          [
            84.895009,
            28.3997363
          ],
          [
            84.8948905,
            28.3999854
          ],
          [
            84.894742,
            28.4002847
          ],
          [
            84.8947287,
            28.4006345
          ],
          [
            84.8944741,
            28.400902
          ],
          [
            84.8942432,
            28.4011577
          ],
          [
            84.8941496,
            28.4012559
          ],
          [
            84.8941086,
            28.4013983
          ],
          [
            84.8940876,
            28.4015849
          ],
          [
            84.8940343,
            28.4016971
          ],
          [
            84.8939216,
            28.4018246
          ],
          [
            84.8938519,
            28.4019755
          ],
          [
            84.8937632,
            28.4020921
          ],
          [
            84.8937446,
            28.4022398
          ],
          [
            84.8937151,
            28.4024734
          ],
          [
            84.8937163,
            28.4026708
          ],
          [
            84.8936695,
            28.4027801
          ],
          [
            84.8936319,
            28.4028791
          ],
          [
            84.8935897,
            28.4029939
          ],
          [
            84.8936668,
            28.4032684
          ],
          [
            84.893671,
            28.4034438
          ],
          [
            84.8936395,
            28.4036177
          ],
          [
            84.8936158,
            28.4038561
          ],
          [
            84.893547,
            28.4040512
          ],
          [
            84.8935676,
            28.4042311
          ],
          [
            84.8935728,
            28.4044394
          ],
          [
            84.8935676,
            28.4045661
          ],
          [
            84.8935344,
            28.4047208
          ],
          [
            84.893586,
            28.4048988
          ],
          [
            84.8935944,
            28.4049955
          ],
          [
            84.8936117,
            28.4050908
          ],
          [
            84.8937377,
            28.4053148
          ],
          [
            84.8937714,
            28.4056003
          ],
          [
            84.8937446,
            28.4057434
          ],
          [
            84.8936803,
            28.4058949
          ],
          [
            84.8934727,
            28.4062582
          ],
          [
            84.8934656,
            28.4063379
          ],
          [
            84.8935002,
            28.4063994
          ],
          [
            84.893807,
            28.4066276
          ],
          [
            84.8938583,
            28.4067314
          ],
          [
            84.8938683,
            28.4068562
          ],
          [
            84.8939009,
            28.4070384
          ],
          [
            84.8940786,
            28.407187
          ],
          [
            84.8942283,
            28.4075294
          ],
          [
            84.8943438,
            28.4077364
          ],
          [
            84.894399,
            28.4079681
          ],
          [
            84.8944135,
            28.4082176
          ],
          [
            84.8945008,
            28.4083915
          ],
          [
            84.8945569,
            28.4085716
          ],
          [
            84.8945991,
            28.408713
          ],
          [
            84.8946172,
            28.4087984
          ],
          [
            84.8945439,
            28.4090298
          ],
          [
            84.8945162,
            28.4091603
          ],
          [
            84.8944902,
            28.4092987
          ],
          [
            84.8943829,
            28.4095394
          ],
          [
            84.8943609,
            28.4097415
          ],
          [
            84.8942327,
            28.4099168
          ],
          [
            84.8941716,
            28.4101141
          ],
          [
            84.8942167,
            28.4103981
          ],
          [
            84.8942725,
            28.4106732
          ],
          [
            84.8942249,
            28.4108715
          ],
          [
            84.8942819,
            28.4111745
          ],
          [
            84.8943186,
            28.4113559
          ],
          [
            84.8942793,
            28.4115301
          ],
          [
            84.8941994,
            28.4116927
          ],
          [
            84.8940933,
            28.4118466
          ],
          [
            84.8940348,
            28.4119623
          ],
          [
            84.8938733,
            28.4121559
          ],
          [
            84.8937718,
            28.4123366
          ],
          [
            84.8936511,
            28.4126174
          ],
          [
            84.8936891,
            28.4127321
          ],
          [
            84.8937183,
            28.4128204
          ],
          [
            84.8940536,
            28.4132958
          ],
          [
            84.8942824,
            28.4134248
          ],
          [
            84.894296,
            28.4134957
          ],
          [
            84.8941815,
            28.4136017
          ],
          [
            84.8941496,
            28.4137103
          ],
          [
            84.8941914,
            28.4138286
          ],
          [
            84.8943631,
            28.4140163
          ],
          [
            84.8944799,
            28.4143876
          ],
          [
            84.8944661,
            28.4145573
          ],
          [
            84.8944942,
            28.4146621
          ],
          [
            84.8944812,
            28.4148873
          ],
          [
            84.8945102,
            28.4151193
          ],
          [
            84.8946384,
            28.4152817
          ],
          [
            84.8948852,
            28.4154163
          ],
          [
            84.8950796,
            28.4155216
          ],
          [
            84.8952693,
            28.4156372
          ],
          [
            84.8953594,
            28.4157216
          ],
          [
            84.8954648,
            28.4157598
          ],
          [
            84.8956201,
            28.4159382
          ],
          [
            84.8956506,
            28.41604
          ],
          [
            84.895885,
            28.4164657
          ],
          [
            84.8960983,
            28.4167972
          ],
          [
            84.8961698,
            28.4169257
          ],
          [
            84.896298,
            28.4169493
          ],
          [
            84.8963908,
            28.4170415
          ],
          [
            84.896342,
            28.4172081
          ],
          [
            84.8961264,
            28.4174895
          ],
          [
            84.8960448,
            28.4178225
          ],
          [
            84.896111,
            28.4179957
          ],
          [
            84.896341,
            28.4181737
          ],
          [
            84.8965817,
            28.41835
          ],
          [
            84.8967701,
            28.4185181
          ],
          [
            84.896757,
            28.4186521
          ],
          [
            84.8966897,
            28.4188514
          ],
          [
            84.8965832,
            28.4190038
          ],
          [
            84.896592,
            28.4191641
          ],
          [
            84.8966421,
            28.4193699
          ],
          [
            84.8965775,
            28.4194799
          ],
          [
            84.8966118,
            28.4196122
          ],
          [
            84.8966855,
            28.4197827
          ],
          [
            84.8967076,
            28.4199465
          ],
          [
            84.8966698,
            28.4201622
          ],
          [
            84.8966145,
            28.4203817
          ],
          [
            84.8965166,
            28.4205077
          ],
          [
            84.8963931,
            28.4206247
          ],
          [
            84.8963517,
            28.4207496
          ],
          [
            84.8964117,
            28.4208802
          ],
          [
            84.8963989,
            28.4210586
          ],
          [
            84.8962172,
            28.4211054
          ],
          [
            84.8962069,
            28.4213252
          ],
          [
            84.8962072,
            28.4214552
          ],
          [
            84.8961803,
            28.4215909
          ],
          [
            84.8959916,
            28.4217221
          ],
          [
            84.8958796,
            28.4218442
          ],
          [
            84.895861,
            28.4219833
          ],
          [
            84.8958796,
            28.4222263
          ],
          [
            84.895841,
            28.4223282
          ],
          [
            84.8957998,
            28.4225839
          ],
          [
            84.895708,
            28.4227689
          ],
          [
            84.8956382,
            28.4230189
          ],
          [
            84.8954512,
            28.4232452
          ],
          [
            84.8954022,
            28.4234199
          ],
          [
            84.8953432,
            28.4235756
          ],
          [
            84.89521,
            28.4238247
          ],
          [
            84.8951285,
            28.4239651
          ],
          [
            84.8950714,
            28.4241197
          ],
          [
            84.8950481,
            28.4243352
          ],
          [
            84.8951134,
            28.4244845
          ],
          [
            84.8950481,
            28.4246937
          ],
          [
            84.8950817,
            28.4248826
          ],
          [
            84.895134,
            28.4252363
          ],
          [
            84.8952751,
            28.425518
          ],
          [
            84.8953137,
            28.425616
          ],
          [
            84.8953003,
            28.4257552
          ],
          [
            84.8952118,
            28.4258779
          ],
          [
            84.8953271,
            28.4260241
          ],
          [
            84.895445,
            28.4263476
          ],
          [
            84.8953968,
            28.4264534
          ],
          [
            84.8953915,
            28.4266138
          ],
          [
            84.8956298,
            28.426773
          ],
          [
            84.8957453,
            28.4269569
          ],
          [
            84.895944,
            28.4272743
          ],
          [
            84.8960169,
            28.4274823
          ],
          [
            84.8962927,
            28.4277083
          ],
          [
            84.896407,
            28.4279022
          ],
          [
            84.8964107,
            28.4281517
          ],
          [
            84.8964055,
            28.4283195
          ],
          [
            84.8964483,
            28.4285339
          ],
          [
            84.8965078,
            28.4287948
          ],
          [
            84.8965877,
            28.4289443
          ],
          [
            84.8966876,
            28.4291457
          ],
          [
            84.8967889,
            28.4293476
          ],
          [
            84.8968399,
            28.4295505
          ],
          [
            84.896901,
            28.4299781
          ],
          [
            84.8969632,
            28.4301307
          ],
          [
            84.8971011,
            28.4303127
          ],
          [
            84.8973039,
            28.4306166
          ],
          [
            84.8975372,
            28.430869
          ],
          [
            84.8976204,
            28.4310879
          ],
          [
            84.8976338,
            28.4312299
          ],
          [
            84.8975882,
            28.4313384
          ],
          [
            84.8975295,
            28.431445
          ],
          [
            84.8975909,
            28.4315365
          ],
          [
            84.8976392,
            28.4316262
          ],
          [
            84.8977467,
            28.4318141
          ],
          [
            84.8977062,
            28.4318762
          ],
          [
            84.897658,
            28.4319399
          ],
          [
            84.8975775,
            28.4320083
          ],
          [
            84.8975079,
            28.4321198
          ],
          [
            84.8974885,
            28.4324371
          ],
          [
            84.897556,
            28.432539
          ],
          [
            84.8975936,
            28.4326357
          ],
          [
            84.8975935,
            28.4327348
          ],
          [
            84.8975801,
            28.4328338
          ],
          [
            84.8975922,
            28.4329396
          ],
          [
            84.8975748,
            28.4330414
          ],
          [
            84.8975426,
            28.433131
          ],
          [
            84.8975309,
            28.4332505
          ],
          [
            84.8975211,
            28.4334046
          ],
          [
            84.8975506,
            28.4334825
          ],
          [
            84.8975828,
            28.4336617
          ],
          [
            84.897587,
            28.4337629
          ],
          [
            84.8975748,
            28.4339023
          ],
          [
            84.8975972,
            28.434051
          ],
          [
            84.8975909,
            28.4341806
          ],
          [
            84.8975641,
            28.4342585
          ],
          [
            84.8974916,
            28.4342325
          ],
          [
            84.897438,
            28.4341736
          ],
          [
            84.8973912,
            28.4341974
          ],
          [
            84.8972546,
            28.4342886
          ],
          [
            84.8971939,
            28.4342867
          ],
          [
            84.8971644,
            28.4343033
          ],
          [
            84.897202,
            28.4343268
          ],
          [
            84.8972502,
            28.4343599
          ],
          [
            84.8972684,
            28.434475
          ],
          [
            84.8972744,
            28.4345485
          ],
          [
            84.8973146,
            28.4346216
          ],
          [
            84.8973146,
            28.4347019
          ],
          [
            84.8972805,
            28.4346925
          ],
          [
            84.8972395,
            28.4346641
          ],
          [
            84.897218,
            28.4346193
          ],
          [
            84.8971698,
            28.4346051
          ],
          [
            84.8971644,
            28.4346594
          ],
          [
            84.8971697,
            28.4347363
          ],
          [
            84.8972234,
            28.4347915
          ],
          [
            84.8972974,
            28.4348669
          ],
          [
            84.8973438,
            28.4349489
          ],
          [
            84.8974595,
            28.4350108
          ],
          [
            84.8975959,
            28.4350709
          ],
          [
            84.8977008,
            28.4351759
          ],
          [
            84.8978081,
            28.4352562
          ],
          [
            84.8979074,
            28.4353057
          ],
          [
            84.8979476,
            28.4354
          ],
          [
            84.8980431,
            28.4354727
          ],
          [
            84.8982936,
            28.4357562
          ],
          [
            84.8984116,
            28.4359213
          ],
          [
            84.8985243,
            28.4360864
          ],
          [
            84.8986411,
            28.4362196
          ],
          [
            84.8987871,
            28.4363458
          ],
          [
            84.8988837,
            28.4364354
          ],
          [
            84.8989942,
            28.4365696
          ],
          [
            84.8991479,
            28.4366749
          ],
          [
            84.8992364,
            28.4367491
          ],
          [
            84.8991922,
            28.4368128
          ],
          [
            84.8991908,
            28.4368942
          ],
          [
            84.8991734,
            28.4369803
          ],
          [
            84.8993236,
            28.4370699
          ],
          [
            84.8991895,
            28.4370345
          ],
          [
            84.8991227,
            28.4370497
          ],
          [
            84.8992216,
            28.4371077
          ],
          [
            84.8993638,
            28.4371501
          ],
          [
            84.8994201,
            28.4372043
          ],
          [
            84.8994811,
            28.4372889
          ],
          [
            84.8995489,
            28.4373954
          ],
          [
            84.8996159,
            28.4374968
          ],
          [
            84.8997015,
            28.4377052
          ],
          [
            84.8997152,
            28.4379941
          ],
          [
            84.8994935,
            28.4378481
          ],
          [
            84.8997152,
            28.4379941
          ],
          [
            84.8997661,
            28.438044
          ],
          [
            84.8997569,
            28.4381616
          ],
          [
            84.899793,
            28.4382893
          ],
          [
            84.8997742,
            28.438393
          ],
          [
            84.8997715,
            28.4385228
          ],
          [
            84.8997125,
            28.4386855
          ],
          [
            84.8997242,
            28.438812
          ],
          [
            84.8997554,
            28.4388648
          ],
          [
            84.8997125,
            28.4389403
          ],
          [
            84.8997286,
            28.4390534
          ],
          [
            84.8997688,
            28.439143
          ],
          [
            84.8997903,
            28.4392492
          ],
          [
            84.8997822,
            28.4393931
          ],
          [
            84.8997313,
            28.4396124
          ],
          [
            84.8997098,
            28.4397303
          ],
          [
            84.899691,
            28.4398553
          ],
          [
            84.8996481,
            28.4399662
          ],
          [
            84.8996052,
            28.4400464
          ],
          [
            84.8995864,
            28.4401525
          ],
          [
            84.8996292,
            28.4402525
          ],
          [
            84.8996884,
            28.4403435
          ],
          [
            84.8997366,
            28.4404143
          ],
          [
            84.8997661,
            28.4405016
          ],
          [
            84.8997688,
            28.4405817
          ],
          [
            84.8997474,
            28.4406619
          ],
          [
            84.8997501,
            28.4407445
          ],
          [
            84.8997555,
            28.4408365
          ],
          [
            84.8998305,
            28.4408954
          ],
          [
            84.8999029,
            28.4409426
          ],
          [
            84.8999539,
            28.4410251
          ],
          [
            84.9000451,
            28.4412468
          ],
          [
            84.9001229,
            28.4414567
          ],
          [
            84.9001382,
            28.4416449
          ],
          [
            84.9000666,
            28.4418742
          ],
          [
            84.900037,
            28.4419968
          ],
          [
            84.9000156,
            28.4420558
          ],
          [
            84.900037,
            28.4421997
          ],
          [
            84.9000102,
            28.442353
          ],
          [
            84.9000129,
            28.4424662
          ],
          [
            84.8999886,
            28.4426014
          ],
          [
            84.8999378,
            28.4427067
          ],
          [
            84.8998734,
            28.4428105
          ],
          [
            84.8998064,
            28.4430322
          ],
          [
            84.8997661,
            28.4431949
          ],
          [
            84.899742,
            28.4433058
          ],
          [
            84.8996749,
            28.4433671
          ],
          [
            84.8996481,
            28.4434449
          ],
          [
            84.8995811,
            28.443669
          ],
          [
            84.8994765,
            28.4438341
          ],
          [
            84.8994309,
            28.443919
          ],
          [
            84.8993906,
            28.4440015
          ],
          [
            84.8993933,
            28.44411
          ],
          [
            84.8994121,
            28.4441973
          ],
          [
            84.899404,
            28.444327
          ],
          [
            84.8993209,
            28.4443341
          ],
          [
            84.8992324,
            28.4443293
          ],
          [
            84.8991995,
            28.4444183
          ],
          [
            84.8992297,
            28.4445628
          ],
          [
            84.8992163,
            28.4446996
          ],
          [
            84.8991706,
            28.4448435
          ],
          [
            84.899117,
            28.4449119
          ],
          [
            84.8990983,
            28.4449849
          ],
          [
            84.8990554,
            28.4450793
          ],
          [
            84.8989749,
            28.4451948
          ],
          [
            84.8989668,
            28.4453434
          ],
          [
            84.8989742,
            28.4454616
          ],
          [
            84.898932,
            28.4456241
          ],
          [
            84.8988623,
            28.4457892
          ],
          [
            84.8987657,
            28.4459543
          ],
          [
            84.8986933,
            28.4460109
          ],
          [
            84.8985645,
            28.446025
          ],
          [
            84.8984921,
            28.4460439
          ],
          [
            84.8984733,
            28.4461736
          ],
          [
            84.8984828,
            28.4463459
          ],
          [
            84.8983982,
            28.4465462
          ],
          [
            84.8983473,
            28.4466523
          ],
          [
            84.8982078,
            28.4467018
          ],
          [
            84.897961,
            28.4467325
          ],
          [
            84.8980684,
            28.4469071
          ],
          [
            84.8978698,
            28.4470863
          ],
          [
            84.8977801,
            28.4472577
          ],
          [
            84.8975855,
            28.4475768
          ],
          [
            84.8975265,
            28.4477608
          ],
          [
            84.8974353,
            28.4478362
          ],
          [
            84.8973763,
            28.4479777
          ],
          [
            84.8973325,
            28.4482173
          ],
          [
            84.8972368,
            28.4483362
          ],
          [
            84.8970759,
            28.4485179
          ],
          [
            84.8974699,
            28.4488125
          ],
          [
            84.8974809,
            28.4488598
          ],
          [
            84.8974594,
            28.4489069
          ],
          [
            84.8973656,
            28.4489423
          ],
          [
            84.8973119,
            28.449002
          ],
          [
            84.8972207,
            28.4490744
          ],
          [
            84.897159,
            28.4491569
          ],
          [
            84.8971188,
            28.4491993
          ],
          [
            84.8970474,
            28.4492998
          ],
          [
            84.8969579,
            28.4495012
          ],
          [
            84.8968345,
            28.4496238
          ],
          [
            84.8966628,
            28.4499116
          ],
          [
            84.8965257,
            28.4500966
          ],
          [
            84.8962757,
            28.4504111
          ],
          [
            84.8960875,
            28.450732
          ],
          [
            84.8959386,
            28.4510058
          ],
          [
            84.895667,
            28.4512354
          ],
          [
            84.8954773,
            28.4515246
          ],
          [
            84.8953056,
            28.4518265
          ],
          [
            84.8951554,
            28.4520717
          ],
          [
            84.8950374,
            28.4522415
          ],
          [
            84.8949623,
            28.4524019
          ],
          [
            84.8948979,
            28.4525811
          ],
          [
            84.8948663,
            28.4526782
          ],
          [
            84.8947048,
            28.4528547
          ],
          [
            84.8945922,
            28.453015
          ],
          [
            84.8946458,
            28.4531754
          ],
          [
            84.8945296,
            28.4532059
          ],
          [
            84.8944259,
            28.453265
          ],
          [
            84.8943366,
            28.453483
          ],
          [
            84.8942703,
            28.4537932
          ],
          [
            84.8942918,
            28.4539536
          ],
          [
            84.8942327,
            28.4541894
          ],
          [
            84.8941362,
            28.4542837
          ],
          [
            84.8941094,
            28.4545054
          ],
          [
            84.8940494,
            28.4546255
          ],
          [
            84.8940664,
            28.4547035
          ],
          [
            84.893986,
            28.4548874
          ],
          [
            84.8938596,
            28.4549895
          ],
          [
            84.8936802,
            28.4551044
          ],
          [
            84.8934539,
            28.4552489
          ],
          [
            84.8934227,
            28.4553779
          ],
          [
            84.8933423,
            28.4554581
          ],
          [
            84.8932139,
            28.4555666
          ],
          [
            84.8928995,
            28.4556349
          ],
          [
            84.8927522,
            28.4556279
          ],
          [
            84.8924196,
            28.4557647
          ],
          [
            84.8920762,
            28.4559392
          ],
          [
            84.8916241,
            28.4561138
          ],
          [
            84.8914486,
            28.4562646
          ],
          [
            84.8914057,
            28.4563825
          ],
          [
            84.8912542,
            28.4563781
          ],
          [
            84.8907378,
            28.4562863
          ],
          [
            84.89066,
            28.4562599
          ],
          [
            84.8906708,
            28.4563589
          ],
          [
            84.8906118,
            28.4564485
          ],
          [
            84.8904991,
            28.456557
          ],
          [
            84.8903931,
            28.4567489
          ],
          [
            84.8903811,
            28.4569154
          ],
          [
            84.8902949,
            28.4570639
          ],
          [
            84.8901451,
            28.457222
          ],
          [
            84.8900002,
            28.4573824
          ],
          [
            84.8898125,
            28.4575333
          ],
          [
            84.8896977,
            28.4577015
          ],
          [
            84.889437,
            28.4578728
          ],
          [
            84.8893297,
            28.4578917
          ],
          [
            84.8892868,
            28.4580379
          ],
          [
            84.8893113,
            28.4581094
          ],
          [
            84.8892948,
            28.4581983
          ],
          [
            84.8891768,
            28.4582643
          ],
          [
            84.8891124,
            28.4582761
          ],
          [
            84.8890668,
            28.4584576
          ],
          [
            84.8890051,
            28.4586015
          ],
          [
            84.8888254,
            28.4587477
          ],
          [
            84.8887476,
            28.4588184
          ],
          [
            84.8886412,
            28.4589058
          ],
          [
            84.8885089,
            28.4589811
          ],
          [
            84.8884445,
            28.4590802
          ],
          [
            84.8884124,
            28.4592641
          ],
          [
            84.8882139,
            28.4594528
          ],
          [
            84.8880583,
            28.4595046
          ],
          [
            84.8879725,
            28.4596791
          ],
          [
            84.8878384,
            28.4598301
          ],
          [
            84.8876184,
            28.4598961
          ],
          [
            84.8874843,
            28.4599904
          ],
          [
            84.8874074,
            28.4601127
          ],
          [
            84.8872697,
            28.4602286
          ],
          [
            84.8871862,
            28.460354
          ],
          [
            84.8871008,
            28.460521
          ],
          [
            84.887031,
            28.460666
          ],
          [
            84.8869801,
            28.4607473
          ],
          [
            84.8868929,
            28.4608121
          ],
          [
            84.8868164,
            28.4608417
          ],
          [
            84.8867133,
            28.4608765
          ],
          [
            84.8865912,
            28.4608924
          ],
          [
            84.8864825,
            28.4608829
          ],
          [
            84.8863953,
            28.4608511
          ],
          [
            84.8863299,
            28.4608786
          ],
          [
            84.8863041,
            28.4609089
          ],
          [
            84.8863189,
            28.4609584
          ],
          [
            84.886339,
            28.4610197
          ],
          [
            84.8862693,
            28.4610727
          ],
          [
            84.8861863,
            28.4611406
          ],
          [
            84.8860064,
            28.4612071
          ],
          [
            84.8858539,
            28.4613254
          ],
          [
            84.8857328,
            28.4614076
          ],
          [
            84.8855411,
            28.4614562
          ],
          [
            84.8853439,
            28.4615444
          ],
          [
            84.8852152,
            28.4615349
          ],
          [
            84.8850783,
            28.4615845
          ],
          [
            84.8848852,
            28.4616434
          ],
          [
            84.8847705,
            28.4617016
          ],
          [
            84.8845714,
            28.4617495
          ],
          [
            84.8843649,
            28.4618485
          ],
          [
            84.8840377,
            28.4620631
          ],
          [
            84.8838285,
            28.4621999
          ],
          [
            84.8836059,
            28.4623413
          ],
          [
            84.8833493,
            28.4624837
          ],
          [
            84.8831391,
            28.4626173
          ],
          [
            84.8828548,
            28.4626644
          ],
          [
            84.8824403,
            28.4627148
          ],
          [
            84.8818851,
            28.4629268
          ],
          [
            84.881587,
            28.4630324
          ],
          [
            84.8813106,
            28.4630252
          ],
          [
            84.8807573,
            28.4634378
          ],
          [
            84.88024,
            28.46378
          ],
          [
            84.8793713,
            28.4641342
          ],
          [
            84.879022,
            28.4644501
          ],
          [
            84.87869,
            28.46489
          ],
          [
            84.8785257,
            28.4650884
          ],
          [
            84.8784819,
            28.4653815
          ],
          [
            84.8784292,
            28.4656283
          ],
          [
            84.8782964,
            28.4658615
          ],
          [
            84.8782196,
            28.4661183
          ],
          [
            84.8781878,
            28.466423
          ],
          [
            84.8781335,
            28.4665959
          ],
          [
            84.8781158,
            28.4666522
          ],
          [
            84.8777175,
            28.467474
          ],
          [
            84.8770959,
            28.4681718
          ],
          [
            84.8768183,
            28.4689915
          ],
          [
            84.8765731,
            28.4692666
          ],
          [
            84.876563,
            28.4695673
          ],
          [
            84.8762805,
            28.469945
          ],
          [
            84.876194,
            28.4702389
          ],
          [
            84.8757757,
            28.4705282
          ],
          [
            84.8754225,
            28.4708159
          ],
          [
            84.8751664,
            28.4711726
          ],
          [
            84.8747373,
            28.4717068
          ],
          [
            84.8744298,
            28.4717391
          ],
          [
            84.8734884,
            28.472346
          ],
          [
            84.8729698,
            28.4724281
          ],
          [
            84.8728314,
            28.4724733
          ],
          [
            84.8726892,
            28.4726477
          ],
          [
            84.8725197,
            28.4729258
          ],
          [
            84.8723835,
            28.4730768
          ],
          [
            84.8722413,
            28.4731523
          ],
          [
            84.8720375,
            28.4732938
          ],
          [
            84.8718754,
            28.4734691
          ],
          [
            84.8716861,
            28.4735578
          ],
          [
            84.8715627,
            28.4737134
          ],
          [
            84.8715922,
            28.4738973
          ],
          [
            84.8713555,
            28.4740416
          ],
          [
            84.8711175,
            28.4743265
          ],
          [
            84.8708776,
            28.474504
          ],
          [
            84.8706669,
            28.4748145
          ],
          [
            84.8704201,
            28.4751022
          ],
          [
            84.870065,
            28.475359
          ],
          [
            84.8697495,
            28.4759109
          ],
          [
            84.8696154,
            28.4761796
          ],
          [
            84.8695779,
            28.4764201
          ],
          [
            84.8694206,
            28.4765465
          ],
          [
            84.8691004,
            28.47667
          ],
          [
            84.8687089,
            28.4767741
          ],
          [
            84.8683977,
            28.4769152
          ],
          [
            84.8681939,
            28.477151
          ],
          [
            84.8680281,
            28.4773989
          ],
          [
            84.8676668,
            28.4777209
          ],
          [
            84.867446,
            28.47784
          ],
          [
            84.8671769,
            28.477989
          ],
          [
            84.8668045,
            28.4781035
          ],
          [
            84.866437,
            28.4782898
          ],
          [
            84.8664335,
            28.4783445
          ],
          [
            84.8664684,
            28.4786688
          ],
          [
            84.8664558,
            28.4787259
          ],
          [
            84.8663633,
            28.4787271
          ],
          [
            84.8663029,
            28.4787389
          ],
          [
            84.8663525,
            28.478766
          ],
          [
            84.8664182,
            28.4787872
          ],
          [
            84.8663954,
            28.4788025
          ],
          [
            84.8663311,
            28.4788084
          ],
          [
            84.8662922,
            28.4788144
          ],
          [
            84.8663351,
            28.4788579
          ],
          [
            84.8664156,
            28.4788804
          ],
          [
            84.8664612,
            28.478878
          ],
          [
            84.8665175,
            28.4788462
          ],
          [
            84.8665711,
            28.4788261
          ],
          [
            84.8666197,
            28.4788376
          ],
          [
            84.8666463,
            28.4788556
          ],
          [
            84.8666871,
            28.4788727
          ],
          [
            84.8667059,
            28.4788806
          ],
          [
            84.8668206,
            28.4789405
          ],
          [
            84.8668706,
            28.4790337
          ],
          [
            84.866904,
            28.4790957
          ],
          [
            84.8669877,
            28.4792516
          ],
          [
            84.8669923,
            28.4792948
          ],
          [
            84.8669976,
            28.4793448
          ],
          [
            84.8669761,
            28.4794921
          ],
          [
            84.8669673,
            28.4795387
          ],
          [
            84.8669574,
            28.4795912
          ],
          [
            84.8669358,
            28.4796821
          ],
          [
            84.8668825,
            28.4798183
          ],
          [
            84.8668635,
            28.479867
          ],
          [
            84.8667782,
            28.479988
          ],
          [
            84.8666865,
            28.4802159
          ],
          [
            84.8666208,
            28.4804178
          ],
          [
            84.8665523,
            28.4805837
          ],
          [
            84.8665336,
            28.4806757
          ],
          [
            84.8664799,
            28.4807464
          ],
          [
            84.8664839,
            28.4808002
          ],
          [
            84.8665309,
            28.4809138
          ],
          [
            84.8665819,
            28.4809822
          ],
          [
            84.8666221,
            28.4810435
          ],
          [
            84.8665953,
            28.4811071
          ],
          [
            84.8665577,
            28.4811118
          ],
          [
            84.8665577,
            28.4811873
          ],
          [
            84.8665773,
            28.4812878
          ],
          [
            84.8665282,
            28.4813995
          ],
          [
            84.8665094,
            28.4815126
          ],
          [
            84.8665068,
            28.4816022
          ],
          [
            84.8664397,
            28.4816376
          ],
          [
            84.8663297,
            28.4817154
          ],
          [
            84.8662621,
            28.4817904
          ],
          [
            84.8662439,
            28.4818686
          ],
          [
            84.8662519,
            28.4819794
          ],
          [
            84.866201,
            28.4819818
          ],
          [
            84.8662117,
            28.4820855
          ],
          [
            84.8662466,
            28.4822105
          ],
          [
            84.8662278,
            28.4822859
          ],
          [
            84.8661971,
            28.4823749
          ],
          [
            84.8661554,
            28.482491
          ],
          [
            84.8660927,
            28.4825935
          ],
          [
            84.8660226,
            28.4826827
          ],
          [
            84.8659945,
            28.4828022
          ],
          [
            84.8659381,
            28.4829059
          ],
          [
            84.8658898,
            28.4829625
          ],
          [
            84.8658657,
            28.483038
          ],
          [
            84.866028,
            28.4832253
          ],
          [
            84.8660296,
            28.4833031
          ],
          [
            84.8659569,
            28.4833751
          ],
          [
            84.8658979,
            28.48346
          ],
          [
            84.8659193,
            28.4835496
          ],
          [
            84.8659236,
            28.4836283
          ],
          [
            84.8660052,
            28.4836226
          ],
          [
            84.8660025,
            28.4837052
          ],
          [
            84.8659703,
            28.4837806
          ],
          [
            84.865953,
            28.4838534
          ],
          [
            84.8659542,
            28.4839268
          ],
          [
            84.8660213,
            28.4839881
          ],
          [
            84.8659915,
            28.4840416
          ],
          [
            84.8659247,
            28.4841106
          ],
          [
            84.8659059,
            28.4842214
          ],
          [
            84.8658791,
            28.4843205
          ],
          [
            84.8658556,
            28.484406
          ],
          [
            84.8657799,
            28.484469
          ],
          [
            84.8657235,
            28.4845562
          ],
          [
            84.8656845,
            28.4846547
          ],
          [
            84.8656458,
            28.4847802
          ],
          [
            84.8656082,
            28.4848698
          ],
          [
            84.8655975,
            28.4849287
          ],
          [
            84.8655519,
            28.4850112
          ],
          [
            84.8655854,
            28.4849982
          ],
          [
            84.8656069,
            28.4849971
          ],
          [
            84.8656163,
            28.4850124
          ],
          [
            84.8656015,
            28.4850265
          ],
          [
            84.8655908,
            28.4850548
          ],
          [
            84.8655827,
            28.4850831
          ],
          [
            84.8655908,
            28.4851149
          ],
          [
            84.8655854,
            28.4851432
          ],
          [
            84.865564,
            28.485188
          ],
          [
            84.8655559,
            28.4852293
          ],
          [
            84.8655412,
            28.4852658
          ],
          [
            84.8655465,
            28.4852823
          ],
          [
            84.8655626,
            28.4852835
          ],
          [
            84.8656324,
            28.4852588
          ],
          [
            84.8656645,
            28.4852352
          ],
          [
            84.865682,
            28.4852434
          ],
          [
            84.8656914,
            28.4852682
          ],
          [
            84.8656914,
            28.4852916
          ],
          [
            84.8656565,
            28.4853318
          ],
          [
            84.8656163,
            28.4853578
          ],
          [
            84.8655935,
            28.4853731
          ],
          [
            84.8655586,
            28.4853884
          ],
          [
            84.8655398,
            28.4854085
          ],
          [
            84.8655599,
            28.4854344
          ],
          [
            84.8655908,
            28.4854273
          ],
          [
            84.8656082,
            28.485432
          ],
          [
            84.8656069,
            28.4854509
          ],
          [
            84.8655707,
            28.4854568
          ],
          [
            84.8655224,
            28.485498
          ],
          [
            84.8654497,
            28.4855781
          ],
          [
            84.8654312,
            28.4856855
          ],
          [
            84.8653954,
            28.4857693
          ],
          [
            84.8653722,
            28.4858741
          ],
          [
            84.8653454,
            28.4859825
          ],
          [
            84.8654902,
            28.4861947
          ],
          [
            84.8656028,
            28.486355
          ],
          [
            84.8657021,
            28.4865035
          ],
          [
            84.8658079,
            28.4866396
          ],
          [
            84.8659086,
            28.4868194
          ],
          [
            84.865973,
            28.4868948
          ],
          [
            84.866024,
            28.4869703
          ],
          [
            84.866032,
            28.4870104
          ],
          [
            84.8660776,
            28.4870481
          ],
          [
            84.8661312,
            28.4870917
          ],
          [
            84.8661626,
            28.4871345
          ],
          [
            84.8662198,
            28.4871471
          ],
          [
            84.8662627,
            28.4871872
          ],
          [
            84.8662707,
            28.4872438
          ],
          [
            84.8663163,
            28.4872838
          ],
          [
            84.8663244,
            28.4873781
          ],
          [
            84.8663431,
            28.4874748
          ],
          [
            84.866378,
            28.4875455
          ],
          [
            84.866378,
            28.4875974
          ],
          [
            84.8663366,
            28.487634
          ],
          [
            84.8668919,
            28.4877978
          ],
          [
            84.8669493,
            28.4878449
          ],
          [
            84.8669252,
            28.4879298
          ],
          [
            84.8668528,
            28.4880429
          ],
          [
            84.8667669,
            28.4880995
          ],
          [
            84.8666784,
            28.4881561
          ],
          [
            84.8665979,
            28.4881962
          ],
          [
            84.8665416,
            28.4882127
          ],
          [
            84.8664585,
            28.4883376
          ],
          [
            84.8663753,
            28.4884578
          ],
          [
            84.8663217,
            28.488571
          ],
          [
            84.866311,
            28.488604
          ],
          [
            84.8663163,
            28.4886818
          ],
          [
            84.8663297,
            28.488736
          ],
          [
            84.8663351,
            28.4887949
          ],
          [
            84.8663351,
            28.4888303
          ],
          [
            84.8663431,
            28.4888869
          ],
          [
            84.8663807,
            28.4889411
          ],
          [
            84.8664102,
            28.4888232
          ],
          [
            84.8664558,
            28.4887737
          ],
          [
            84.8665094,
            28.4887525
          ],
          [
            84.866547,
            28.4887549
          ],
          [
            84.8666275,
            28.4887784
          ],
          [
            84.8666784,
            28.4887454
          ],
          [
            84.8667267,
            28.4888067
          ],
          [
            84.8667616,
            28.4888162
          ],
          [
            84.8668152,
            28.4887714
          ],
          [
            84.8668501,
            28.4888138
          ],
          [
            84.8667884,
            28.4888798
          ],
          [
            84.8667863,
            28.4889432
          ],
          [
            84.8668554,
            28.4889529
          ],
          [
            84.8669064,
            28.4889317
          ],
          [
            84.8669788,
            28.488894
          ],
          [
            84.8670003,
            28.48896
          ],
          [
            84.8669761,
            28.4890401
          ],
          [
            84.8669466,
            28.4891721
          ],
          [
            84.8669466,
            28.4892546
          ],
          [
            84.8669252,
            28.4893607
          ],
          [
            84.8668876,
            28.489547
          ],
          [
            84.8669171,
            28.4897073
          ],
          [
            84.866901,
            28.4898416
          ],
          [
            84.866893,
            28.4900137
          ],
          [
            84.866901,
            28.4901363
          ],
          [
            84.8669217,
            28.4902594
          ],
          [
            84.8669305,
            28.4903697
          ],
          [
            84.8669413,
            28.4904522
          ],
          [
            84.8669332,
            28.4905182
          ],
          [
            84.866952,
            28.4905347
          ],
          [
            84.867003,
            28.4905229
          ],
          [
            84.8670325,
            28.4904993
          ],
          [
            84.8670727,
            28.4904852
          ],
          [
            84.8671102,
            28.4905088
          ],
          [
            84.8671547,
            28.4906289
          ],
          [
            84.8671612,
            28.4907092
          ],
          [
            84.8671827,
            28.4907869
          ],
          [
            84.8672095,
            28.4908317
          ],
          [
            84.8672444,
            28.490827
          ],
          [
            84.8672792,
            28.4908034
          ],
          [
            84.8672605,
            28.490893
          ],
          [
            84.8672524,
            28.4909779
          ],
          [
            84.8672765,
            28.4910604
          ],
          [
            84.867311,
            28.491129
          ],
          [
            84.867357,
            28.4912749
          ],
          [
            84.8674214,
            28.4913574
          ],
          [
            84.8674803,
            28.4917926
          ],
          [
            84.8676697,
            28.4922547
          ],
          [
            84.8677245,
            28.4923758
          ],
          [
            84.8677707,
            28.4925919
          ],
          [
            84.8677567,
            28.4926893
          ],
          [
            84.8678076,
            28.4928072
          ],
          [
            84.8678049,
            28.4929086
          ],
          [
            84.8677781,
            28.4930076
          ],
          [
            84.8677754,
            28.4931042
          ],
          [
            84.867813,
            28.4931867
          ],
          [
            84.8678318,
            28.4932244
          ],
          [
            84.8679471,
            28.4932433
          ],
          [
            84.8679578,
            28.4932787
          ],
          [
            84.8678935,
            28.4932857
          ],
          [
            84.8678479,
            28.4933164
          ],
          [
            84.8679115,
            28.4934271
          ],
          [
            84.8680168,
            28.4937195
          ],
          [
            84.8680383,
            28.4939034
          ],
          [
            84.8680571,
            28.4940165
          ],
          [
            84.8681375,
            28.4941344
          ],
          [
            84.8682205,
            28.4942362
          ],
          [
            84.868277,
            28.4943371
          ],
          [
            84.8683012,
            28.4943701
          ],
          [
            84.8682931,
            28.4944408
          ],
          [
            84.868269,
            28.4945045
          ],
          [
            84.8683146,
            28.4945233
          ],
          [
            84.8683414,
            28.494528
          ],
          [
            84.8682877,
            28.494594
          ],
          [
            84.868226,
            28.4946388
          ],
          [
            84.8682341,
            28.494686
          ],
          [
            84.8682636,
            28.4947331
          ],
          [
            84.8682716,
            28.4948298
          ],
          [
            84.8682341,
            28.4949547
          ],
          [
            84.8681805,
            28.4950561
          ],
          [
            84.8681805,
            28.4951362
          ],
          [
            84.8681536,
            28.4952022
          ],
          [
            84.8681751,
            28.4952399
          ],
          [
            84.868201,
            28.4952181
          ],
          [
            84.868226,
            28.4952093
          ],
          [
            84.8682421,
            28.4953696
          ],
          [
            84.8682985,
            28.4955723
          ],
          [
            84.8682985,
            28.4956595
          ],
          [
            84.8683575,
            28.4957444
          ],
          [
            84.8684594,
            28.4958175
          ],
          [
            84.8685479,
            28.4959306
          ],
          [
            84.8685908,
            28.4960013
          ],
          [
            84.8686096,
            28.4960956
          ],
          [
            84.8686096,
            28.4961899
          ],
          [
            84.8686337,
            28.4962819
          ],
          [
            84.8686981,
            28.4963785
          ],
          [
            84.868741,
            28.4964091
          ],
          [
            84.8687772,
            28.4964598
          ],
          [
            84.868855,
            28.4966201
          ],
          [
            84.8688295,
            28.4964869
          ],
          [
            84.8688755,
            28.4965681
          ],
          [
            84.86891,
            28.4966107
          ],
          [
            84.8689999,
            28.4966402
          ],
          [
            84.8690414,
            28.4966425
          ],
          [
            84.8691326,
            28.4966802
          ],
          [
            84.8691898,
            28.4967225
          ],
          [
            84.8692654,
            28.4967557
          ],
          [
            84.8693083,
            28.4967969
          ],
          [
            84.8693526,
            28.4968417
          ],
          [
            84.8693807,
            28.49687
          ],
          [
            84.8694076,
            28.4968983
          ],
          [
            84.8694451,
            28.4969124
          ],
          [
            84.8694639,
            28.4969089
          ],
          [
            84.8694719,
            28.4968818
          ],
          [
            84.8694545,
            28.496857
          ],
          [
            84.8694372,
            28.4968175
          ],
          [
            84.8694518,
            28.4968075
          ],
          [
            84.8694974,
            28.4968311
          ],
          [
            84.8695403,
            28.4968382
          ],
          [
            84.8695806,
            28.4968205
          ],
          [
            84.8696221,
            28.4968334
          ],
          [
            84.8696583,
            28.4968382
          ],
          [
            84.8696879,
            28.4968441
          ],
          [
            84.8696946,
            28.4968617
          ],
          [
            84.8697115,
            28.4968849
          ],
          [
            84.8697688,
            28.4971386
          ],
          [
            84.8697871,
            28.497154
          ],
          [
            84.8697428,
            28.4971811
          ],
          [
            84.869653,
            28.4972177
          ],
          [
            84.8695484,
            28.497266
          ],
          [
            84.8694894,
            28.4972896
          ],
          [
            84.8694237,
            28.4973155
          ],
          [
            84.8693834,
            28.4973308
          ],
          [
            84.8693217,
            28.4973426
          ],
          [
            84.8692842,
            28.4973509
          ],
          [
            84.8692632,
            28.4973637
          ],
          [
            84.8692547,
            28.497385
          ],
          [
            84.8692091,
            28.4973827
          ],
          [
            84.8691648,
            28.497378
          ],
          [
            84.8691353,
            28.4973544
          ],
          [
            84.8690629,
            28.4973544
          ],
          [
            84.8690253,
            28.4973874
          ],
          [
            84.8690062,
            28.4974227
          ],
          [
            84.8689771,
            28.4974758
          ],
          [
            84.8688966,
            28.49753
          ],
          [
            84.8688497,
            28.4975642
          ],
          [
            84.8688349,
            28.497609
          ],
          [
            84.8688242,
            28.4976373
          ],
          [
            84.8687786,
            28.4976773
          ],
          [
            84.868697,
            28.4977668
          ],
          [
            84.8684579,
            28.4979006
          ],
          [
            84.8684943,
            28.4980474
          ],
          [
            84.8683816,
            28.4982454
          ],
          [
            84.8682797,
            28.4984717
          ],
          [
            84.8682958,
            28.4985212
          ],
          [
            84.868277,
            28.4986061
          ],
          [
            84.8682475,
            28.4987098
          ],
          [
            84.8682109,
            28.4988139
          ],
          [
            84.868167,
            28.4989549
          ],
          [
            84.8681402,
            28.4990869
          ],
          [
            84.8681161,
            28.4991553
          ],
          [
            84.8680921,
            28.499313
          ],
          [
            84.8681214,
            28.4993745
          ],
          [
            84.8681536,
            28.499417
          ],
          [
            84.8682066,
            28.4994847
          ],
          [
            84.868226,
            28.4995325
          ],
          [
            84.8682636,
            28.4995702
          ],
          [
            84.8682985,
            28.4995772
          ],
          [
            84.8682904,
            28.4996173
          ],
          [
            84.8682529,
            28.499622
          ],
          [
            84.8683146,
            28.4997375
          ],
          [
            84.8683521,
            28.49978
          ],
          [
            84.8683575,
            28.4998577
          ],
          [
            84.8683575,
            28.4999426
          ],
          [
            84.8683628,
            28.5000062
          ],
          [
            84.8683897,
            28.5000581
          ],
          [
            84.8684272,
            28.5001052
          ],
          [
            84.86845,
            28.5001465
          ],
          [
            84.8684674,
            28.5001889
          ],
          [
            84.8684674,
            28.5002231
          ],
          [
            84.8684353,
            28.5001913
          ],
          [
            84.8683803,
            28.500209
          ],
          [
            84.86834,
            28.5001677
          ],
          [
            84.8683253,
            28.5001288
          ],
          [
            84.8683038,
            28.5000699
          ],
          [
            84.8683105,
            28.5000251
          ],
          [
            84.8682904,
            28.499985
          ],
          [
            84.8682207,
            28.4999556
          ],
          [
            84.8681791,
            28.4999131
          ],
          [
            84.868167,
            28.4998542
          ],
          [
            84.8681255,
            28.4997858
          ],
          [
            84.8680745,
            28.4997328
          ],
          [
            84.8680396,
            28.4996774
          ],
          [
            84.8679954,
            28.4996385
          ],
          [
            84.8679283,
            28.4996102
          ],
          [
            84.8678628,
            28.4996105
          ],
          [
            84.8677102,
            28.4996159
          ],
          [
            84.867577,
            28.4996385
          ],
          [
            84.8674879,
            28.4996229
          ],
          [
            84.867408,
            28.4996008
          ],
          [
            84.8673275,
            28.4995584
          ],
          [
            84.867239,
            28.4995772
          ],
          [
            84.8671734,
            28.4996042
          ],
          [
            84.8670942,
            28.4996739
          ],
          [
            84.867011,
            28.4997187
          ],
          [
            84.8669279,
            28.4997493
          ],
          [
            84.8668608,
            28.499813
          ],
          [
            84.8668134,
            28.4998778
          ],
          [
            84.8667401,
            28.4999379
          ],
          [
            84.8666891,
            28.4999897
          ],
          [
            84.8666411,
            28.5000705
          ],
          [
            84.8666,
            28.5001114
          ],
          [
            84.8665448,
            28.5002696
          ],
          [
            84.8665497,
            28.5003645
          ],
          [
            84.8665604,
            28.500473
          ],
          [
            84.8665604,
            28.5005319
          ],
          [
            84.8665505,
            28.5006218
          ],
          [
            84.8664987,
            28.5007676
          ],
          [
            84.8664531,
            28.5008949
          ],
          [
            84.8663807,
            28.5009774
          ],
          [
            84.8663646,
            28.5011165
          ],
          [
            84.8663297,
            28.5012202
          ],
          [
            84.8661661,
            28.5014229
          ],
          [
            84.8661286,
            28.5015879
          ],
          [
            84.8660225,
            28.5017477
          ],
          [
            84.8659462,
            28.5019226
          ],
          [
            84.8658442,
            28.5021112
          ],
          [
            84.8657745,
            28.5022338
          ],
          [
            84.8657289,
            28.5023045
          ],
          [
            84.8657262,
            28.5023917
          ],
          [
            84.8657998,
            28.5024595
          ],
          [
            84.8658603,
            28.5025237
          ],
          [
            84.8659569,
            28.5025944
          ],
          [
            84.8659998,
            28.502651
          ],
          [
            84.8659784,
            28.5026887
          ],
          [
            84.8659354,
            28.5027193
          ],
          [
            84.8658282,
            28.5026981
          ],
          [
            84.865745,
            28.5026627
          ],
          [
            84.865662,
            28.5026297
          ],
          [
            84.8655163,
            28.502626
          ],
          [
            84.8654205,
            28.5026981
          ],
          [
            84.865348,
            28.5027641
          ],
          [
            84.8652715,
            28.5028256
          ],
          [
            84.865171,
            28.502981
          ],
          [
            84.8651254,
            28.5029998
          ],
          [
            84.8650932,
            28.5030458
          ],
          [
            84.8650973,
            28.5030988
          ],
          [
            84.8650973,
            28.5031507
          ],
          [
            84.8650785,
            28.5032037
          ],
          [
            84.8650696,
            28.5032653
          ],
          [
            84.865045,
            28.5034135
          ],
          [
            84.8650369,
            28.5034783
          ],
          [
            84.8650396,
            28.5035231
          ],
          [
            84.8650382,
            28.5035525
          ],
          [
            84.8650248,
            28.5035738
          ],
          [
            84.8649809,
            28.5035955
          ],
          [
            84.864935,
            28.5035879
          ],
          [
            84.8649015,
            28.503595
          ],
          [
            84.8648719,
            28.503615
          ],
          [
            84.8648525,
            28.503648
          ],
          [
            84.8647928,
            28.5037541
          ],
          [
            84.8647714,
            28.5038083
          ],
          [
            84.864766,
            28.5038649
          ],
          [
            84.864802,
            28.5038958
          ],
          [
            84.8648679,
            28.5039309
          ],
          [
            84.8649591,
            28.5039851
          ],
          [
            84.865002,
            28.5040299
          ],
          [
            84.8650449,
            28.5040817
          ],
          [
            84.8650552,
            28.5041358
          ],
          [
            84.8649994,
            28.5041878
          ],
          [
            84.8649055,
            28.5042208
          ],
          [
            84.8648411,
            28.5042255
          ],
          [
            84.8647928,
            28.5042585
          ],
          [
            84.864728,
            28.5042496
          ],
          [
            84.8643063,
            28.5043264
          ],
          [
            84.8641401,
            28.504494
          ],
          [
            84.8640794,
            28.504638
          ],
          [
            84.8640135,
            28.5047504
          ],
          [
            84.863905,
            28.5048878
          ],
          [
            84.8637709,
            28.5049538
          ],
          [
            84.8636395,
            28.5050458
          ],
          [
            84.8635188,
            28.5051235
          ],
          [
            84.8634168,
            28.5051895
          ],
          [
            84.8633461,
            28.5052332
          ],
          [
            84.8632613,
            28.5053286
          ],
          [
            84.8631915,
            28.5054559
          ],
          [
            84.863044,
            28.505569
          ],
          [
            84.8629367,
            28.5056468
          ],
          [
            84.8628429,
            28.5057034
          ],
          [
            84.8627597,
            28.5057364
          ],
          [
            84.8627703,
            28.5058084
          ],
          [
            84.8627946,
            28.5058637
          ],
          [
            84.8627409,
            28.5060074
          ],
          [
            84.8627141,
            28.5061606
          ],
          [
            84.8626658,
            28.5062667
          ],
          [
            84.8626306,
            28.5063076
          ],
          [
            84.8627034,
            28.5063138
          ],
          [
            84.8626524,
            28.5063563
          ],
          [
            84.8625666,
            28.5063775
          ],
          [
            84.8624405,
            28.506526
          ],
          [
            84.8624271,
            28.5066179
          ],
          [
            84.8623735,
            28.5067428
          ],
          [
            84.8622796,
            28.5068065
          ],
          [
            84.8623037,
            28.5068536
          ],
          [
            84.8621938,
            28.5068842
          ],
          [
            84.8621589,
            28.506988
          ],
          [
            84.8620699,
            28.5069882
          ],
          [
            84.8619416,
            28.5070987
          ],
          [
            84.8618987,
            28.5071624
          ],
          [
            84.8618531,
            28.5072095
          ],
          [
            84.8617727,
            28.5072354
          ],
          [
            84.8617271,
            28.5072756
          ],
          [
            84.8617458,
            28.5073368
          ],
          [
            84.8617002,
            28.5073886
          ],
          [
            84.8616278,
            28.5073651
          ],
          [
            84.8615313,
            28.5074452
          ],
          [
            84.8614816,
            28.5074806
          ],
          [
            84.8614334,
            28.5075265
          ],
          [
            84.8613207,
            28.5075737
          ],
          [
            84.8612697,
            28.5075961
          ],
          [
            84.8611638,
            28.5076326
          ],
          [
            84.8610672,
            28.5077186
          ],
          [
            84.8609734,
            28.5077776
          ],
          [
            84.8608687,
            28.5078247
          ],
          [
            84.8607159,
            28.5079143
          ],
          [
            84.8606595,
            28.5079143
          ],
          [
            84.860563,
            28.5080062
          ],
          [
            84.8605201,
            28.5080792
          ],
          [
            84.8604315,
            28.5081382
          ],
          [
            84.8603618,
            28.508157
          ],
          [
            84.8603389,
            28.5082358
          ],
          [
            84.8603109,
            28.5082772
          ],
          [
            84.8602237,
            28.5082973
          ],
          [
            84.8601499,
            28.5083126
          ],
          [
            84.8600735,
            28.5083762
          ],
          [
            84.8600386,
            28.5084375
          ],
          [
            84.859993,
            28.5084846
          ],
          [
            84.8599501,
            28.50852
          ],
          [
            84.8598902,
            28.5085486
          ],
          [
            84.8597369,
            28.5085907
          ],
          [
            84.8595893,
            28.5086496
          ],
          [
            84.8594833,
            28.5086858
          ],
          [
            84.8594418,
            28.5087298
          ],
          [
            84.8593533,
            28.5087722
          ],
          [
            84.8592997,
            28.5088193
          ],
          [
            84.8591146,
            28.5087958
          ],
          [
            84.8589741,
            28.5088026
          ],
          [
            84.8588115,
            28.5088665
          ],
          [
            84.8587042,
            28.5089372
          ],
          [
            84.8585701,
            28.5089655
          ],
          [
            84.858493,
            28.5090247
          ],
          [
            84.8583716,
            28.5091305
          ],
          [
            84.8582938,
            28.5091847
          ],
          [
            84.8582093,
            28.5092153
          ],
          [
            84.858145,
            28.5092884
          ],
          [
            84.8581114,
            28.5093167
          ],
          [
            84.8580766,
            28.5093367
          ],
          [
            84.8580551,
            28.5093992
          ],
          [
            84.8580029,
            28.5094149
          ],
          [
            84.8579237,
            28.5094958
          ],
          [
            84.8578164,
            28.5095712
          ],
          [
            84.8577198,
            28.5096254
          ],
          [
            84.8575616,
            28.5096655
          ],
          [
            84.8574784,
            28.5097197
          ],
          [
            84.8573953,
            28.5097574
          ],
          [
            84.8573242,
            28.5097951
          ],
          [
            84.8572625,
            28.5098199
          ],
          [
            84.8572209,
            28.5098647
          ],
          [
            84.8572,
            28.5099173
          ],
          [
            84.857166,
            28.5099966
          ],
          [
            84.8571606,
            28.5100567
          ],
          [
            84.8572007,
            28.5101436
          ],
          [
            84.8572209,
            28.5102264
          ],
          [
            84.8572384,
            28.5102583
          ],
          [
            84.8572612,
            28.5102795
          ],
          [
            84.8572598,
            28.510316
          ],
          [
            84.857233,
            28.5103301
          ],
          [
            84.8571686,
            28.5103266
          ],
          [
            84.8571432,
            28.5103443
          ],
          [
            84.8571539,
            28.5103844
          ],
          [
            84.8571579,
            28.5104174
          ],
          [
            84.8571755,
            28.5104437
          ],
          [
            84.8571552,
            28.5104598
          ],
          [
            84.8571458,
            28.5104822
          ],
          [
            84.8571499,
            28.5104987
          ],
          [
            84.8571767,
            28.5105116
          ],
          [
            84.8572033,
            28.5105414
          ],
          [
            84.8570705,
            28.5110035
          ],
          [
            84.8570641,
            28.5110311
          ],
          [
            84.8570165,
            28.5110214
          ],
          [
            84.8569608,
            28.5110113
          ],
          [
            84.8568749,
            28.5110396
          ],
          [
            84.8568213,
            28.5110679
          ],
          [
            84.8567757,
            28.5111103
          ],
          [
            84.8567471,
            28.5111876
          ],
          [
            84.8567221,
            28.5113177
          ],
          [
            84.8567301,
            28.5113908
          ],
          [
            84.8566899,
            28.5114827
          ],
          [
            84.856663,
            28.5115558
          ],
          [
            84.8565665,
            28.5116453
          ],
          [
            84.8564994,
            28.511709
          ],
          [
            84.8564994,
            28.5117537
          ],
          [
            84.8565276,
            28.5117443
          ],
          [
            84.856592,
            28.5117078
          ],
          [
            84.8566014,
            28.5117196
          ],
          [
            84.8565826,
            28.5117526
          ],
          [
            84.8565303,
            28.5117738
          ],
          [
            84.8564793,
            28.5117953
          ],
          [
            84.8564592,
            28.511828
          ],
          [
            84.856364,
            28.5118975
          ],
          [
            84.8562969,
            28.5119376
          ],
          [
            84.856187,
            28.5119588
          ],
          [
            84.8561199,
            28.512033
          ],
          [
            84.8560314,
            28.5121167
          ],
          [
            84.8559724,
            28.5121473
          ],
          [
            84.8558973,
            28.5121815
          ],
          [
            84.8558268,
            28.512237
          ],
          [
            84.8557256,
            28.5123488
          ],
          [
            84.8556342,
            28.5124416
          ],
          [
            84.8555969,
            28.5125056
          ],
          [
            84.8555365,
            28.5125657
          ],
          [
            84.8554748,
            28.5127036
          ],
          [
            84.8554158,
            28.5127931
          ],
          [
            84.8553488,
            28.5129133
          ],
          [
            84.8552495,
            28.51301
          ],
          [
            84.8551396,
            28.5131514
          ],
          [
            84.8550282,
            28.5132739
          ],
          [
            84.8549505,
            28.5133717
          ],
          [
            84.8548861,
            28.5134472
          ],
          [
            84.8548405,
            28.5134896
          ],
          [
            84.8548217,
            28.5135296
          ],
          [
            84.8548163,
            28.5135874
          ],
          [
            84.8548237,
            28.5136169
          ],
          [
            84.854819,
            28.5136381
          ],
          [
            84.8548103,
            28.5136663
          ],
          [
            84.8548043,
            28.5136929
          ],
          [
            84.8548184,
            28.5137058
          ],
          [
            84.8548358,
            28.5136911
          ],
          [
            84.8548485,
            28.5136734
          ],
          [
            84.854868,
            28.5136687
          ],
          [
            84.854872,
            28.5136905
          ],
          [
            84.8548492,
            28.5137141
          ],
          [
            84.8548432,
            28.5137488
          ],
          [
            84.8548432,
            28.5137818
          ],
          [
            84.8548418,
            28.513806
          ],
          [
            84.8548297,
            28.513829
          ],
          [
            84.854821,
            28.5138455
          ],
          [
            84.8547695,
            28.5138687
          ],
          [
            84.8547252,
            28.513862
          ],
          [
            84.8546219,
            28.5138596
          ],
          [
            84.8545401,
            28.5138655
          ],
          [
            84.8544851,
            28.5138832
          ],
          [
            84.8544166,
            28.5139013
          ],
          [
            84.8543268,
            28.5139527
          ],
          [
            84.8542236,
            28.514034
          ],
          [
            84.8541418,
            28.5140517
          ],
          [
            84.8540667,
            28.5140953
          ],
          [
            84.8539326,
            28.5141742
          ],
          [
            84.8538459,
            28.5142037
          ],
          [
            84.8537689,
            28.5142556
          ],
          [
            84.8536737,
            28.5142968
          ],
          [
            84.8536187,
            28.5143357
          ],
          [
            84.853557,
            28.514397
          ],
          [
            84.8534846,
            28.5144359
          ],
          [
            84.8534122,
            28.5144641
          ],
          [
            84.8533532,
            28.514483
          ],
          [
            84.8532875,
            28.5145125
          ],
          [
            84.853258,
            28.5145396
          ],
          [
            84.8532137,
            28.5145667
          ],
          [
            84.85314,
            28.5145796
          ],
          [
            84.8530608,
            28.5146044
          ],
          [
            84.8529321,
            28.5146786
          ],
          [
            84.8528379,
            28.5147406
          ],
          [
            84.8528087,
            28.5147646
          ],
          [
            84.8527269,
            28.5148271
          ],
          [
            84.8526545,
            28.5148636
          ],
          [
            84.8525847,
            28.5148837
          ],
          [
            84.8525217,
            28.5148872
          ],
          [
            84.8524466,
            28.5148896
          ],
          [
            84.8523353,
            28.5149167
          ],
          [
            84.8522454,
            28.514932
          ],
          [
            84.8521945,
            28.5149426
          ],
          [
            84.852118,
            28.5149768
          ],
          [
            84.85206,
            28.514977
          ],
          [
            84.8519987,
            28.5149614
          ],
          [
            84.8519531,
            28.5149167
          ],
          [
            84.8519276,
            28.5148837
          ],
          [
            84.8519061,
            28.5148601
          ],
          [
            84.8518559,
            28.5148468
          ],
          [
            84.8517948,
            28.5148424
          ],
          [
            84.8517319,
            28.5148181
          ],
          [
            84.8516527,
            28.514846
          ],
          [
            84.851591,
            28.5148554
          ],
          [
            84.851532,
            28.5148177
          ],
          [
            84.8514435,
            28.5147941
          ],
          [
            84.8513094,
            28.5148035
          ],
          [
            84.8511726,
            28.5148483
          ],
          [
            84.8510224,
            28.5148966
          ],
          [
            84.8508641,
            28.514972
          ],
          [
            84.8506777,
            28.5150369
          ],
          [
            84.8505476,
            28.5150887
          ],
          [
            84.8503928,
            28.515156
          ],
          [
            84.8502606,
            28.515216
          ],
          [
            84.8501909,
            28.5152678
          ],
          [
            84.8501475,
            28.5153069
          ],
          [
            84.8500758,
            28.515354
          ],
          [
            84.850038,
            28.5154069
          ],
          [
            84.8499699,
            28.5154544
          ],
          [
            84.8499522,
            28.5155012
          ],
          [
            84.8499602,
            28.5155506
          ],
          [
            84.8499951,
            28.5155884
          ],
          [
            84.8500313,
            28.5156178
          ],
          [
            84.8500695,
            28.5156387
          ],
          [
            84.8501278,
            28.5156979
          ],
          [
            84.8501319,
            28.5157628
          ],
          [
            84.8501064,
            28.5158146
          ],
          [
            84.8500554,
            28.5158606
          ],
          [
            84.850034,
            28.5159053
          ],
          [
            84.8500112,
            28.5159961
          ],
          [
            84.8500273,
            28.5160833
          ],
          [
            84.8500353,
            28.5162176
          ],
          [
            84.8499754,
            28.5163516
          ],
          [
            84.8499492,
            28.5163989
          ],
          [
            84.8499146,
            28.516491
          ],
          [
            84.8498368,
            28.5165617
          ],
          [
            84.8497671,
            28.5166159
          ],
          [
            84.8497322,
            28.5166748
          ],
          [
            84.849699,
            28.5167455
          ],
          [
            84.8496303,
            28.516762
          ],
          [
            84.8495686,
            28.5167691
          ],
          [
            84.8494962,
            28.5168139
          ],
          [
            84.8494238,
            28.5168681
          ],
          [
            84.8493684,
            28.5169085
          ],
          [
            84.849295,
            28.5169624
          ],
          [
            84.8492521,
            28.5170295
          ],
          [
            84.8492199,
            28.5170837
          ],
          [
            84.8491837,
            28.5171804
          ],
          [
            84.8491462,
            28.5172252
          ],
          [
            84.8490952,
            28.5173042
          ],
          [
            84.8490576,
            28.5174632
          ],
          [
            84.8490442,
            28.5175504
          ],
          [
            84.8490483,
            28.5176022
          ],
          [
            84.8490469,
            28.517647
          ],
          [
            84.8490393,
            28.5176993
          ],
          [
            84.8489929,
            28.5177475
          ],
          [
            84.8489289,
            28.517779
          ],
          [
            84.8488739,
            28.5177896
          ],
          [
            84.8488015,
            28.5177778
          ],
          [
            84.8487411,
            28.5177672
          ],
          [
            84.8487009,
            28.5177684
          ],
          [
            84.8486513,
            28.5177778
          ],
          [
            84.8486137,
            28.5178155
          ],
          [
            84.8485829,
            28.5178697
          ],
          [
            84.8485534,
            28.517918
          ],
          [
            84.8485233,
            28.517957
          ],
          [
            84.8484823,
            28.5180041
          ],
          [
            84.8484568,
            28.5180653
          ],
          [
            84.8484214,
            28.5180956
          ],
          [
            84.8483884,
            28.5181455
          ],
          [
            84.8483469,
            28.5181679
          ],
          [
            84.8483029,
            28.5181864
          ],
          [
            84.8482101,
            28.5182397
          ],
          [
            84.8480285,
            28.518366
          ],
          [
            84.8477903,
            28.5184189
          ],
          [
            84.8476937,
            28.5184471
          ],
          [
            84.8475918,
            28.5184636
          ],
          [
            84.8474805,
            28.51847
          ],
          [
            84.8471841,
            28.5185367
          ],
          [
            84.8470661,
            28.5185885
          ],
          [
            84.8469384,
            28.51859
          ],
          [
            84.8467925,
            28.5186428
          ],
          [
            84.8467335,
            28.5186828
          ],
          [
            84.8466048,
            28.5187582
          ],
          [
            84.8465484,
            28.5187959
          ],
          [
            84.8465216,
            28.5188266
          ],
          [
            84.8464599,
            28.5188266
          ],
          [
            84.8463882,
            28.5188243
          ],
          [
            84.846248,
            28.5188124
          ],
          [
            84.8461997,
            28.5188431
          ],
          [
            84.8460871,
            28.5188054
          ],
          [
            84.8459101,
            28.5187606
          ],
          [
            84.8458001,
            28.5187464
          ],
          [
            84.84571,
            28.5187734
          ],
          [
            84.8456459,
            28.5187912
          ],
          [
            84.8455788,
            28.5188242
          ],
          [
            84.8455547,
            28.5188478
          ],
          [
            84.8455761,
            28.5188584
          ],
          [
            84.8455963,
            28.5188772
          ],
          [
            84.8455667,
            28.5189409
          ],
          [
            84.8455439,
            28.5189904
          ],
          [
            84.8455171,
            28.5190257
          ],
          [
            84.8454834,
            28.5190507
          ],
          [
            84.8454434,
            28.5190717
          ],
          [
            84.8453844,
            28.5190599
          ],
          [
            84.8453119,
            28.5190564
          ],
          [
            84.845257,
            28.519074
          ],
          [
            84.8451819,
            28.5191067
          ],
          [
            84.8450974,
            28.5191318
          ],
          [
            84.8450258,
            28.519152
          ],
          [
            84.8449364,
            28.5191942
          ],
          [
            84.8448613,
            28.519219
          ],
          [
            84.8448332,
            28.5192649
          ],
          [
            84.8448023,
            28.5193203
          ],
          [
            84.8447929,
            28.5193781
          ],
          [
            84.8447728,
            28.519437
          ],
          [
            84.8447728,
            28.5194841
          ],
          [
            84.8447406,
            28.5195631
          ],
          [
            84.8446856,
            28.519589
          ],
          [
            84.844632,
            28.5195984
          ],
          [
            84.8445944,
            28.5196031
          ],
          [
            84.8445663,
            28.519629
          ],
          [
            84.8445368,
            28.5196891
          ],
          [
            84.8445086,
            28.5197304
          ],
          [
            84.8444898,
            28.519774
          ],
          [
            84.8444803,
            28.5198166
          ],
          [
            84.8444764,
            28.5198683
          ],
          [
            84.8444617,
            28.5199307
          ],
          [
            84.8444295,
            28.5201204
          ],
          [
            84.8444188,
            28.5201746
          ],
          [
            84.8444134,
            28.5202088
          ],
          [
            84.8444027,
            28.5202394
          ],
          [
            84.8444007,
            28.5202877
          ],
          [
            84.844404,
            28.5203219
          ],
          [
            84.8444255,
            28.5203467
          ],
          [
            84.844408,
            28.5204221
          ],
          [
            84.8443799,
            28.5204645
          ],
          [
            84.8443316,
            28.5205022
          ],
          [
            84.8442873,
            28.520534
          ],
          [
            84.8442538,
            28.5205623
          ],
          [
            84.8442015,
            28.5205965
          ],
          [
            84.8441586,
            28.5206248
          ],
          [
            84.844117,
            28.5206613
          ],
          [
            84.8440904,
            28.5207015
          ],
          [
            84.8440714,
            28.5208086
          ],
          [
            84.8440593,
            28.5208781
          ],
          [
            84.8440218,
            28.5210183
          ],
          [
            84.8439682,
            28.5211762
          ],
          [
            84.8439427,
            28.5212858
          ],
          [
            84.8439267,
            28.5213649
          ],
          [
            84.8439561,
            28.5214626
          ],
          [
            84.8439601,
            28.5215627
          ],
          [
            84.8439869,
            28.5216664
          ],
          [
            84.844003,
            28.5217301
          ],
          [
            84.8440112,
            28.521806
          ],
          [
            84.8439842,
            28.5219492
          ],
          [
            84.8439762,
            28.5220435
          ],
          [
            84.8440399,
            28.5220886
          ],
          [
            84.8440325,
            28.5221566
          ],
          [
            84.8439547,
            28.5222438
          ],
          [
            84.8438796,
            28.5222957
          ],
          [
            84.8437723,
            28.5223192
          ],
          [
            84.8436969,
            28.522358
          ],
          [
            84.8434827,
            28.5224936
          ],
          [
            84.8433834,
            28.5225714
          ],
          [
            84.843306,
            28.5226283
          ],
          [
            84.8433003,
            28.5227364
          ],
          [
            84.8433134,
            28.522804
          ],
          [
            84.8433244,
            28.5228636
          ],
          [
            84.8433191,
            28.5229084
          ],
          [
            84.8433079,
            28.5229785
          ],
          [
            84.8433298,
            28.5230474
          ],
          [
            84.84337,
            28.5230875
          ],
          [
            84.8434263,
            28.5231276
          ],
          [
            84.8434876,
            28.5231294
          ],
          [
            84.8435444,
            28.5231629
          ],
          [
            84.8436114,
            28.5231865
          ],
          [
            84.8436812,
            28.5231959
          ],
          [
            84.8437509,
            28.5232218
          ],
          [
            84.8438126,
            28.523236
          ],
          [
            84.8437911,
            28.5232642
          ],
          [
            84.8437026,
            28.5232807
          ],
          [
            84.8436173,
            28.5233163
          ],
          [
            84.843539,
            28.5233444
          ],
          [
            84.8434759,
            28.5233678
          ],
          [
            84.8434103,
            28.5233962
          ],
          [
            84.843371,
            28.5234452
          ],
          [
            84.8433754,
            28.5234881
          ],
          [
            84.8434344,
            28.5234858
          ],
          [
            84.8434961,
            28.5234716
          ],
          [
            84.8434719,
            28.5235282
          ],
          [
            84.843429,
            28.5235588
          ],
          [
            84.8433638,
            28.5235539
          ],
          [
            84.8432922,
            28.5235282
          ],
          [
            84.8432228,
            28.523561
          ],
          [
            84.8432493,
            28.523613
          ],
          [
            84.843311,
            28.523646
          ],
          [
            84.8432091,
            28.5237097
          ],
          [
            84.8431098,
            28.5237379
          ],
          [
            84.8430374,
            28.5237898
          ],
          [
            84.8429338,
            28.5238256
          ],
          [
            84.8428443,
            28.5238746
          ],
          [
            84.8428196,
            28.5239064
          ],
          [
            84.842855,
            28.52391
          ],
          [
            84.8429087,
            28.5239265
          ],
          [
            84.8429275,
            28.5239524
          ],
          [
            84.8428738,
            28.5240184
          ],
          [
            84.8428258,
            28.5241259
          ],
          [
            84.8427987,
            28.5242022
          ],
          [
            84.8427595,
            28.5242791
          ],
          [
            84.8427665,
            28.5243672
          ],
          [
            84.8427397,
            28.5244355
          ],
          [
            84.8426559,
            28.5245159
          ],
          [
            84.8426002,
            28.5245463
          ],
          [
            84.8425627,
            28.5245675
          ],
          [
            84.8425359,
            28.5246193
          ],
          [
            84.8424956,
            28.5246759
          ],
          [
            84.8424623,
            28.5247482
          ],
          [
            84.8424017,
            28.5248149
          ],
          [
            84.8423776,
            28.5248573
          ],
          [
            84.8422882,
            28.5248967
          ],
          [
            84.8422086,
            28.5248668
          ],
          [
            84.8421,
            28.524875
          ],
          [
            84.8420689,
            28.5249133
          ],
          [
            84.8420512,
            28.5249333
          ],
          [
            84.842045,
            28.5249787
          ],
          [
            84.8420387,
            28.5250201
          ],
          [
            84.8420316,
            28.52506
          ],
          [
            84.8420495,
            28.5250912
          ],
          [
            84.8420128,
            28.5251001
          ],
          [
            84.8419686,
            28.5251755
          ],
          [
            84.8419418,
            28.5252349
          ],
          [
            84.8419163,
            28.5253086
          ],
          [
            84.8419203,
            28.5253369
          ],
          [
            84.8419565,
            28.5253281
          ],
          [
            84.8419867,
            28.5253086
          ],
          [
            84.8420028,
            28.5253063
          ],
          [
            84.8420046,
            28.5253248
          ],
          [
            84.8419552,
            28.5253605
          ],
          [
            84.841935,
            28.5254017
          ],
          [
            84.8418915,
            28.5254742
          ],
          [
            84.8418331,
            28.5255349
          ],
          [
            84.8418076,
            28.5255549
          ],
          [
            84.8417795,
            28.5255596
          ],
          [
            84.8417398,
            28.5255728
          ],
          [
            84.8416963,
            28.5255832
          ],
          [
            84.8416682,
            28.5255773
          ],
          [
            84.8416413,
            28.5255973
          ],
          [
            84.8416239,
            28.5256185
          ],
          [
            84.8416239,
            28.5256374
          ],
          [
            84.841636,
            28.5256503
          ],
          [
            84.8416507,
            28.5256645
          ],
          [
            84.8416574,
            28.5256786
          ],
          [
            84.8416333,
            28.5257034
          ],
          [
            84.8416038,
            28.5257269
          ],
          [
            84.8415662,
            28.5257352
          ],
          [
            84.8415314,
            28.525754
          ],
          [
            84.8414764,
            28.5257835
          ],
          [
            84.8414549,
            28.5258011
          ],
          [
            84.8414227,
            28.5258353
          ],
          [
            84.8413946,
            28.5258612
          ],
          [
            84.8413679,
            28.5258899
          ],
          [
            84.8413461,
            28.5259276
          ],
          [
            84.841294,
            28.5260026
          ],
          [
            84.8412289,
            28.5261014
          ],
          [
            84.8412194,
            28.5261474
          ],
          [
            84.8412216,
            28.5262029
          ],
          [
            84.8412082,
            28.5262477
          ],
          [
            84.8411652,
            28.5262878
          ],
          [
            84.841135,
            28.5263228
          ],
          [
            84.8410821,
            28.5263656
          ],
          [
            84.8410754,
            28.5263938
          ],
          [
            84.8410593,
            28.5264492
          ],
          [
            84.8410459,
            28.5264775
          ],
          [
            84.8410244,
            28.5263561
          ],
          [
            84.8409949,
            28.5263573
          ],
          [
            84.8409761,
            28.5263703
          ],
          [
            84.840948,
            28.5264421
          ],
          [
            84.8409332,
            28.5263868
          ],
          [
            84.8409064,
            28.5263844
          ],
          [
            84.8408715,
            28.5264445
          ],
          [
            84.8408689,
            28.5263974
          ],
          [
            84.8408323,
            28.5264007
          ],
          [
            84.8407884,
            28.5264162
          ],
          [
            84.8407509,
            28.5264273
          ],
          [
            84.8407267,
            28.5264657
          ],
          [
            84.8407026,
            28.5264634
          ],
          [
            84.8407093,
            28.5264139
          ],
          [
            84.8406769,
            28.5263867
          ],
          [
            84.8406543,
            28.5263762
          ],
          [
            84.8406384,
            28.5264023
          ],
          [
            84.8406275,
            28.5264469
          ],
          [
            84.8405913,
            28.5264751
          ],
          [
            84.8405671,
            28.5265164
          ],
          [
            84.8403889,
            28.5265538
          ],
          [
            84.8404078,
            28.5266092
          ],
          [
            84.8403954,
            28.5266837
          ],
          [
            84.8403659,
            28.526752
          ],
          [
            84.8403376,
            28.5268022
          ],
          [
            84.8402801,
            28.5268911
          ],
          [
            84.8402417,
            28.5269561
          ],
          [
            84.8402131,
            28.5270113
          ],
          [
            84.8401809,
            28.527056
          ],
          [
            84.8401836,
            28.5271267
          ],
          [
            84.8402187,
            28.5271657
          ],
          [
            84.8402265,
            28.5272351
          ],
          [
            84.8401996,
            28.5272775
          ],
          [
            84.8401514,
            28.5273082
          ],
          [
            84.8401245,
            28.5273482
          ],
          [
            84.8401192,
            28.527426
          ],
          [
            84.8401245,
            28.5274731
          ],
          [
            84.8400857,
            28.5274981
          ],
          [
            84.8400521,
            28.5275768
          ],
          [
            84.8400307,
            28.5276499
          ],
          [
            84.8399878,
            28.5277135
          ],
          [
            84.8399658,
            28.5277741
          ],
          [
            84.8399341,
            28.5278172
          ],
          [
            84.8399019,
            28.5278808
          ],
          [
            84.8398831,
            28.5279397
          ],
          [
            84.8399073,
            28.5279822
          ],
          [
            84.8399422,
            28.5280222
          ],
          [
            84.8399797,
            28.528067
          ],
          [
            84.839977,
            28.528133
          ],
          [
            84.8399191,
            28.5281779
          ],
          [
            84.8398563,
            28.5282037
          ],
          [
            84.8397839,
            28.5282367
          ],
          [
            84.8397276,
            28.5282649
          ],
          [
            84.8396515,
            28.5283076
          ],
          [
            84.8395613,
            28.5283616
          ],
          [
            84.8394942,
            28.5284558
          ],
          [
            84.8394028,
            28.5284994
          ],
          [
            84.8393118,
            28.5285407
          ],
          [
            84.839167,
            28.5285383
          ],
          [
            84.839108,
            28.5285407
          ],
          [
            84.8390409,
            28.5285878
          ],
          [
            84.8389766,
            28.5286208
          ],
          [
            84.8389095,
            28.5286066
          ],
          [
            84.838849,
            28.5285652
          ],
          [
            84.8388129,
            28.5285772
          ],
          [
            84.8387378,
            28.5286255
          ],
          [
            84.8386672,
            28.5286539
          ],
          [
            84.8385742,
            28.5286891
          ],
          [
            84.8384707,
            28.5286907
          ],
          [
            84.8383597,
            28.5286915
          ],
          [
            84.8382631,
            28.5286873
          ],
          [
            84.8381744,
            28.5286963
          ],
          [
            84.8381129,
            28.528682
          ],
          [
            84.8380649,
            28.5287029
          ],
          [
            84.8380177,
            28.5287386
          ],
          [
            84.8379506,
            28.5287704
          ],
          [
            84.8378956,
            28.5287798
          ],
          [
            84.8378636,
            28.5287675
          ],
          [
            84.8378299,
            28.5287386
          ],
          [
            84.8377444,
            28.5287238
          ],
          [
            84.8376907,
            28.5287482
          ],
          [
            84.837652,
            28.5287821
          ],
          [
            84.8376477,
            28.5288444
          ],
          [
            84.8376333,
            28.5289024
          ],
          [
            84.8376274,
            28.5289672
          ],
          [
            84.837589,
            28.5290215
          ],
          [
            84.8375952,
            28.5290532
          ],
          [
            84.8375832,
            28.5291039
          ],
          [
            84.837552,
            28.5291568
          ],
          [
            84.837551,
            28.5291981
          ],
          [
            84.837541,
            28.5292361
          ],
          [
            84.8375134,
            28.5293006
          ],
          [
            84.8375,
            28.5293466
          ],
          [
            84.8374759,
            28.529369
          ],
          [
            84.837424,
            28.5293839
          ],
          [
            84.8373632,
            28.5293513
          ],
          [
            84.8373055,
            28.52929
          ],
          [
            84.8372466,
            28.5292035
          ],
          [
            84.8371902,
            28.5291392
          ],
          [
            84.8371194,
            28.5290752
          ],
          [
            84.8371111,
            28.5289966
          ],
          [
            84.8371044,
            28.5289578
          ],
          [
            84.8370734,
            28.5289099
          ],
          [
            84.8369797,
            28.5288894
          ],
          [
            84.8368893,
            28.528835
          ],
          [
            84.836754,
            28.5287671
          ],
          [
            84.8366913,
            28.5287622
          ],
          [
            84.8366001,
            28.5287445
          ],
          [
            84.8365223,
            28.5287374
          ],
          [
            84.8364674,
            28.5287233
          ],
          [
            84.8364295,
            28.5286732
          ],
          [
            84.8364124,
            28.5286302
          ],
          [
            84.8363835,
            28.5285573
          ],
          [
            84.8363212,
            28.5285265
          ],
          [
            84.8362702,
            28.5284904
          ],
          [
            84.8361555,
            28.5284505
          ],
          [
            84.8360556,
            28.5284676
          ],
          [
            84.8359564,
            28.5284676
          ],
          [
            84.8358624,
            28.528444
          ],
          [
            84.8357767,
            28.5284275
          ],
          [
            84.8357084,
            28.5284315
          ],
          [
            84.835605,
            28.5284181
          ],
          [
            84.8355332,
            28.5283671
          ],
          [
            84.8354226,
            28.5283239
          ],
          [
            84.8353242,
            28.5282962
          ],
          [
            84.8351733,
            28.5283248
          ],
          [
            84.8350659,
            28.5283215
          ],
          [
            84.8349657,
            28.5283076
          ],
          [
            84.834846,
            28.5283121
          ],
          [
            84.8347467,
            28.5283239
          ],
          [
            84.8346564,
            28.5283372
          ],
          [
            84.8345295,
            28.5283875
          ],
          [
            84.8344597,
            28.5284228
          ],
          [
            84.83439,
            28.5284794
          ],
          [
            84.8342553,
            28.5284957
          ],
          [
            84.8340896,
            28.5285312
          ],
          [
            84.8339079,
            28.5285756
          ],
          [
            84.8338267,
            28.5286326
          ],
          [
            84.8337007,
            28.5286491
          ],
          [
            84.8336202,
            28.5287033
          ],
          [
            84.8335746,
            28.5287174
          ],
          [
            84.8334919,
            28.5287224
          ],
          [
            84.8333573,
            28.5287457
          ],
          [
            84.8330366,
            28.5288039
          ],
          [
            84.8328128,
            28.5288282
          ],
          [
            84.8327431,
            28.5288517
          ],
          [
            84.8326546,
            28.5288635
          ],
          [
            84.8325363,
            28.5288957
          ],
          [
            84.8324534,
            28.5289295
          ],
          [
            84.8323327,
            28.5289766
          ],
          [
            84.832184,
            28.529056
          ],
          [
            84.8319773,
            28.5292111
          ],
          [
            84.8318825,
            28.5292718
          ],
          [
            84.8318633,
            28.5292841
          ],
          [
            84.8318499,
            28.5293012
          ],
          [
            84.831804,
            28.52936
          ],
          [
            84.8317654,
            28.5294408
          ],
          [
            84.831748,
            28.5295092
          ],
          [
            84.8317038,
            28.5295752
          ],
          [
            84.8316913,
            28.5296083
          ],
          [
            84.8316434,
            28.5297001
          ],
          [
            84.8316675,
            28.5297637
          ],
          [
            84.8316756,
            28.5298014
          ],
          [
            84.8316823,
            28.529832
          ],
          [
            84.83163,
            28.5298591
          ],
          [
            84.8315848,
            28.5298595
          ],
          [
            84.8315305,
            28.5298325
          ],
          [
            84.8314798,
            28.5297825
          ],
          [
            84.8314304,
            28.5297111
          ],
          [
            84.8313451,
            28.5295722
          ],
          [
            84.8313175,
            28.5294479
          ],
          [
            84.8313135,
            28.5293878
          ],
          [
            84.8312893,
            28.5293525
          ],
          [
            84.8312534,
            28.52932
          ],
          [
            84.8312223,
            28.5293006
          ],
          [
            84.8312049,
            28.5292865
          ],
          [
            84.8311718,
            28.5292834
          ],
          [
            84.8311271,
            28.5292712
          ],
          [
            84.8310935,
            28.5293053
          ],
          [
            84.8310426,
            28.529336
          ],
          [
            84.830985,
            28.5293676
          ],
          [
            84.8308763,
            28.5293902
          ],
          [
            84.8307878,
            28.5294055
          ],
          [
            84.8307236,
            28.5294395
          ],
          [
            84.830659,
            28.5294939
          ],
          [
            84.8306054,
            28.5295787
          ],
          [
            84.8305464,
            28.5296282
          ],
          [
            84.8304605,
            28.5296624
          ],
          [
            84.8303773,
            28.5297137
          ],
          [
            84.8302782,
            28.5296977
          ],
          [
            84.8301682,
            28.52966
          ],
          [
            84.8300269,
            28.5296318
          ],
          [
            84.829908,
            28.5296647
          ],
          [
            84.8297921,
            28.5296531
          ],
          [
            84.8296612,
            28.5296812
          ],
          [
            84.8295436,
            28.529702
          ],
          [
            84.8294225,
            28.5297378
          ],
          [
            84.8293313,
            28.5297496
          ],
          [
            84.8292061,
            28.5297761
          ],
          [
            84.8289585,
            28.5298957
          ],
          [
            84.8287221,
            28.5299855
          ],
          [
            84.8285964,
            28.5300606
          ],
          [
            84.828473,
            28.5301148
          ],
          [
            84.8283416,
            28.5301667
          ],
          [
            84.8282205,
            28.5302353
          ],
          [
            84.8280761,
            28.5303387
          ],
          [
            84.8279875,
            28.5303811
          ],
          [
            84.8279393,
            28.5304424
          ],
          [
            84.8279071,
            28.5304754
          ],
          [
            84.8278684,
            28.5305395
          ],
          [
            84.8277663,
            28.5305932
          ],
          [
            84.8277435,
            28.530572
          ],
          [
            84.8277542,
            28.5305189
          ],
          [
            84.8277716,
            28.5304871
          ],
          [
            84.8277582,
            28.5304553
          ],
          [
            84.8277269,
            28.5304306
          ],
          [
            84.8273941,
            28.530349
          ],
          [
            84.8273197,
            28.5303646
          ],
          [
            84.8272701,
            28.5303858
          ],
          [
            84.827199,
            28.5304058
          ],
          [
            84.8271748,
            28.5303882
          ],
          [
            84.8273226,
            28.5302933
          ],
          [
            84.8272459,
            28.5302833
          ],
          [
            84.827203,
            28.5302974
          ],
          [
            84.8271314,
            28.5303255
          ],
          [
            84.8270769,
            28.5303198
          ],
          [
            84.8269992,
            28.5303507
          ],
          [
            84.8269173,
            28.5303622
          ],
          [
            84.8268543,
            28.5303858
          ],
          [
            84.8267816,
            28.5304184
          ],
          [
            84.8266947,
            28.5304318
          ],
          [
            84.8266045,
            28.5304417
          ],
          [
            84.8264453,
            28.5304942
          ],
          [
            84.8263375,
            28.5305553
          ],
          [
            84.8262054,
            28.5306015
          ],
          [
            84.8259839,
            28.5307605
          ],
          [
            84.825646,
            28.5309778
          ],
          [
            84.8254464,
            28.5311725
          ],
          [
            84.8253641,
            28.531227
          ],
          [
            84.8252812,
            28.5312483
          ],
          [
            84.8250687,
            28.5312882
          ],
          [
            84.8249245,
            28.5312954
          ],
          [
            84.8247552,
            28.5312909
          ],
          [
            84.824675,
            28.5312648
          ],
          [
            84.8245516,
            28.5313222
          ],
          [
            84.8244188,
            28.531384
          ],
          [
            84.824318,
            28.5313709
          ],
          [
            84.8242182,
            28.5314071
          ],
          [
            84.8240816,
            28.5313846
          ],
          [
            84.8239734,
            28.5313384
          ],
          [
            84.8238473,
            28.5313013
          ],
          [
            84.82373,
            28.5311946
          ],
          [
            84.8236925,
            28.5311605
          ],
          [
            84.8235512,
            28.5310763
          ],
          [
            84.8233708,
            28.5309866
          ],
          [
            84.8231794,
            28.5309783
          ],
          [
            84.8229665,
            28.5309726
          ],
          [
            84.8229415,
            28.5309754
          ],
          [
            84.8227821,
            28.5309929
          ],
          [
            84.8225154,
            28.5310541
          ],
          [
            84.8223764,
            28.5310857
          ],
          [
            84.8220751,
            28.5311663
          ],
          [
            84.8219092,
            28.5312282
          ],
          [
            84.8217854,
            28.5312575
          ],
          [
            84.8216384,
            28.5312915
          ],
          [
            84.821458,
            28.5313032
          ],
          [
            84.8212498,
            28.5312695
          ],
          [
            84.8210642,
            28.5312386
          ],
          [
            84.8208619,
            28.5312411
          ],
          [
            84.8206383,
            28.5311941
          ],
          [
            84.8203584,
            28.5312601
          ],
          [
            84.8202042,
            28.5312127
          ],
          [
            84.8200367,
            28.5312026
          ],
          [
            84.8197988,
            28.5312291
          ],
          [
            84.819647,
            28.5312031
          ],
          [
            84.8195118,
            28.5312412
          ],
          [
            84.8194402,
            28.5312005
          ],
          [
            84.8193987,
            28.531177
          ],
          [
            84.8192918,
            28.5311375
          ],
          [
            84.8191577,
            28.5311234
          ],
          [
            84.8190885,
            28.5311861
          ],
          [
            84.8188968,
            28.5312415
          ],
          [
            84.8188573,
            28.5313048
          ],
          [
            84.8188054,
            28.5313756
          ],
          [
            84.8187688,
            28.5314934
          ],
          [
            84.818753,
            28.5315784
          ],
          [
            84.8187017,
            28.5316253
          ],
          [
            84.8186209,
            28.5316258
          ],
          [
            84.8185565,
            28.5316185
          ],
          [
            84.8184895,
            28.5316296
          ],
          [
            84.8184536,
            28.5316194
          ],
          [
            84.8183928,
            28.5316573
          ],
          [
            84.8183544,
            28.5317266
          ],
          [
            84.8183222,
            28.5317632
          ],
          [
            84.8182642,
            28.5318113
          ],
          [
            84.8182297,
            28.5318468
          ],
          [
            84.8181904,
            28.5318594
          ],
          [
            84.8181278,
            28.5318716
          ],
          [
            84.8180714,
            28.5318704
          ],
          [
            84.8180231,
            28.5318645
          ],
          [
            84.8179787,
            28.5318485
          ],
          [
            84.8179346,
            28.5318174
          ],
          [
            84.8178595,
            28.5318044
          ],
          [
            84.81781,
            28.5318245
          ],
          [
            84.8177509,
            28.5318645
          ],
          [
            84.8176973,
            28.5318881
          ],
          [
            84.8175977,
            28.5319298
          ],
          [
            84.8175189,
            28.5319599
          ],
          [
            84.8174204,
            28.5319871
          ],
          [
            84.8172426,
            28.5320259
          ],
          [
            84.817093,
            28.5320667
          ],
          [
            84.8169744,
            28.5320895
          ],
          [
            84.816902,
            28.5320895
          ],
          [
            84.8168483,
            28.5320825
          ],
          [
            84.8167713,
            28.532079
          ],
          [
            84.8166776,
            28.5320518
          ],
          [
            84.8165694,
            28.5320789
          ],
          [
            84.8164822,
            28.5320942
          ],
          [
            84.8164076,
            28.532114
          ],
          [
            84.8163307,
            28.5321532
          ],
          [
            84.8162837,
            28.5321861
          ],
          [
            84.8162435,
            28.5322074
          ],
          [
            84.8162172,
            28.5322185
          ],
          [
            84.8161216,
            28.5322442
          ],
          [
            84.815931,
            28.5322286
          ],
          [
            84.8157835,
            28.5322239
          ],
          [
            84.8156108,
            28.5322441
          ],
          [
            84.8154572,
            28.5322529
          ],
          [
            84.8152685,
            28.532271
          ],
          [
            84.8151705,
            28.5323062
          ],
          [
            84.8150566,
            28.5323181
          ],
          [
            84.8149896,
            28.5323533
          ],
          [
            84.8149252,
            28.5323817
          ],
          [
            84.814835,
            28.5323949
          ],
          [
            84.8147428,
            28.5324029
          ],
          [
            84.8146455,
            28.5324162
          ],
          [
            84.8145537,
            28.5324018
          ],
          [
            84.8144813,
            28.5324077
          ],
          [
            84.8144122,
            28.5324105
          ],
          [
            84.814366,
            28.5324477
          ],
          [
            84.8142681,
            28.5324666
          ],
          [
            84.8141474,
            28.5324583
          ],
          [
            84.814091,
            28.5324418
          ],
          [
            84.8140052,
            28.5324442
          ],
          [
            84.813922,
            28.532456
          ],
          [
            84.8138335,
            28.5324819
          ],
          [
            84.8137571,
            28.5325102
          ],
          [
            84.8137006,
            28.5325461
          ],
          [
            84.813627,
            28.5326009
          ],
          [
            84.8135774,
            28.5326445
          ],
          [
            84.8135412,
            28.5326786
          ],
          [
            84.8134983,
            28.5326963
          ],
          [
            84.813462,
            28.5327105
          ],
          [
            84.8134161,
            28.5326942
          ],
          [
            84.8133869,
            28.5326716
          ],
          [
            84.8133507,
            28.5326421
          ],
          [
            84.8133092,
            28.5326292
          ],
          [
            84.8131828,
            28.532668
          ],
          [
            84.8131227,
            28.5327211
          ],
          [
            84.8130637,
            28.5327682
          ],
          [
            84.8130222,
            28.5328199
          ],
          [
            84.8129243,
            28.5328954
          ],
          [
            84.8128062,
            28.5329143
          ],
          [
            84.812693,
            28.532954
          ],
          [
            84.8126078,
            28.5330133
          ],
          [
            84.812468,
            28.5330238
          ],
          [
            84.8124108,
            28.5330684
          ],
          [
            84.8122323,
            28.5331264
          ],
          [
            84.8120767,
            28.5331735
          ],
          [
            84.8119104,
            28.5331829
          ],
          [
            84.8118192,
            28.5332725
          ],
          [
            84.8116851,
            28.5333196
          ],
          [
            84.8115992,
            28.5333903
          ],
          [
            84.8114544,
            28.5334563
          ],
          [
            84.8113312,
            28.5334924
          ],
          [
            84.8111701,
            28.5335128
          ],
          [
            84.8110199,
            28.5335411
          ],
          [
            84.8108375,
            28.5335175
          ],
          [
            84.8106868,
            28.5335122
          ],
          [
            84.8104781,
            28.5334563
          ],
          [
            84.8103172,
            28.5334893
          ],
          [
            84.8102045,
            28.533527
          ],
          [
            84.8100482,
            28.5335696
          ],
          [
            84.8098987,
            28.5336212
          ],
          [
            84.8097593,
            28.5336071
          ],
          [
            84.8097002,
            28.5336589
          ],
          [
            84.8095769,
            28.5336731
          ],
          [
            84.8094374,
            28.5336401
          ],
          [
            84.8093359,
            28.5336271
          ],
          [
            84.8091906,
            28.5336212
          ],
          [
            84.8090636,
            28.5336099
          ],
          [
            84.808917,
            28.5336212
          ],
          [
            84.8088419,
            28.5336966
          ],
          [
            84.8086864,
            28.5337013
          ],
          [
            84.8085469,
            28.5336825
          ],
          [
            84.8084194,
            28.5336509
          ],
          [
            84.8082948,
            28.5336495
          ],
          [
            84.8081378,
            28.5335994
          ],
          [
            84.8079997,
            28.5336306
          ],
          [
            84.8078978,
            28.5335741
          ],
          [
            84.8077955,
            28.5335549
          ],
          [
            84.8076588,
            28.5335929
          ],
          [
            84.8075974,
            28.5336354
          ],
          [
            84.8075277,
            28.5336401
          ],
          [
            84.8074338,
            28.5336589
          ],
          [
            84.807364,
            28.5336778
          ],
          [
            84.8072889,
            28.5337061
          ],
          [
            84.8072192,
            28.5336919
          ],
          [
            84.8071253,
            28.5336825
          ],
          [
            84.8070426,
            28.533653
          ],
          [
            84.8069027,
            28.5336236
          ],
          [
            84.8067257,
            28.5336613
          ],
          [
            84.8065621,
            28.5336943
          ],
          [
            84.8064174,
            28.5336939
          ],
          [
            84.8063448,
            28.5337061
          ],
          [
            84.8063529,
            28.533765
          ],
          [
            84.8062912,
            28.5338404
          ],
          [
            84.806039,
            28.5338333
          ],
          [
            84.8059022,
            28.5338333
          ],
          [
            84.8057785,
            28.5338405
          ],
          [
            84.8056823,
            28.533871
          ],
          [
            84.8055946,
            28.533877
          ],
          [
            84.8055455,
            28.5339252
          ],
          [
            84.8054355,
            28.5339346
          ],
          [
            84.8053443,
            28.5339228
          ],
          [
            84.8052334,
            28.5339156
          ],
          [
            84.8051351,
            28.5339228
          ],
          [
            84.8050466,
            28.533904
          ],
          [
            84.8049581,
            28.5338851
          ],
          [
            84.8048868,
            28.5338845
          ],
          [
            84.8048348,
            28.5339004
          ],
          [
            84.8048267,
            28.5339547
          ],
          [
            84.804832,
            28.5339888
          ],
          [
            84.8048294,
            28.5340147
          ],
          [
            84.8048123,
            28.5340174
          ],
          [
            84.8047817,
            28.5340003
          ],
          [
            84.804767,
            28.5339941
          ],
          [
            84.8047489,
            28.534003
          ],
          [
            84.8046952,
            28.5340242
          ],
          [
            84.8046443,
            28.534043
          ],
          [
            84.8045912,
            28.5340607
          ],
          [
            84.8045415,
            28.534067
          ],
          [
            84.8043787,
            28.5340501
          ],
          [
            84.8043036,
            28.5340972
          ],
          [
            84.8042124,
            28.5341114
          ],
          [
            84.8041052,
            28.5341255
          ],
          [
            84.8039907,
            28.5341295
          ],
          [
            84.8038691,
            28.5341302
          ],
          [
            84.8037565,
            28.5341161
          ],
          [
            84.8036733,
            28.5340784
          ],
          [
            84.803558,
            28.5341019
          ],
          [
            84.8034378,
            28.534113
          ],
          [
            84.8032384,
            28.534068
          ],
          [
            84.8029894,
            28.5340242
          ],
          [
            84.8027622,
            28.5339552
          ],
          [
            84.8026514,
            28.5339865
          ],
          [
            84.8024958,
            28.5338781
          ],
          [
            84.8024046,
            28.5338616
          ],
          [
            84.8022925,
            28.5338721
          ],
          [
            84.8020238,
            28.5338074
          ],
          [
            84.8019208,
            28.5337236
          ],
          [
            84.8017529,
            28.5336636
          ],
          [
            84.8015732,
            28.5336495
          ],
          [
            84.8014015,
            28.5336433
          ],
          [
            84.8012674,
            28.5336401
          ],
          [
            84.8011547,
            28.5335882
          ],
          [
            84.8009133,
            28.5336165
          ],
          [
            84.8007953,
            28.5336589
          ],
          [
            84.8006129,
            28.5336306
          ],
          [
            84.8004807,
            28.5335805
          ],
          [
            84.8003769,
            28.5336636
          ],
          [
            84.8002696,
            28.5337061
          ],
          [
            84.8001838,
            28.5336825
          ],
          [
            84.8000443,
            28.5336495
          ],
          [
            84.7998941,
            28.5336495
          ],
          [
            84.7997653,
            28.5336545
          ],
          [
            84.7996902,
            28.5336731
          ],
          [
            84.7995615,
            28.5335929
          ],
          [
            84.7994327,
            28.5335741
          ],
          [
            84.7992953,
            28.5335578
          ],
          [
            84.7991806,
            28.5335505
          ],
          [
            84.7990519,
            28.5335128
          ],
          [
            84.798907,
            28.5335317
          ],
          [
            84.798789,
            28.5335317
          ],
          [
            84.7986784,
            28.5335249
          ],
          [
            84.7985583,
            28.5335411
          ],
          [
            84.7984886,
            28.5335882
          ],
          [
            84.7983867,
            28.5336259
          ],
          [
            84.7982472,
            28.5336212
          ],
          [
            84.7981077,
            28.5336165
          ],
          [
            84.7979951,
            28.5335929
          ],
          [
            84.7978878,
            28.533494
          ],
          [
            84.7977591,
            28.5333903
          ],
          [
            84.7976322,
            28.533364
          ],
          [
            84.7975414,
            28.5333882
          ],
          [
            84.7974882,
            28.5334115
          ],
          [
            84.7974318,
            28.5334681
          ],
          [
            84.7973809,
            28.5334822
          ],
          [
            84.7972977,
            28.5334162
          ],
          [
            84.7972387,
            28.5334398
          ],
          [
            84.7971421,
            28.5334398
          ],
          [
            84.797038,
            28.5334076
          ],
          [
            84.7970054,
            28.5334468
          ],
          [
            84.7969437,
            28.5334704
          ],
          [
            84.7969115,
            28.5334421
          ],
          [
            84.7968605,
            28.5334398
          ],
          [
            84.7967693,
            28.5334303
          ],
          [
            84.7966567,
            28.5333502
          ],
          [
            84.7965869,
            28.5333031
          ],
          [
            84.7965418,
            28.533225
          ],
          [
            84.7964179,
            28.5332416
          ],
          [
            84.7961731,
            28.5334977
          ],
          [
            84.7961819,
            28.5335317
          ],
          [
            84.7960451,
            28.5335364
          ],
          [
            84.7958976,
            28.5336
          ],
          [
            84.7957307,
            28.5335959
          ],
          [
            84.7956562,
            28.5336259
          ],
          [
            84.7954792,
            28.5336024
          ],
          [
            84.7952914,
            28.5335835
          ],
          [
            84.7950876,
            28.5335364
          ],
          [
            84.7948945,
            28.5335458
          ],
          [
            84.7947282,
            28.5335458
          ],
          [
            84.7945633,
            28.533543
          ],
          [
            84.7943366,
            28.533494
          ],
          [
            84.7941863,
            28.5333809
          ],
          [
            84.7939825,
            28.5332819
          ],
          [
            84.7937304,
            28.5332583
          ],
          [
            84.7935104,
            28.5332678
          ],
          [
            84.7933624,
            28.5333335
          ],
          [
            84.7931457,
            28.533329
          ],
          [
            84.7929794,
            28.5333102
          ],
          [
            84.7927111,
            28.5333714
          ],
          [
            84.7924268,
            28.5334704
          ],
          [
            84.7922444,
            28.5335694
          ],
          [
            84.7920386,
            28.5336024
          ],
          [
            84.7917724,
            28.5336401
          ],
          [
            84.7915631,
            28.5336919
          ],
          [
            84.7913647,
            28.5337343
          ],
          [
            84.791132,
            28.5337201
          ],
          [
            84.7909355,
            28.5337202
          ],
          [
            84.790796,
            28.5337202
          ],
          [
            84.790678,
            28.5337013
          ],
          [
            84.7906136,
            28.5336354
          ],
          [
            84.790501,
            28.5336165
          ],
          [
            84.7904527,
            28.5337343
          ],
          [
            84.790383,
            28.5338097
          ],
          [
            84.7902753,
            28.5338728
          ],
          [
            84.790045,
            28.5339653
          ],
          [
            84.7898948,
            28.5340312
          ],
          [
            84.7897304,
            28.534086
          ],
          [
            84.7895944,
            28.5341491
          ],
          [
            84.7893962,
            28.534188
          ],
          [
            84.7892189,
            28.534215
          ],
          [
            84.7890741,
            28.534215
          ],
          [
            84.7889039,
            28.5342479
          ],
          [
            84.7888246,
            28.5343329
          ],
          [
            84.7887066,
            28.5344413
          ],
          [
            84.7886181,
            28.5345143
          ],
          [
            84.788543,
            28.5345449
          ],
          [
            84.788484,
            28.5346227
          ],
          [
            84.7883874,
            28.5346604
          ],
          [
            84.7882855,
            28.5346675
          ],
          [
            84.7881862,
            28.5346816
          ],
          [
            84.7880542,
            28.5346831
          ],
          [
            84.7880441,
            28.5347358
          ],
          [
            84.7880065,
            28.5348065
          ],
          [
            84.7879583,
            28.5347971
          ],
          [
            84.7878939,
            28.5347382
          ],
          [
            84.787859,
            28.534757
          ],
          [
            84.7878912,
            28.5348159
          ],
          [
            84.7879019,
            28.534856
          ],
          [
            84.7878521,
            28.5348674
          ],
          [
            84.7875531,
            28.5346157
          ],
          [
            84.7875291,
            28.5345944
          ],
          [
            84.7875318,
            28.534565
          ],
          [
            84.7875385,
            28.5345485
          ],
          [
            84.787568,
            28.5345237
          ],
          [
            84.7875841,
            28.5345002
          ],
          [
            84.7876096,
            28.5344766
          ],
          [
            84.7876149,
            28.5344424
          ],
          [
            84.787572,
            28.5344424
          ],
          [
            84.7875439,
            28.5344365
          ],
          [
            84.787513,
            28.5344295
          ],
          [
            84.7874795,
            28.5344224
          ],
          [
            84.7874393,
            28.5344283
          ],
          [
            84.7874004,
            28.5344412
          ],
          [
            84.7873628,
            28.5344519
          ],
          [
            84.7873253,
            28.534466
          ],
          [
            84.7872931,
            28.5344625
          ],
          [
            84.7872486,
            28.5344461
          ],
          [
            84.7871938,
            28.5344554
          ],
          [
            84.7871523,
            28.5344801
          ],
          [
            84.787112,
            28.534479
          ],
          [
            84.7870705,
            28.5344625
          ],
          [
            84.7870477,
            28.5345013
          ],
          [
            84.7869846,
            28.5345119
          ],
          [
            84.7869037,
            28.5345268
          ],
          [
            84.7868626,
            28.534585
          ],
          [
            84.7868103,
            28.5346133
          ],
          [
            84.7867674,
            28.5346851
          ],
          [
            84.7867459,
            28.5347346
          ],
          [
            84.786707,
            28.5347876
          ],
          [
            84.7866869,
            28.5348253
          ],
          [
            84.7866373,
            28.5348442
          ],
          [
            84.786593,
            28.5348418
          ],
          [
            84.7865605,
            28.5348355
          ],
          [
            84.7864884,
            28.5348348
          ],
          [
            84.7864281,
            28.5348359
          ],
          [
            84.7863758,
            28.5348407
          ],
          [
            84.7863235,
            28.5348513
          ],
          [
            84.7862859,
            28.5348656
          ],
          [
            84.7862282,
            28.5349125
          ],
          [
            84.786184,
            28.534942
          ],
          [
            84.7861263,
            28.5349573
          ],
          [
            84.7860686,
            28.5349597
          ],
          [
            84.7859949,
            28.5349667
          ],
          [
            84.7859225,
            28.5349691
          ],
          [
            84.7858673,
            28.5349874
          ],
          [
            84.7858018,
            28.5349997
          ],
          [
            84.785732,
            28.5349926
          ],
          [
            84.7856811,
            28.534995
          ],
          [
            84.7856086,
            28.5350468
          ],
          [
            84.7855523,
            28.5350516
          ],
          [
            84.7854777,
            28.5350747
          ],
          [
            84.7853807,
            28.5350845
          ],
          [
            84.7852787,
            28.5350798
          ],
          [
            84.7853056,
            28.5350516
          ],
          [
            84.785327,
            28.5350091
          ],
          [
            84.785268,
            28.5350374
          ],
          [
            84.7851634,
            28.5350916
          ],
          [
            84.7850668,
            28.5351364
          ],
          [
            84.7849274,
            28.5351576
          ],
          [
            84.7847423,
            28.5352212
          ],
          [
            84.7846377,
            28.5352306
          ],
          [
            84.7844928,
            28.535233
          ],
          [
            84.784392,
            28.5352358
          ],
          [
            84.7842756,
            28.5352495
          ],
          [
            84.7842032,
            28.5352354
          ],
          [
            84.7841334,
            28.5352118
          ],
          [
            84.7840396,
            28.5352471
          ],
          [
            84.7839376,
            28.5352495
          ],
          [
            84.7838438,
            28.535306
          ],
          [
            84.7837432,
            28.5353234
          ],
          [
            84.7836667,
            28.5353626
          ],
          [
            84.7835809,
            28.5353791
          ],
          [
            84.7834682,
            28.5353815
          ],
          [
            84.7834019,
            28.5353905
          ],
          [
            84.7833288,
            28.5354356
          ],
          [
            84.7832376,
            28.5354427
          ],
          [
            84.7831303,
            28.5354569
          ],
          [
            84.7830284,
            28.5354663
          ],
          [
            84.7829291,
            28.5354946
          ],
          [
            84.782869,
            28.535521
          ],
          [
            84.7827843,
            28.535537
          ],
          [
            84.782677,
            28.5355912
          ],
          [
            84.7825965,
            28.5356524
          ],
          [
            84.7825509,
            28.5357137
          ],
          [
            84.7824929,
            28.5357741
          ],
          [
            84.7824222,
            28.5358244
          ],
          [
            84.7823122,
            28.5358786
          ],
          [
            84.7822478,
            28.5359234
          ],
          [
            84.7822237,
            28.53598
          ],
          [
            84.7822103,
            28.5360365
          ],
          [
            84.7822022,
            28.5360695
          ],
          [
            84.7821406,
            28.5360978
          ],
          [
            84.7820522,
            28.5361081
          ],
          [
            84.7819608,
            28.5361237
          ],
          [
            84.7819233,
            28.5361591
          ],
          [
            84.7819287,
            28.5362038
          ],
          [
            84.7818857,
            28.5362227
          ],
          [
            84.7818401,
            28.5362486
          ],
          [
            84.7817597,
            28.5363358
          ],
          [
            84.7816953,
            28.536397
          ],
          [
            84.7815961,
            28.53643
          ],
          [
            84.7815359,
            28.5364781
          ],
          [
            84.7814566,
            28.5365808
          ],
          [
            84.7814459,
            28.5366586
          ],
          [
            84.7814405,
            28.5367222
          ],
          [
            84.7813976,
            28.5367599
          ],
          [
            84.7813337,
            28.5367584
          ],
          [
            84.7812447,
            28.5367835
          ],
          [
            84.7812018,
            28.5368141
          ],
          [
            84.781191,
            28.536873
          ],
          [
            84.7812286,
            28.5369296
          ],
          [
            84.7811642,
            28.5370144
          ],
          [
            84.7811589,
            28.5370733
          ],
          [
            84.7811347,
            28.5371228
          ],
          [
            84.7810918,
            28.5371876
          ],
          [
            84.7810194,
            28.5372713
          ],
          [
            84.7809175,
            28.5373749
          ],
          [
            84.7808772,
            28.5374503
          ],
          [
            84.7808692,
            28.5375045
          ],
          [
            84.780837,
            28.5375988
          ],
          [
            84.7807448,
            28.5376626
          ],
          [
            84.7806546,
            28.5377354
          ],
          [
            84.7805178,
            28.5377802
          ],
          [
            84.7804213,
            28.5378156
          ],
          [
            84.7803441,
            28.5378587
          ],
          [
            84.7801959,
            28.537924
          ],
          [
            84.7800833,
            28.5379452
          ],
          [
            84.7800216,
            28.537924
          ],
          [
            84.779968,
            28.5379805
          ],
          [
            84.7798714,
            28.5380135
          ],
          [
            84.779807,
            28.5380182
          ],
          [
            84.7796971,
            28.5380771
          ],
          [
            84.7796354,
            28.538129
          ],
          [
            84.779563,
            28.5381695
          ],
          [
            84.7794959,
            28.5382256
          ],
          [
            84.779453,
            28.5382868
          ],
          [
            84.7794262,
            28.5383599
          ],
          [
            84.7794127,
            28.5384164
          ],
          [
            84.7794176,
            28.538468
          ],
          [
            84.7794074,
            28.5385507
          ],
          [
            84.7793859,
            28.5385625
          ],
          [
            84.7793242,
            28.538539
          ],
          [
            84.7792572,
            28.5385177
          ],
          [
            84.7791955,
            28.5384848
          ],
          [
            84.7791713,
            28.5385201
          ],
          [
            84.7792008,
            28.538579
          ],
          [
            84.7792572,
            28.5386662
          ],
          [
            84.7792894,
            28.5387204
          ],
          [
            84.7793114,
            28.5388009
          ],
          [
            84.7792786,
            28.5389136
          ],
          [
            84.7792357,
            28.5390031
          ],
          [
            84.7792089,
            28.5390503
          ],
          [
            84.7792304,
            28.5391257
          ],
          [
            84.7791072,
            28.5392128
          ],
          [
            84.7790936,
            28.5392671
          ],
          [
            84.7790828,
            28.5393519
          ],
          [
            84.7790399,
            28.5393802
          ],
          [
            84.7790587,
            28.5394343
          ],
          [
            84.7790667,
            28.5394909
          ],
          [
            84.7790426,
            28.5395569
          ],
          [
            84.778969,
            28.5395496
          ],
          [
            84.7788897,
            28.5396181
          ],
          [
            84.7788709,
            28.5396818
          ],
          [
            84.7788039,
            28.5397242
          ],
          [
            84.7787851,
            28.5397737
          ],
          [
            84.7787636,
            28.5398137
          ],
          [
            84.77871,
            28.5398797
          ],
          [
            84.7786424,
            28.539926
          ],
          [
            84.7786027,
            28.5399975
          ],
          [
            84.7785598,
            28.5399951
          ],
          [
            84.7784954,
            28.5400328
          ],
          [
            84.7784686,
            28.5400847
          ],
          [
            84.7784498,
            28.5401318
          ],
          [
            84.7783963,
            28.5401654
          ],
          [
            84.7783345,
            28.5401601
          ],
          [
            84.7782674,
            28.5402096
          ],
          [
            84.7781816,
            28.5402308
          ],
          [
            84.7781146,
            28.540285
          ],
          [
            84.7780885,
            28.5403545
          ],
          [
            84.7779912,
            28.5404358
          ],
          [
            84.7779053,
            28.5404829
          ],
          [
            84.7778276,
            28.540497
          ],
          [
            84.777739,
            28.5405206
          ],
          [
            84.7776908,
            28.5406196
          ],
          [
            84.7776455,
            28.54066
          ],
          [
            84.7775191,
            28.5408151
          ],
          [
            84.7774386,
            28.5408905
          ],
          [
            84.7773662,
            28.5409188
          ],
          [
            84.7772984,
            28.5409716
          ],
          [
            84.7771972,
            28.5410272
          ],
          [
            84.7770578,
            28.5410672
          ],
          [
            84.7768818,
            28.5410884
          ],
          [
            84.7768271,
            28.5410484
          ],
          [
            84.7766313,
            28.5410507
          ],
          [
            84.7765025,
            28.5410295
          ],
          [
            84.7764221,
            28.5409871
          ],
          [
            84.7762558,
            28.5409895
          ],
          [
            84.776178,
            28.5409848
          ],
          [
            84.7760734,
            28.5410154
          ],
          [
            84.775976,
            28.5410604
          ],
          [
            84.7758856,
            28.5411049
          ],
          [
            84.7757784,
            28.5411309
          ],
          [
            84.7756737,
            28.5411379
          ],
          [
            84.7755737,
            28.5411372
          ],
          [
            84.7754431,
            28.5411521
          ],
          [
            84.7753133,
            28.541198
          ],
          [
            84.7751963,
            28.5412392
          ],
          [
            84.7751266,
            28.5412793
          ],
          [
            84.7750394,
            28.5413031
          ],
          [
            84.7749786,
            28.5413265
          ],
          [
            84.7749174,
            28.5413736
          ],
          [
            84.7747963,
            28.5414169
          ],
          [
            84.7746974,
            28.5414607
          ],
          [
            84.7746089,
            28.5414914
          ],
          [
            84.7745027,
            28.5415173
          ],
          [
            84.7743916,
            28.5415738
          ],
          [
            84.7742549,
            28.5416422
          ],
          [
            84.7741062,
            28.5416934
          ],
          [
            84.7739169,
            28.5417152
          ],
          [
            84.7738364,
            28.5417246
          ],
          [
            84.7737747,
            28.54176
          ],
          [
            84.7736701,
            28.5417741
          ],
          [
            84.7735628,
            28.5417576
          ],
          [
            84.7735333,
            28.5417718
          ],
          [
            84.7734931,
            28.5418142
          ],
          [
            84.7734341,
            28.541833
          ],
          [
            84.7734073,
            28.5417812
          ],
          [
            84.7733322,
            28.5417812
          ],
          [
            84.7732671,
            28.5417854
          ],
          [
            84.7731964,
            28.5418285
          ],
          [
            84.7731283,
            28.5418825
          ],
          [
            84.773072,
            28.5419343
          ],
          [
            84.773019,
            28.5419727
          ],
          [
            84.7728655,
            28.5420168
          ],
          [
            84.7727904,
            28.5420357
          ],
          [
            84.7727475,
            28.5420851
          ],
          [
            84.7726831,
            28.5421111
          ],
          [
            84.7725863,
            28.5420927
          ],
          [
            84.7725034,
            28.5421228
          ],
          [
            84.7724351,
            28.5421528
          ],
          [
            84.772391,
            28.5421952
          ],
          [
            84.7723559,
            28.5422524
          ],
          [
            84.7722566,
            28.542276
          ],
          [
            84.7721574,
            28.5423161
          ],
          [
            84.7720742,
            28.542349
          ],
          [
            84.7720313,
            28.5423161
          ],
          [
            84.7719347,
            28.5423914
          ],
          [
            84.7718969,
            28.5424463
          ],
          [
            84.7718757,
            28.5425069
          ],
          [
            84.7718228,
            28.542558
          ],
          [
            84.7717309,
            28.5426012
          ],
          [
            84.7716692,
            28.5426012
          ],
          [
            84.7715592,
            28.5426695
          ],
          [
            84.7714385,
            28.5427143
          ],
          [
            84.7713581,
            28.5427543
          ],
          [
            84.7712991,
            28.5427849
          ],
          [
            84.7712279,
            28.5428016
          ],
          [
            84.7711703,
            28.5428415
          ],
          [
            84.7711274,
            28.5428863
          ],
          [
            84.7710684,
            28.5429452
          ],
          [
            84.7710015,
            28.5429756
          ],
          [
            84.7709423,
            28.5430182
          ],
          [
            84.770894,
            28.5430465
          ],
          [
            84.7708279,
            28.5430758
          ],
          [
            84.7707921,
            28.5431266
          ],
          [
            84.7707491,
            28.5431701
          ],
          [
            84.7707036,
            28.5432208
          ],
          [
            84.7706714,
            28.5432703
          ],
          [
            84.7706526,
            28.5433057
          ],
          [
            84.7706499,
            28.5433403
          ],
          [
            84.7706231,
            28.5433858
          ],
          [
            84.7705802,
            28.5433952
          ],
          [
            84.7705829,
            28.5434824
          ],
          [
            84.7705668,
            28.5434894
          ],
          [
            84.7705346,
            28.5435389
          ],
          [
            84.7705883,
            28.5435672
          ],
          [
            84.7706044,
            28.543579
          ],
          [
            84.7705963,
            28.5436332
          ],
          [
            84.7705762,
            28.5436968
          ],
          [
            84.7705467,
            28.5437286
          ],
          [
            84.7704911,
            28.5437659
          ],
          [
            84.7704139,
            28.5438311
          ],
          [
            84.770536,
            28.543903
          ],
          [
            84.7706231,
            28.5439112
          ],
          [
            84.7707021,
            28.5439166
          ],
          [
            84.7707975,
            28.5439242
          ],
          [
            84.7708555,
            28.5439473
          ],
          [
            84.7707956,
            28.5440341
          ],
          [
            84.7707546,
            28.5441185
          ],
          [
            84.7707184,
            28.544168
          ],
          [
            84.7706047,
            28.5442507
          ],
          [
            84.7705386,
            28.5443389
          ],
          [
            84.7704421,
            28.5444425
          ],
          [
            84.7703754,
            28.5445112
          ],
          [
            84.770267,
            28.5446518
          ],
          [
            84.7703657,
            28.5447689
          ],
          [
            84.7702212,
            28.5449135
          ],
          [
            84.7700795,
            28.5449741
          ],
          [
            84.7700718,
            28.5450526
          ],
          [
            84.7699391,
            28.545113
          ],
          [
            84.7698373,
            28.5451741
          ],
          [
            84.7696907,
            28.5452267
          ],
          [
            84.7695851,
            28.545266
          ],
          [
            84.7694987,
            28.545264
          ],
          [
            84.7693357,
            28.545372
          ],
          [
            84.7692633,
            28.5454404
          ],
          [
            84.7692257,
            28.545504
          ],
          [
            84.7691479,
            28.5455605
          ],
          [
            84.7690276,
            28.5455666
          ],
          [
            84.7688906,
            28.545571
          ],
          [
            84.768807,
            28.5455339
          ],
          [
            84.7687561,
            28.5455079
          ],
          [
            84.7686962,
            28.5454797
          ],
          [
            84.7686705,
            28.5453979
          ],
          [
            84.7685223,
            28.5453191
          ],
          [
            84.7683862,
            28.5453697
          ],
          [
            84.7683012,
            28.5454172
          ],
          [
            84.768034,
            28.5453875
          ],
          [
            84.7678945,
            28.5453276
          ],
          [
            84.767781,
            28.5453241
          ],
          [
            84.7675406,
            28.5452616
          ],
          [
            84.7674273,
            28.5452425
          ],
          [
            84.7672998,
            28.545226
          ],
          [
            84.767206,
            28.5452177
          ],
          [
            84.7671564,
            28.5452941
          ],
          [
            84.7670814,
            28.5452997
          ],
          [
            84.7670317,
            28.5453202
          ],
          [
            84.7670062,
            28.5453461
          ],
          [
            84.7669588,
            28.5453155
          ],
          [
            84.7669016,
            28.545266
          ],
          [
            84.7668802,
            28.5452307
          ],
          [
            84.7668514,
            28.5452
          ],
          [
            84.7667919,
            28.5451635
          ],
          [
            84.7667406,
            28.5451659
          ],
          [
            84.7666481,
            28.5452377
          ],
          [
            84.7665489,
            28.5453296
          ],
          [
            84.7664604,
            28.5454121
          ],
          [
            84.7663853,
            28.5454828
          ],
          [
            84.7663424,
            28.5455963
          ],
          [
            84.7662406,
            28.5457309
          ],
          [
            84.7662217,
            28.5457844
          ],
          [
            84.7661341,
            28.5458715
          ],
          [
            84.7660607,
            28.5459575
          ],
          [
            84.7659454,
            28.5460412
          ],
          [
            84.7658837,
            28.5461236
          ],
          [
            84.765822,
            28.5461825
          ],
          [
            84.7657442,
            28.5462085
          ],
          [
            84.7657068,
            28.5462808
          ],
          [
            84.7655967,
            28.5463357
          ],
          [
            84.765476,
            28.5465242
          ],
          [
            84.7654062,
            28.5466985
          ],
          [
            84.7653365,
            28.5468305
          ],
          [
            84.7652098,
            28.5469872
          ],
          [
            84.7651029,
            28.5471152
          ],
          [
            84.7649771,
            28.5472263
          ],
          [
            84.7648215,
            28.5473488
          ],
          [
            84.7646667,
            28.5474332
          ],
          [
            84.7645158,
            28.547509
          ],
          [
            84.764378,
            28.5475973
          ],
          [
            84.764312,
            28.547724
          ],
          [
            84.7641188,
            28.547853
          ],
          [
            84.7639383,
            28.5479507
          ],
          [
            84.763872,
            28.548058
          ],
          [
            84.7638309,
            28.54818
          ],
          [
            84.7637135,
            28.548254
          ],
          [
            84.7635904,
            28.5483337
          ],
          [
            84.7634308,
            28.5484762
          ],
          [
            84.7633155,
            28.548594
          ],
          [
            84.7632442,
            28.5486798
          ],
          [
            84.763121,
            28.5487389
          ],
          [
            84.7630164,
            28.548819
          ],
          [
            84.7629315,
            28.5489522
          ],
          [
            84.7628635,
            28.549097
          ],
          [
            84.7627474,
            28.5492366
          ],
          [
            84.7625604,
            28.5494021
          ],
          [
            84.7624075,
            28.5495259
          ],
          [
            84.762252,
            28.5496814
          ],
          [
            84.7621058,
            28.5498557
          ],
          [
            84.7619566,
            28.5499941
          ],
          [
            84.761784,
            28.5501007
          ],
          [
            84.7616847,
            28.5501396
          ],
          [
            84.7615555,
            28.5501792
          ],
          [
            84.7614763,
            28.5503153
          ],
          [
            84.7613629,
            28.5504754
          ],
          [
            84.7611912,
            28.5506706
          ],
          [
            84.7610075,
            28.5509365
          ],
          [
            84.7609189,
            28.5511468
          ],
          [
            84.760782,
            28.5513194
          ],
          [
            84.7606104,
            28.5515391
          ],
          [
            84.760589,
            28.5516416
          ],
          [
            84.7605836,
            28.5517476
          ],
          [
            84.7605297,
            28.5518611
          ],
          [
            84.7604213,
            28.5520574
          ],
          [
            84.7603851,
            28.5521328
          ],
          [
            84.7603208,
            28.5521599
          ],
          [
            84.7602376,
            28.5522129
          ],
          [
            84.7602027,
            28.5522836
          ],
          [
            84.7601357,
            28.5523673
          ],
          [
            84.7601397,
            28.5524473
          ],
          [
            84.7601773,
            28.5525098
          ],
          [
            84.7602014,
            28.5525686
          ],
          [
            84.7601991,
            28.5526358
          ],
          [
            84.7601491,
            28.5526794
          ],
          [
            84.760074,
            28.5527301
          ],
          [
            84.7599439,
            28.5527736
          ],
          [
            84.7598742,
            28.5528066
          ],
          [
            84.7598232,
            28.552842
          ],
          [
            84.7597165,
            28.5528464
          ],
          [
            84.759547,
            28.5528655
          ],
          [
            84.7594558,
            28.5528961
          ],
          [
            84.759339,
            28.5529278
          ],
          [
            84.7592264,
            28.5529774
          ],
          [
            84.7591272,
            28.5530481
          ],
          [
            84.7589931,
            28.5530952
          ],
          [
            84.7587699,
            28.5531458
          ],
          [
            84.7586659,
            28.5531541
          ],
          [
            84.7584728,
            28.55322
          ],
          [
            84.7583628,
            28.5533238
          ],
          [
            84.7582769,
            28.5533615
          ],
          [
            84.7582072,
            28.5534592
          ],
          [
            84.7581749,
            28.5535134
          ],
          [
            84.7581187,
            28.55357
          ],
          [
            84.7580409,
            28.5536018
          ],
          [
            84.757939,
            28.5536018
          ],
          [
            84.7578552,
            28.5536449
          ],
          [
            84.7577029,
            28.5536536
          ],
          [
            84.7575182,
            28.5536969
          ],
          [
            84.757424,
            28.5537926
          ],
          [
            84.7573251,
            28.5538834
          ],
          [
            84.7571826,
            28.5539457
          ],
          [
            84.7570807,
            28.5539976
          ],
          [
            84.7570209,
            28.5540676
          ],
          [
            84.7570458,
            28.5541696
          ],
          [
            84.7570286,
            28.5542629
          ],
          [
            84.7569627,
            28.5543203
          ],
          [
            84.7568741,
            28.5544028
          ],
          [
            84.7567546,
            28.5544808
          ],
          [
            84.7566206,
            28.5545218
          ],
          [
            84.7564689,
            28.5545802
          ],
          [
            84.7564069,
            28.5545847
          ],
          [
            84.7563684,
            28.5546122
          ],
          [
            84.7562434,
            28.5546843
          ],
          [
            84.7562037,
            28.5547179
          ],
          [
            84.7561043,
            28.5547562
          ],
          [
            84.7560279,
            28.5547797
          ],
          [
            84.7559166,
            28.554841
          ],
          [
            84.7557718,
            28.5549187
          ],
          [
            84.755592,
            28.5550672
          ],
          [
            84.7554713,
            28.5551614
          ],
          [
            84.7553506,
            28.5552533
          ],
          [
            84.755238,
            28.5553075
          ],
          [
            84.7551635,
            28.5553393
          ],
          [
            84.7551441,
            28.5554394
          ],
          [
            84.7550958,
            28.5555266
          ],
          [
            84.7550657,
            28.5555782
          ],
          [
            84.7549349,
            28.5556962
          ],
          [
            84.7548491,
            28.5557645
          ],
          [
            84.7547783,
            28.5558553
          ],
          [
            84.7546293,
            28.5559379
          ],
          [
            84.7544521,
            28.5560873
          ],
          [
            84.7543314,
            28.5561745
          ],
          [
            84.7542697,
            28.5562074
          ],
          [
            84.7541705,
            28.5562192
          ],
          [
            84.7540632,
            28.5562946
          ],
          [
            84.7539908,
            28.5563912
          ],
          [
            84.7537869,
            28.5565726
          ],
          [
            84.7536448,
            28.5566739
          ],
          [
            84.7535021,
            28.5567447
          ],
          [
            84.7533095,
            28.5568035
          ],
          [
            84.7531593,
            28.5568129
          ],
          [
            84.7530533,
            28.5568247
          ],
          [
            84.7529031,
            28.5568694
          ],
          [
            84.7527435,
            28.5568742
          ],
          [
            84.7526011,
            28.5568957
          ],
          [
            84.7524753,
            28.556959
          ],
          [
            84.7523653,
            28.5570438
          ],
          [
            84.7523037,
            28.557105
          ],
          [
            84.7522876,
            28.5571333
          ],
          [
            84.7522005,
            28.5571336
          ],
          [
            84.7520784,
            28.5570909
          ],
          [
            84.7520032,
            28.557138
          ],
          [
            84.7520242,
            28.5571916
          ],
          [
            84.7520113,
            28.5572464
          ],
          [
            84.7519563,
            28.5572629
          ],
          [
            84.7518316,
            28.5572959
          ],
          [
            84.7517565,
            28.5573442
          ],
          [
            84.7517149,
            28.5573654
          ],
          [
            84.7516527,
            28.5573824
          ],
          [
            84.7514454,
            28.5574066
          ],
          [
            84.7513998,
            28.5574466
          ],
          [
            84.7512844,
            28.5574584
          ],
          [
            84.7511443,
            28.5574827
          ],
          [
            84.7510296,
            28.5575409
          ],
          [
            84.7509931,
            28.5575883
          ],
          [
            84.7508553,
            28.5576139
          ],
          [
            84.7508325,
            28.5576569
          ],
          [
            84.7507238,
            28.5577341
          ],
          [
            84.7506702,
            28.5578094
          ],
          [
            84.7506115,
            28.5578559
          ],
          [
            84.7505495,
            28.5579178
          ],
          [
            84.7505066,
            28.5579955
          ],
          [
            84.7504889,
            28.5580676
          ],
          [
            84.750469,
            28.5581181
          ],
          [
            84.7503751,
            28.558144
          ],
          [
            84.7502544,
            28.5581652
          ],
          [
            84.7501418,
            28.5582123
          ],
          [
            84.7500533,
            28.5582995
          ],
          [
            84.7499699,
            28.558393
          ],
          [
            84.7499084,
            28.5584832
          ],
          [
            84.7499219,
            28.5585256
          ],
          [
            84.7499084,
            28.5585822
          ],
          [
            84.7498897,
            28.5586364
          ],
          [
            84.7498765,
            28.5587159
          ],
          [
            84.7498651,
            28.5587576
          ],
          [
            84.7498492,
            28.5588074
          ],
          [
            84.7498451,
            28.558865
          ],
          [
            84.7498224,
            28.5589342
          ],
          [
            84.7498774,
            28.5589763
          ],
          [
            84.7498429,
            28.5590014
          ],
          [
            84.7496597,
            28.5589242
          ],
          [
            84.7496199,
            28.5589831
          ],
          [
            84.7496794,
            28.5593495
          ],
          [
            84.7496503,
            28.559416
          ],
          [
            84.7495015,
            28.5590323
          ],
          [
            84.7493547,
            28.5587799
          ],
          [
            84.7492975,
            28.5588044
          ],
          [
            84.7493179,
            28.5588829
          ],
          [
            84.7492828,
            28.5590431
          ],
          [
            84.7491737,
            28.5591161
          ],
          [
            84.749148,
            28.5592053
          ],
          [
            84.7491257,
            28.5592384
          ],
          [
            84.7490877,
            28.5592748
          ],
          [
            84.7490153,
            28.5592583
          ],
          [
            84.7489214,
            28.5592489
          ],
          [
            84.7488436,
            28.5592795
          ],
          [
            84.7487631,
            28.5593078
          ],
          [
            84.7486854,
            28.559349
          ],
          [
            84.7486451,
            28.5594279
          ],
          [
            84.7486062,
            28.5595233
          ],
          [
            84.7484896,
            28.5594951
          ],
          [
            84.7483782,
            28.5594951
          ],
          [
            84.748334,
            28.5595316
          ],
          [
            84.748283,
            28.5595952
          ],
          [
            84.7482026,
            28.5596341
          ],
          [
            84.7480537,
            28.5596977
          ],
          [
            84.7479504,
            28.5597118
          ],
          [
            84.7477117,
            28.5597519
          ],
          [
            84.7475776,
            28.5597978
          ],
          [
            84.7474971,
            28.5598638
          ],
          [
            84.7474194,
            28.5599415
          ],
          [
            84.7473228,
            28.5599615
          ],
          [
            84.7472504,
            28.5600404
          ],
          [
            84.7471954,
            28.5601264
          ],
          [
            84.747115,
            28.560141
          ],
          [
            84.7469178,
            28.5601983
          ],
          [
            84.7467341,
            28.5602701
          ],
          [
            84.746604,
            28.5603231
          ],
          [
            84.7464908,
            28.5603568
          ],
          [
            84.7464149,
            28.5603761
          ],
          [
            84.7463022,
            28.5604068
          ],
          [
            84.7462217,
            28.560428
          ],
          [
            84.7461011,
            28.5604598
          ],
          [
            84.7460219,
            28.560514
          ],
          [
            84.7459777,
            28.5605646
          ],
          [
            84.7458838,
            28.5606188
          ],
          [
            84.7458087,
            28.5606742
          ],
          [
            84.7457819,
            28.5607177
          ],
          [
            84.745751,
            28.5607531
          ],
          [
            84.7457094,
            28.5607755
          ],
          [
            84.7456612,
            28.5607813
          ],
          [
            84.7456223,
            28.5607766
          ],
          [
            84.7455847,
            28.5607931
          ],
          [
            84.7455874,
            28.5608143
          ],
          [
            84.7455608,
            28.5608271
          ],
          [
            84.7455043,
            28.5608344
          ],
          [
            84.7453809,
            28.560832
          ],
          [
            84.7452736,
            28.5608544
          ],
          [
            84.745173,
            28.5608485
          ],
          [
            84.7450295,
            28.5608438
          ],
          [
            84.7449155,
            28.5608732
          ],
          [
            84.7447661,
            28.5608748
          ],
          [
            84.7445159,
            28.5608956
          ],
          [
            84.7443375,
            28.5608932
          ],
          [
            84.7442141,
            28.5609097
          ],
          [
            84.7440783,
            28.5609517
          ],
          [
            84.7439969,
            28.5610063
          ],
          [
            84.7439481,
            28.5610441
          ],
          [
            84.7438627,
            28.5611112
          ],
          [
            84.7438211,
            28.5611618
          ],
          [
            84.7437943,
            28.5611818
          ],
          [
            84.7437641,
            28.5612169
          ],
          [
            84.7437032,
            28.561269
          ],
          [
            84.7436495,
            28.561269
          ],
          [
            84.7435838,
            28.5612619
          ],
          [
            84.7435228,
            28.5612591
          ],
          [
            84.7434644,
            28.5612796
          ],
          [
            84.7434261,
            28.5612934
          ],
          [
            84.743384,
            28.5613291
          ],
          [
            84.7433679,
            28.5613656
          ],
          [
            84.7433598,
            28.5613868
          ],
          [
            84.7433546,
            28.5614079
          ],
          [
            84.7433323,
            28.5614167
          ],
          [
            84.7433062,
            28.5613944
          ],
          [
            84.7432949,
            28.5613723
          ],
          [
            84.7432948,
            28.561342
          ],
          [
            84.7432861,
            28.5613179
          ],
          [
            84.7432639,
            28.5613096
          ],
          [
            84.7432398,
            28.5613232
          ],
          [
            84.7432233,
            28.5613592
          ],
          [
            84.7432002,
            28.5613974
          ],
          [
            84.7431835,
            28.5614386
          ],
          [
            84.743209,
            28.5614763
          ],
          [
            84.7432237,
            28.5615075
          ],
          [
            84.7432438,
            28.5615434
          ],
          [
            84.7432323,
            28.5615604
          ],
          [
            84.7431104,
            28.5616059
          ],
          [
            84.7429031,
            28.5616272
          ],
          [
            84.7426504,
            28.5616377
          ],
          [
            84.742417,
            28.5616283
          ],
          [
            84.7422194,
            28.5616137
          ],
          [
            84.7420657,
            28.5616259
          ],
          [
            84.7419436,
            28.5616731
          ],
          [
            84.7417707,
            28.5617284
          ],
          [
            84.7415654,
            28.5617767
          ],
          [
            84.7414273,
            28.5618202
          ],
          [
            84.7413041,
            28.5618502
          ],
          [
            84.7411698,
            28.5618791
          ],
          [
            84.7410545,
            28.5618944
          ],
          [
            84.7409579,
            28.5619003
          ],
          [
            84.7408801,
            28.5619039
          ],
          [
            84.740773,
            28.5618947
          ],
          [
            84.7406334,
            28.5618909
          ],
          [
            84.7405931,
            28.5619463
          ],
          [
            84.7405663,
            28.5620075
          ],
          [
            84.7404751,
            28.5620476
          ],
          [
            84.7401881,
            28.5620217
          ],
          [
            84.7400379,
            28.5619958
          ],
          [
            84.7399162,
            28.5619805
          ],
          [
            84.739818,
            28.5619486
          ],
          [
            84.7397603,
            28.5619039
          ],
          [
            84.7396811,
            28.5618491
          ],
          [
            84.7396155,
            28.5618214
          ],
          [
            84.7395431,
            28.5617578
          ],
          [
            84.7394804,
            28.5617226
          ],
          [
            84.7393643,
            28.5617021
          ],
          [
            84.7392882,
            28.5616824
          ],
          [
            84.7391448,
            28.5616176
          ],
          [
            84.7390187,
            28.5615682
          ],
          [
            84.7389022,
            28.5615285
          ],
          [
            84.7387853,
            28.5615434
          ],
          [
            84.7385976,
            28.5615564
          ],
          [
            84.7383857,
            28.5615328
          ],
          [
            84.7380208,
            28.5615485
          ],
          [
            84.7378331,
            28.5615469
          ],
          [
            84.7377326,
            28.5615352
          ],
          [
            84.7376242,
            28.5615204
          ],
          [
            84.7373852,
            28.5615906
          ],
          [
            84.7372108,
            28.56164
          ],
          [
            84.7370875,
            28.5616931
          ],
          [
            84.7370178,
            28.5617366
          ],
          [
            84.7369507,
            28.5617696
          ],
          [
            84.7368622,
            28.5617767
          ],
          [
            84.7368049,
            28.5617686
          ],
          [
            84.7367261,
            28.5617285
          ],
          [
            84.7366261,
            28.5616683
          ],
          [
            84.7365215,
            28.5615411
          ],
          [
            84.736428,
            28.5615376
          ],
          [
            84.736366,
            28.5615764
          ],
          [
            84.736307,
            28.5616165
          ],
          [
            84.7362587,
            28.56164
          ],
          [
            84.7361949,
            28.5616337
          ],
          [
            84.7361165,
            28.5615882
          ],
          [
            84.7360522,
            28.5615434
          ],
          [
            84.7359744,
            28.561534
          ],
          [
            84.7358728,
            28.5615356
          ],
          [
            84.7358014,
            28.5615411
          ],
          [
            84.7356981,
            28.5614975
          ],
          [
            84.7356471,
            28.5614469
          ],
          [
            84.7356056,
            28.5614139
          ],
          [
            84.7355171,
            28.5613868
          ],
          [
            84.7354218,
            28.5613774
          ],
          [
            84.7353722,
            28.5613833
          ],
          [
            84.7353152,
            28.5613895
          ],
          [
            84.7352314,
            28.561375
          ],
          [
            84.7351617,
            28.5613609
          ],
          [
            84.7350906,
            28.5613891
          ],
          [
            84.7350571,
            28.5614517
          ],
          [
            84.7350249,
            28.5615199
          ],
          [
            84.7349994,
            28.5615658
          ],
          [
            84.7349551,
            28.5616129
          ],
          [
            84.7349162,
            28.5616318
          ],
          [
            84.7348639,
            28.5616341
          ],
          [
            84.7347773,
            28.5616236
          ],
          [
            84.7346172,
            28.5616
          ],
          [
            84.7345206,
            28.5615552
          ],
          [
            84.7344482,
            28.5615199
          ],
          [
            84.7343998,
            28.5614822
          ],
          [
            84.7343758,
            28.5614139
          ],
          [
            84.734349,
            28.5613361
          ],
          [
            84.7342256,
            28.5613055
          ],
          [
            84.7341424,
            28.5612584
          ],
          [
            84.7340861,
            28.5612136
          ],
          [
            84.7340685,
            28.5611538
          ],
          [
            84.7340217,
            28.5610605
          ],
          [
            84.733952,
            28.5609875
          ],
          [
            84.7338288,
            28.5609221
          ],
          [
            84.733673,
            28.5608815
          ],
          [
            84.7336301,
            28.5608344
          ],
          [
            84.7335014,
            28.5608014
          ],
          [
            84.7333941,
            28.5607425
          ],
          [
            84.7332948,
            28.5607166
          ],
          [
            84.7332197,
            28.5607071
          ],
          [
            84.7331576,
            28.5606305
          ],
          [
            84.7330561,
            28.5605399
          ],
          [
            84.7330239,
            28.5604904
          ],
          [
            84.7329837,
            28.5604574
          ],
          [
            84.7329284,
            28.5604276
          ],
          [
            84.7328174,
            28.5604621
          ],
          [
            84.7327557,
            28.5604904
          ],
          [
            84.7327021,
            28.5604998
          ],
          [
            84.7326364,
            28.5605045
          ],
          [
            84.7325644,
            28.5604741
          ],
          [
            84.7325116,
            28.5603726
          ],
          [
            84.7324708,
            28.5602298
          ],
          [
            84.7323802,
            28.5601653
          ],
          [
            84.7322754,
            28.5600402
          ],
          [
            84.7321549,
            28.5598944
          ],
          [
            84.7320318,
            28.5598038
          ],
          [
            84.731892,
            28.5597324
          ],
          [
            84.7318625,
            28.5595952
          ],
          [
            84.7318089,
            28.5595528
          ],
          [
            84.7317043,
            28.5595763
          ],
          [
            84.7316587,
            28.5596305
          ],
          [
            84.7315943,
            28.5596659
          ],
          [
            84.731479,
            28.5596918
          ],
          [
            84.7313341,
            28.5597978
          ],
          [
            84.7311249,
            28.5598967
          ],
          [
            84.730964,
            28.5599321
          ],
          [
            84.7308267,
            28.5599825
          ],
          [
            84.7307011,
            28.5600192
          ],
          [
            84.730559,
            28.5600216
          ],
          [
            84.7304597,
            28.560031
          ],
          [
            84.7303015,
            28.560024
          ],
          [
            84.7301218,
            28.5599745
          ],
          [
            84.7300306,
            28.559925
          ],
          [
            84.7300038,
            28.5599368
          ],
          [
            84.7299924,
            28.559993
          ],
          [
            84.7298965,
            28.5602525
          ],
          [
            84.7298033,
            28.5604677
          ],
          [
            84.7298394,
            28.5605152
          ],
          [
            84.7298643,
            28.5605352
          ],
          [
            84.7299189,
            28.5605438
          ],
          [
            84.7300158,
            28.5605752
          ],
          [
            84.730158,
            28.5606047
          ],
          [
            84.7302465,
            28.560587
          ],
          [
            84.7303391,
            28.5605764
          ],
          [
            84.7303927,
            28.5605964
          ],
          [
            84.7305325,
            28.5606634
          ],
          [
            84.7306623,
            28.5608167
          ],
          [
            84.7307615,
            28.5609592
          ],
          [
            84.7308232,
            28.5610833
          ],
          [
            84.7309144,
            28.5613526
          ],
          [
            84.7309975,
            28.561474
          ],
          [
            84.7310572,
            28.5616044
          ],
          [
            84.7311223,
            28.561772
          ],
          [
            84.7311196,
            28.561878
          ],
          [
            84.7311303,
            28.5619722
          ],
          [
            84.7311705,
            28.5620264
          ],
          [
            84.7311642,
            28.5620801
          ],
          [
            84.7311813,
            28.5621607
          ],
          [
            84.7311933,
            28.5622466
          ],
          [
            84.7312789,
            28.5622774
          ],
          [
            84.7312765,
            28.5623715
          ],
          [
            84.7312617,
            28.5625376
          ],
          [
            84.7312456,
            28.5626095
          ],
          [
            84.7312429,
            28.5626907
          ],
          [
            84.7312732,
            28.56274
          ],
          [
            84.7313087,
            28.5627802
          ],
          [
            84.7313489,
            28.5628451
          ],
          [
            84.7315098,
            28.5630158
          ],
          [
            84.7316251,
            28.5631489
          ],
          [
            84.7317693,
            28.5632976
          ],
          [
            84.7318403,
            28.5633862
          ],
          [
            84.7318545,
            28.5634575
          ],
          [
            84.731888,
            28.5634575
          ],
          [
            84.7319229,
            28.5634952
          ],
          [
            84.7319537,
            28.5635011
          ],
          [
            84.7319859,
            28.5635164
          ],
          [
            84.7319725,
            28.5635317
          ],
          [
            84.7319296,
            28.5635353
          ],
          [
            84.7319041,
            28.5635388
          ],
          [
            84.7318867,
            28.5635506
          ],
          [
            84.7318988,
            28.5635729
          ],
          [
            84.7319189,
            28.5636012
          ],
          [
            84.7319725,
            28.5636224
          ],
          [
            84.7320168,
            28.5636177
          ],
          [
            84.7320435,
            28.5636566
          ],
          [
            84.7321147,
            28.563746
          ],
          [
            84.7321978,
            28.5638262
          ],
          [
            84.7322611,
            28.5638629
          ],
          [
            84.7323185,
            28.5638662
          ],
          [
            84.7323815,
            28.5638768
          ],
          [
            84.732437,
            28.5638467
          ],
          [
            84.7324902,
            28.5639075
          ],
          [
            84.7325183,
            28.5639122
          ],
          [
            84.732569,
            28.5638817
          ],
          [
            84.7326122,
            28.5638745
          ],
          [
            84.7326484,
            28.5638733
          ],
          [
            84.7326846,
            28.5639169
          ],
          [
            84.7327101,
            28.563951
          ],
          [
            84.7327154,
            28.5639828
          ],
          [
            84.7327262,
            28.5640029
          ],
          [
            84.7327168,
            28.5640594
          ],
          [
            84.7327088,
            28.5640983
          ],
          [
            84.7326699,
            28.5641042
          ],
          [
            84.73258,
            28.564196
          ],
          [
            84.7325291,
            28.5642455
          ],
          [
            84.7324285,
            28.5642502
          ],
          [
            84.7324052,
            28.564302
          ],
          [
            84.732399,
            28.5643987
          ],
          [
            84.7323856,
            28.5644411
          ],
          [
            84.7323856,
            28.5645011
          ],
          [
            84.7323105,
            28.5645494
          ],
          [
            84.732206,
            28.5646248
          ],
          [
            84.7320959,
            28.5647049
          ],
          [
            84.7319873,
            28.5648062
          ],
          [
            84.731896,
            28.5649063
          ],
          [
            84.7318169,
            28.5649758
          ],
          [
            84.7317902,
            28.5650089
          ],
          [
            84.7316761,
            28.5650264
          ],
          [
            84.7315702,
            28.5650394
          ],
          [
            84.7314655,
            28.5650873
          ],
          [
            84.731365,
            28.5651689
          ],
          [
            84.7313114,
            28.5652102
          ],
          [
            84.7312604,
            28.5653032
          ],
          [
            84.7312001,
            28.5653797
          ],
          [
            84.7311343,
            28.5654387
          ],
          [
            84.7311142,
            28.5654858
          ],
          [
            84.7309656,
            28.5656739
          ],
          [
            84.7308661,
            28.5657602
          ],
          [
            84.730787,
            28.565805
          ],
          [
            84.7307065,
            28.5658568
          ],
          [
            84.7306607,
            28.565879
          ],
          [
            84.7305912,
            28.5658898
          ],
          [
            84.7305255,
            28.5658874
          ],
          [
            84.7304812,
            28.5658933
          ],
          [
            84.7304529,
            28.565897
          ],
          [
            84.7304222,
            28.5659322
          ],
          [
            84.7303766,
            28.565964
          ],
          [
            84.7303578,
            28.5659993
          ],
          [
            84.7303364,
            28.5660429
          ],
          [
            84.7303136,
            28.5660877
          ],
          [
            84.730278,
            28.5661289
          ],
          [
            84.7301875,
            28.5661855
          ],
          [
            84.7300911,
            28.5662514
          ],
          [
            84.7300387,
            28.566275
          ],
          [
            84.7299863,
            28.5662944
          ],
          [
            84.7299528,
            28.566305
          ],
          [
            84.729924,
            28.5663162
          ],
          [
            84.7298884,
            28.5663304
          ],
          [
            84.7298547,
            28.5663629
          ],
          [
            84.7298187,
            28.5663727
          ],
          [
            84.7297758,
            28.5663727
          ],
          [
            84.7297382,
            28.5663727
          ],
          [
            84.7297005,
            28.5663658
          ],
          [
            84.7296417,
            28.5663692
          ],
          [
            84.7296081,
            28.5663763
          ],
          [
            84.7295706,
            28.5663703
          ],
          [
            84.7295133,
            28.5663742
          ],
          [
            84.7294559,
            28.5664328
          ],
          [
            84.7294512,
            28.5664699
          ],
          [
            84.7294416,
            28.5665018
          ],
          [
            84.7293989,
            28.566524
          ],
          [
            84.7293567,
            28.5665493
          ],
          [
            84.729285,
            28.5665594
          ],
          [
            84.7292474,
            28.5665706
          ],
          [
            84.7292164,
            28.5665975
          ],
          [
            84.7291831,
            28.5666419
          ],
          [
            84.7291334,
            28.5666914
          ],
          [
            84.7290858,
            28.5667291
          ],
          [
            84.7290342,
            28.5667731
          ],
          [
            84.7289443,
            28.5668073
          ],
          [
            84.7288236,
            28.5668592
          ],
          [
            84.7287237,
            28.5668871
          ],
          [
            84.7286412,
            28.5669287
          ],
          [
            84.7285795,
            28.5669828
          ],
          [
            84.7285359,
            28.5670134
          ],
          [
            84.7284631,
            28.5670951
          ],
          [
            84.7283971,
            28.567143
          ],
          [
            84.7282979,
            28.5671619
          ],
          [
            84.7281343,
            28.567249
          ],
          [
            84.7278743,
            28.5673721
          ],
          [
            84.7277789,
            28.5674198
          ],
          [
            84.7276971,
            28.5674599
          ],
          [
            84.7276086,
            28.5675141
          ],
          [
            84.7274905,
            28.5675882
          ],
          [
            84.7273296,
            28.5676495
          ],
          [
            84.7271901,
            28.5677249
          ],
          [
            84.7271244,
            28.5677743
          ],
          [
            84.7270721,
            28.5678438
          ],
          [
            84.7269823,
            28.5678815
          ],
          [
            84.7267502,
            28.5679769
          ],
          [
            84.7264833,
            28.5681984
          ],
          [
            84.7263546,
            28.568289
          ],
          [
            84.7261937,
            28.5683986
          ],
          [
            84.726086,
            28.5684601
          ],
          [
            84.7260069,
            28.56847
          ],
          [
            84.7259472,
            28.5684871
          ],
          [
            84.7259027,
            28.5684999
          ],
          [
            84.7257149,
            28.5685376
          ],
          [
            84.7255754,
            28.5685706
          ],
          [
            84.725478,
            28.5685886
          ],
          [
            84.7254601,
            28.5686294
          ],
          [
            84.7254454,
            28.5686671
          ],
          [
            84.7254024,
            28.5687201
          ],
          [
            84.725381,
            28.5687484
          ],
          [
            84.7253555,
            28.5687696
          ],
          [
            84.7253005,
            28.5687787
          ],
          [
            84.7252616,
            28.5687755
          ],
          [
            84.7252349,
            28.5687354
          ],
          [
            84.7252308,
            28.5687107
          ],
          [
            84.7251758,
            28.568666
          ],
          [
            84.7250875,
            28.5686394
          ],
          [
            84.7250253,
            28.5685947
          ],
          [
            84.7249559,
            28.5685329
          ],
          [
            84.7248861,
            28.5685117
          ],
          [
            84.7248352,
            28.5684787
          ],
          [
            84.7247574,
            28.5684669
          ],
          [
            84.7247225,
            28.5684975
          ],
          [
            84.724693,
            28.5685776
          ],
          [
            84.7247225,
            28.5686294
          ],
          [
            84.7247547,
            28.5687025
          ],
          [
            84.7247976,
            28.5687708
          ],
          [
            84.724803,
            28.5688603
          ],
          [
            84.7248083,
            28.5689522
          ],
          [
            84.7247815,
            28.5690134
          ],
          [
            84.7247601,
            28.5690676
          ],
          [
            84.7247242,
            28.5690999
          ],
          [
            84.7246608,
            28.5691218
          ],
          [
            84.7245321,
            28.5691312
          ],
          [
            84.7244301,
            28.5691335
          ],
          [
            84.7242531,
            28.5691312
          ],
          [
            84.7240965,
            28.5691634
          ],
          [
            84.7240385,
            28.5691642
          ],
          [
            84.7238803,
            28.5692537
          ],
          [
            84.7237113,
            28.5693149
          ],
          [
            84.7234914,
            28.569362
          ],
          [
            84.7233224,
            28.5694162
          ],
          [
            84.7231454,
            28.5694419
          ],
          [
            84.7228262,
            28.5694492
          ],
          [
            84.7226357,
            28.5694845
          ],
          [
            84.7223005,
            28.5694657
          ],
          [
            84.7222146,
            28.5694822
          ],
          [
            84.7220457,
            28.5694468
          ],
          [
            84.721925,
            28.569501
          ],
          [
            84.7218259,
            28.5694871
          ],
          [
            84.7217506,
            28.5694516
          ],
          [
            84.7217238,
            28.5693903
          ],
          [
            84.721697,
            28.569362
          ],
          [
            84.721587,
            28.5692984
          ],
          [
            84.7215521,
            28.5693456
          ],
          [
            84.7215184,
            28.5694274
          ],
          [
            84.7214743,
            28.5694845
          ],
          [
            84.7213992,
            28.5695152
          ],
          [
            84.7213295,
            28.5695269
          ],
          [
            84.7212023,
            28.5695465
          ],
          [
            84.7209459,
            28.5695175
          ],
          [
            84.7206308,
            28.5694537
          ],
          [
            84.7205195,
            28.5694975
          ],
          [
            84.7203478,
            28.5695446
          ],
          [
            84.7201091,
            28.5695776
          ],
          [
            84.7199897,
            28.5695835
          ],
          [
            84.7199334,
            28.5695516
          ],
          [
            84.7197255,
            28.569521
          ],
          [
            84.719531,
            28.5695234
          ],
          [
            84.7194547,
            28.5695281
          ],
          [
            84.7193366,
            28.5695246
          ],
          [
            84.7191998,
            28.5695222
          ],
          [
            84.7191207,
            28.5695434
          ],
          [
            84.7190121,
            28.5695787
          ],
          [
            84.7189048,
            28.5695976
          ],
          [
            84.7188379,
            28.569599
          ],
          [
            84.7187519,
            28.5695835
          ],
          [
            84.7187117,
            28.5695411
          ],
          [
            84.7186661,
            28.5695081
          ],
          [
            84.7186151,
            28.569468
          ],
          [
            84.7185642,
            28.5694845
          ],
          [
            84.7185507,
            28.5695199
          ],
          [
            84.7185561,
            28.5695587
          ],
          [
            84.7185601,
            28.5695952
          ],
          [
            84.718544,
            28.5696282
          ],
          [
            84.7184797,
            28.5696353
          ],
          [
            84.7184066,
            28.5696404
          ],
          [
            84.7183026,
            28.56964
          ],
          [
            84.7182228,
            28.5695813
          ],
          [
            84.718084,
            28.569534
          ],
          [
            84.717903,
            28.5695352
          ],
          [
            84.7178372,
            28.5695211
          ],
          [
            84.7177648,
            28.5695152
          ],
          [
            84.7177072,
            28.5694999
          ],
          [
            84.7176576,
            28.5695022
          ],
          [
            84.7176019,
            28.5695095
          ],
          [
            84.7175328,
            28.5695081
          ],
          [
            84.7174149,
            28.5695575
          ],
          [
            84.7172981,
            28.5696153
          ],
          [
            84.7172243,
            28.5696365
          ],
          [
            84.7171842,
            28.569653
          ],
          [
            84.7171106,
            28.5696231
          ],
          [
            84.7170366,
            28.5695964
          ],
          [
            84.7169642,
            28.5696094
          ],
          [
            84.7168529,
            28.5696282
          ],
          [
            84.7167658,
            28.5696353
          ],
          [
            84.7166946,
            28.5696235
          ],
          [
            84.7165955,
            28.5695953
          ],
          [
            84.7164707,
            28.569607
          ],
          [
            84.7163594,
            28.5696164
          ],
          [
            84.71627,
            28.5696492
          ],
          [
            84.7161998,
            28.5697177
          ],
          [
            84.7161341,
            28.5697354
          ],
          [
            84.7160549,
            28.5697637
          ],
          [
            84.7159946,
            28.5697648
          ],
          [
            84.7158835,
            28.5697573
          ],
          [
            84.7157747,
            28.5697731
          ],
          [
            84.7157089,
            28.5697966
          ],
          [
            84.7156256,
            28.5698001
          ],
          [
            84.7155641,
            28.5698025
          ],
          [
            84.7154819,
            28.5697889
          ],
          [
            84.7153857,
            28.5697696
          ],
          [
            84.7152999,
            28.5697931
          ],
          [
            84.7152065,
            28.5698402
          ],
          [
            84.7150934,
            28.5698897
          ],
          [
            84.7150126,
            28.569934
          ],
          [
            84.7149221,
            28.5699855
          ],
          [
            84.7148434,
            28.5700491
          ],
          [
            84.7147688,
            28.5700452
          ],
          [
            84.7147232,
            28.5700263
          ],
          [
            84.7145408,
            28.5700263
          ],
          [
            84.7143973,
            28.5700204
          ],
          [
            84.7143239,
            28.5699855
          ],
          [
            84.7141854,
            28.5699686
          ],
          [
            84.7140674,
            28.5699816
          ],
          [
            84.7139749,
            28.5699721
          ],
          [
            84.7139253,
            28.5699557
          ],
          [
            84.7138703,
            28.5699451
          ],
          [
            84.7138146,
            28.5699183
          ],
          [
            84.7137214,
            28.569905
          ],
          [
            84.7136356,
            28.5698897
          ],
          [
            84.7135202,
            28.5699109
          ],
          [
            84.7134264,
            28.5698756
          ],
          [
            84.7133647,
            28.5698685
          ],
          [
            84.7133325,
            28.5698508
          ],
          [
            84.7132404,
            28.5698555
          ],
          [
            84.7132346,
            28.5698968
          ],
          [
            84.7132024,
            28.5699568
          ],
          [
            84.7131581,
            28.570011
          ],
          [
            84.7131166,
            28.5700523
          ],
          [
            84.7130871,
            28.5701088
          ],
          [
            84.7130508,
            28.5701311
          ],
          [
            84.7129643,
            28.5701704
          ],
          [
            84.7128698,
            28.5701783
          ],
          [
            84.7127585,
            28.57019
          ],
          [
            84.7126539,
            28.5702077
          ],
          [
            84.7126043,
            28.5702207
          ],
          [
            84.7125144,
            28.5702619
          ],
          [
            84.7124353,
            28.5702937
          ],
          [
            84.7123843,
            28.5703373
          ],
          [
            84.71233,
            28.5703838
          ],
          [
            84.7122703,
            28.5704291
          ],
          [
            84.7122234,
            28.5704468
          ],
          [
            84.7121657,
            28.5704409
          ],
          [
            84.7121242,
            28.5704586
          ],
          [
            84.7120504,
            28.5704892
          ],
          [
            84.7119834,
            28.5705304
          ],
          [
            84.7119337,
            28.5705646
          ],
          [
            84.711853,
            28.5705889
          ],
          [
            84.711691,
            28.5706364
          ],
          [
            84.7115877,
            28.5706741
          ],
          [
            84.7115006,
            28.5706824
          ],
          [
            84.7113799,
            28.5706776
          ],
          [
            84.711126,
            28.5707024
          ],
          [
            84.7109252,
            28.5707389
          ],
          [
            84.7108392,
            28.5707549
          ],
          [
            84.7107173,
            28.570839
          ],
          [
            84.7106395,
            28.5709085
          ],
          [
            84.7106007,
            28.5709379
          ],
          [
            84.710535,
            28.5709827
          ],
          [
            84.7104961,
            28.5710216
          ],
          [
            84.7104706,
            28.5710557
          ],
          [
            84.7104371,
            28.5710852
          ],
          [
            84.7103861,
            28.571104
          ],
          [
            84.7103405,
            28.5711052
          ],
          [
            84.7102831,
            28.5710958
          ],
          [
            84.7102024,
            28.5710628
          ],
          [
            84.7101434,
            28.5710086
          ],
          [
            84.7100897,
            28.5709485
          ],
          [
            84.7100723,
            28.5708826
          ],
          [
            84.7101004,
            28.5707978
          ],
          [
            84.7100414,
            28.5707389
          ],
          [
            84.7099395,
            28.57066
          ],
          [
            84.7098872,
            28.5706753
          ],
          [
            84.7098478,
            28.5707156
          ],
          [
            84.7098028,
            28.5707731
          ],
          [
            84.7097705,
            28.570819
          ],
          [
            84.7097357,
            28.5708484
          ],
          [
            84.7096606,
            28.5709497
          ],
          [
            84.7096633,
            28.5710345
          ],
          [
            84.7096324,
            28.571104
          ],
          [
            84.7096271,
            28.5711723
          ],
          [
            84.7095909,
            28.5712595
          ],
          [
            84.7095332,
            28.5713207
          ],
          [
            84.7095504,
            28.5714301
          ],
          [
            84.7094782,
            28.5714774
          ],
          [
            84.7094285,
            28.5714821
          ],
          [
            84.7093843,
            28.5714644
          ],
          [
            84.7093415,
            28.571447
          ],
          [
            84.7092743,
            28.5714185
          ],
          [
            84.7092073,
            28.5714067
          ],
          [
            84.7091523,
            28.571369
          ],
          [
            84.7090866,
            28.5713443
          ],
          [
            84.7089849,
            28.5713441
          ],
          [
            84.7086936,
            28.5713973
          ],
          [
            84.7084629,
            28.5714303
          ],
          [
            84.7082537,
            28.5714538
          ],
          [
            84.7080308,
            28.5715927
          ],
          [
            84.7078554,
            28.5717057
          ],
          [
            84.707787,
            28.5717341
          ],
          [
            84.7076449,
            28.5717059
          ],
          [
            84.7074518,
            28.571687
          ],
          [
            84.7072881,
            28.5717106
          ],
          [
            84.707145,
            28.571731
          ],
          [
            84.7069341,
            28.571793
          ],
          [
            84.706808,
            28.5718236
          ],
          [
            84.7066846,
            28.5718872
          ],
          [
            84.7066006,
            28.5719544
          ],
          [
            84.7065344,
            28.5720003
          ],
          [
            84.7064647,
            28.5719979
          ],
          [
            84.706403,
            28.5719862
          ],
          [
            84.7063413,
            28.5720027
          ],
          [
            84.7062904,
            28.5720474
          ],
          [
            84.7062716,
            28.5720898
          ],
          [
            84.7062448,
            28.5721251
          ],
          [
            84.7061375,
            28.5721463
          ],
          [
            84.7060597,
            28.5721699
          ],
          [
            84.7059587,
            28.5722191
          ],
          [
            84.7058505,
            28.5722264
          ],
          [
            84.7057191,
            28.5722123
          ],
          [
            84.7055876,
            28.5721628
          ],
          [
            84.705503,
            28.5721574
          ],
          [
            84.7054428,
            28.5721699
          ],
          [
            84.7053985,
            28.5721958
          ],
          [
            84.7054361,
            28.5722323
          ],
          [
            84.7054257,
            28.5722785
          ],
          [
            84.7054046,
            28.5723653
          ],
          [
            84.7053905,
            28.5724043
          ],
          [
            84.7052711,
            28.5724102
          ],
          [
            84.7051276,
            28.572422
          ],
          [
            84.70496,
            28.5724208
          ],
          [
            84.7048594,
            28.5724302
          ],
          [
            84.7047887,
            28.5724259
          ],
          [
            84.7046837,
            28.5723819
          ],
          [
            84.704551,
            28.572323
          ],
          [
            84.7044812,
            28.5722794
          ],
          [
            84.7044423,
            28.5722606
          ],
          [
            84.7044025,
            28.5722206
          ],
          [
            84.7043605,
            28.5722582
          ],
          [
            84.7043216,
            28.5723207
          ],
          [
            84.7042935,
            28.5723725
          ],
          [
            84.7042944,
            28.5724449
          ],
          [
            84.7043163,
            28.5725044
          ],
          [
            84.7042973,
            28.5725713
          ],
          [
            84.7042063,
            28.5726646
          ],
          [
            84.7041634,
            28.5727129
          ],
          [
            84.7041167,
            28.5727392
          ],
          [
            84.7039971,
            28.5727918
          ],
          [
            84.7038844,
            28.5728306
          ],
          [
            84.7038072,
            28.5728507
          ],
          [
            84.7037932,
            28.5728695
          ],
          [
            84.7037577,
            28.5728825
          ],
          [
            84.7037087,
            28.5728948
          ],
          [
            84.7036806,
            28.5729148
          ],
          [
            84.7036349,
            28.5729449
          ],
          [
            84.703576,
            28.5729879
          ],
          [
            84.703521,
            28.5730273
          ],
          [
            84.7034841,
            28.5730715
          ],
          [
            84.703411,
            28.5731345
          ],
          [
            84.7033212,
            28.5731745
          ],
          [
            84.7032541,
            28.5732063
          ],
          [
            84.7031964,
            28.5732393
          ],
          [
            84.7031777,
            28.5732629
          ],
          [
            84.7031294,
            28.5733018
          ],
          [
            84.7031066,
            28.5733359
          ],
          [
            84.7031213,
            28.5733548
          ],
          [
            84.7031482,
            28.5733771
          ],
          [
            84.7031656,
            28.5734101
          ],
          [
            84.7031079,
            28.5734867
          ],
          [
            84.7030208,
            28.5735821
          ],
          [
            84.7029255,
            28.5736515
          ],
          [
            84.7028759,
            28.5736975
          ],
          [
            84.7027836,
            28.5738003
          ],
          [
            84.702711,
            28.5738635
          ],
          [
            84.7026315,
            28.5739118
          ],
          [
            84.7025122,
            28.573973
          ],
          [
            84.7024079,
            28.574039
          ],
          [
            84.7023542,
            28.5740979
          ],
          [
            84.7023113,
            28.5741262
          ],
          [
            84.702251,
            28.5741556
          ],
          [
            84.7022121,
            28.5741674
          ],
          [
            84.7021562,
            28.5741843
          ],
          [
            84.7020887,
            28.5741874
          ],
          [
            84.7020177,
            28.5741869
          ],
          [
            84.701972,
            28.5741721
          ],
          [
            84.7019184,
            28.5741391
          ],
          [
            84.7018862,
            28.5741179
          ],
          [
            84.701836,
            28.5740552
          ],
          [
            84.70174,
            28.5740426
          ],
          [
            84.7016487,
            28.5740358
          ],
          [
            84.701508,
            28.5739907
          ],
          [
            84.701449,
            28.5739872
          ],
          [
            84.7013569,
            28.5739816
          ],
          [
            84.7012317,
            28.5739695
          ],
          [
            84.7011334,
            28.5739612
          ],
          [
            84.7009563,
            28.5740272
          ],
          [
            84.7007635,
            28.5740756
          ],
          [
            84.7007234,
            28.5741533
          ],
          [
            84.7007118,
            28.5742274
          ],
          [
            84.7006255,
            28.5743676
          ],
          [
            84.700529,
            28.5745066
          ],
          [
            84.7004567,
            28.5746241
          ],
          [
            84.7003935,
            28.5747033
          ],
          [
            84.7003452,
            28.5747897
          ],
          [
            84.7002728,
            28.5747987
          ],
          [
            84.7002205,
            28.5747798
          ],
          [
            84.6999928,
            28.574666
          ],
          [
            84.6999416,
            28.5747527
          ],
          [
            84.6998866,
            28.5748807
          ],
          [
            84.6998238,
            28.5751452
          ],
          [
            84.6998128,
            28.5752556
          ],
          [
            84.699754,
            28.5753549
          ],
          [
            84.6997337,
            28.5754252
          ],
          [
            84.6997188,
            28.5755869
          ],
          [
            84.6995381,
            28.5756528
          ],
          [
            84.6993496,
            28.5756432
          ],
          [
            84.6989743,
            28.5756761
          ],
          [
            84.6986949,
            28.5757821
          ],
          [
            84.6983769,
            28.5757752
          ],
          [
            84.6982861,
            28.5757836
          ],
          [
            84.6978966,
            28.5756981
          ],
          [
            84.6975177,
            28.5757913
          ],
          [
            84.6972705,
            28.576028
          ],
          [
            84.6974792,
            28.5760524
          ],
          [
            84.6971858,
            28.5763955
          ],
          [
            84.6967472,
            28.5767731
          ],
          [
            84.6964774,
            28.5768833
          ],
          [
            84.6960183,
            28.5771643
          ],
          [
            84.6956009,
            28.5768955
          ],
          [
            84.6954897,
            28.5766652
          ],
          [
            84.6950026,
            28.5765009
          ],
          [
            84.6945308,
            28.5764812
          ],
          [
            84.6937886,
            28.5762661
          ],
          [
            84.6931522,
            28.5760158
          ],
          [
            84.692924,
            28.5757095
          ],
          [
            84.6927191,
            28.5755822
          ],
          [
            84.6926035,
            28.575619
          ],
          [
            84.692451,
            28.5755088
          ],
          [
            84.6921338,
            28.5752237
          ],
          [
            84.6918053,
            28.5749947
          ],
          [
            84.6916577,
            28.5749311
          ],
          [
            84.6914072,
            28.5749189
          ],
          [
            84.6909452,
            28.5747453
          ],
          [
            84.6908886,
            28.5746422
          ],
          [
            84.6908701,
            28.5746085
          ],
          [
            84.6906891,
            28.5744251
          ],
          [
            84.6906335,
            28.5744862
          ],
          [
            84.6904693,
            28.5744154
          ],
          [
            84.6899209,
            28.5743371
          ],
          [
            84.6897289,
            28.5743029
          ],
          [
            84.6896231,
            28.5743249
          ],
          [
            84.6892863,
            28.5742736
          ],
          [
            84.6892195,
            28.5742296
          ],
          [
            84.6891165,
            28.5742369
          ],
          [
            84.6889328,
            28.5742296
          ],
          [
            84.6885348,
            28.5741
          ],
          [
            84.6884207,
            28.5741025
          ],
          [
            84.6875634,
            28.5740512
          ],
          [
            84.6868592,
            28.5740683
          ],
          [
            84.686759,
            28.5740585
          ],
          [
            84.6864056,
            28.5740512
          ],
          [
            84.6861829,
            28.5739754
          ],
          [
            84.686091,
            28.5739852
          ],
          [
            84.6860159,
            28.5739827
          ],
          [
            84.6858183,
            28.5739094
          ],
          [
            84.6855817,
            28.5738434
          ],
          [
            84.6854036,
            28.5738287
          ],
          [
            84.6852605,
            28.5738317
          ],
          [
            84.6852028,
            28.5738541
          ],
          [
            84.6851639,
            28.5738812
          ],
          [
            84.6851317,
            28.5739094
          ],
          [
            84.6850687,
            28.5739625
          ],
          [
            84.6850231,
            28.5740049
          ],
          [
            84.6849353,
            28.5740285
          ],
          [
            84.6848361,
            28.5740568
          ],
          [
            84.6847844,
            28.574092
          ],
          [
            84.6847049,
            28.5741297
          ],
          [
            84.6846262,
            28.5741391
          ],
          [
            84.6845242,
            28.5741533
          ],
          [
            84.6844512,
            28.5741622
          ],
          [
            84.6843365,
            28.5741277
          ],
          [
            84.6842319,
            28.5741085
          ],
          [
            84.684146,
            28.5741179
          ],
          [
            84.6841003,
            28.5741369
          ],
          [
            84.6840307,
            28.5741721
          ],
          [
            84.6839926,
            28.5742237
          ],
          [
            84.6839364,
            28.5742553
          ],
          [
            84.6839003,
            28.5743261
          ],
          [
            84.6838778,
            28.5743535
          ],
          [
            84.6838403,
            28.5744312
          ],
          [
            84.6838188,
            28.5744713
          ],
          [
            84.6837522,
            28.5745539
          ],
          [
            84.6836579,
            28.5745914
          ],
          [
            84.6835718,
            28.5746045
          ],
          [
            84.683505,
            28.574655
          ],
          [
            84.6834354,
            28.5746903
          ],
          [
            84.6833709,
            28.5747563
          ],
          [
            84.683328,
            28.5748222
          ],
          [
            84.6832877,
            28.5749047
          ],
          [
            84.6832488,
            28.5749541
          ],
          [
            84.6832046,
            28.5749965
          ],
          [
            84.6831416,
            28.5750307
          ],
          [
            84.6831,
            28.5750578
          ],
          [
            84.6830302,
            28.5750802
          ],
          [
            84.6829739,
            28.5751025
          ],
          [
            84.6829404,
            28.5751108
          ],
          [
            84.6828935,
            28.5751178
          ],
          [
            84.6828531,
            28.5751085
          ],
          [
            84.6827996,
            28.5751402
          ],
          [
            84.6827486,
            28.5751661
          ],
          [
            84.6827111,
            28.5751956
          ],
          [
            84.6827065,
            28.5752195
          ],
          [
            84.6826401,
            28.575279
          ],
          [
            84.682593,
            28.5753086
          ],
          [
            84.6825488,
            28.5753239
          ],
          [
            84.6825045,
            28.5753287
          ],
          [
            84.6824576,
            28.5753298
          ],
          [
            84.6824202,
            28.5753251
          ],
          [
            84.6823664,
            28.5753534
          ],
          [
            84.6823181,
            28.5753534
          ],
          [
            84.6822792,
            28.5753675
          ],
          [
            84.6822095,
            28.5754087
          ],
          [
            84.6821679,
            28.5754676
          ],
          [
            84.6820633,
            28.5755265
          ],
          [
            84.6820378,
            28.5755666
          ],
          [
            84.6819587,
            28.5756196
          ],
          [
            84.6818863,
            28.5756525
          ],
          [
            84.681803,
            28.5756707
          ],
          [
            84.6817227,
            28.5757173
          ],
          [
            84.681673,
            28.5757609
          ],
          [
            84.6816559,
            28.5757996
          ],
          [
            84.6816592,
            28.5758328
          ],
          [
            84.6816419,
            28.5758594
          ],
          [
            84.6816524,
            28.5758863
          ],
          [
            84.6816574,
            28.5759116
          ],
          [
            84.6815979,
            28.5759764
          ],
          [
            84.6815765,
            28.5760259
          ],
          [
            84.6816194,
            28.5760589
          ],
          [
            84.6816811,
            28.5760753
          ],
          [
            84.6816757,
            28.5761225
          ],
          [
            84.6816355,
            28.5761672
          ],
          [
            84.6815577,
            28.5762025
          ],
          [
            84.6814799,
            28.576219
          ],
          [
            84.6813619,
            28.5762614
          ],
          [
            84.6812144,
            28.5762944
          ],
          [
            84.6811071,
            28.5763439
          ],
          [
            84.681032,
            28.576391
          ],
          [
            84.6809391,
            28.5764596
          ],
          [
            84.6808013,
            28.5765606
          ],
          [
            84.6806967,
            28.5766006
          ],
          [
            84.6806109,
            28.5766642
          ],
          [
            84.680509,
            28.576709
          ],
          [
            84.6804205,
            28.5767278
          ],
          [
            84.6803239,
            28.5767372
          ],
          [
            84.6802461,
            28.5767655
          ],
          [
            84.6802193,
            28.5768197
          ],
          [
            84.6800932,
            28.5768173
          ],
          [
            84.6799811,
            28.5768146
          ],
          [
            84.6798518,
            28.5768715
          ],
          [
            84.6797875,
            28.5769045
          ],
          [
            84.6796748,
            28.5769492
          ],
          [
            84.6795595,
            28.5770034
          ],
          [
            84.6794307,
            28.5770411
          ],
          [
            84.6793228,
            28.577051
          ],
          [
            84.679141,
            28.5770364
          ],
          [
            84.6789962,
            28.5769657
          ],
          [
            84.6788996,
            28.576994
          ],
          [
            84.6787924,
            28.5769563
          ],
          [
            84.6786475,
            28.5769186
          ],
          [
            84.6785617,
            28.5769327
          ],
          [
            84.6784407,
            28.5768998
          ],
          [
            84.6784007,
            28.5768291
          ],
          [
            84.6781862,
            28.5767537
          ],
          [
            84.6781111,
            28.5766831
          ],
          [
            84.6780413,
            28.5766171
          ],
          [
            84.6779233,
            28.576603
          ],
          [
            84.6778053,
            28.5765323
          ],
          [
            84.6777543,
            28.5764333
          ],
          [
            84.6776444,
            28.5763533
          ],
          [
            84.6775317,
            28.5763132
          ],
          [
            84.6774244,
            28.5762261
          ],
          [
            84.6773735,
            28.5761578
          ],
          [
            84.6773332,
            28.5760848
          ],
          [
            84.6771401,
            28.5759246
          ],
          [
            84.6770596,
            28.5758893
          ],
          [
            84.6769363,
            28.575821
          ],
          [
            84.6769067,
            28.5757308
          ],
          [
            84.6768075,
            28.5756231
          ],
          [
            84.6765715,
            28.5755006
          ],
          [
            84.6764964,
            28.5754394
          ],
          [
            84.676314,
            28.575364
          ],
          [
            84.6761745,
            28.5752509
          ],
          [
            84.6761799,
            28.575185
          ],
          [
            84.6761309,
            28.5751073
          ],
          [
            84.6759492,
            28.5749918
          ],
          [
            84.6757883,
            28.5748599
          ],
          [
            84.6755791,
            28.5747233
          ],
          [
            84.6753913,
            28.5746291
          ],
          [
            84.6752357,
            28.5745537
          ],
          [
            84.6751151,
            28.5744877
          ],
          [
            84.6750158,
            28.5744265
          ],
          [
            84.6749005,
            28.5743912
          ],
          [
            84.6748146,
            28.5743511
          ],
          [
            84.6747422,
            28.5743252
          ],
          [
            84.6746779,
            28.5742931
          ],
          [
            84.6745759,
            28.5742498
          ],
          [
            84.6744955,
            28.5742216
          ],
          [
            84.6744579,
            28.5741862
          ],
          [
            84.6743399,
            28.5741438
          ],
          [
            84.6743238,
            28.5741085
          ],
          [
            84.6742702,
            28.5740543
          ],
          [
            84.674206,
            28.5740387
          ],
          [
            84.674179,
            28.5740108
          ],
          [
            84.6741186,
            28.5739872
          ],
          [
            84.674073,
            28.5739837
          ],
          [
            84.6740247,
            28.5739648
          ],
          [
            84.6739925,
            28.5739342
          ],
          [
            84.6739845,
            28.5739059
          ],
          [
            84.6739537,
            28.5738883
          ],
          [
            84.6739067,
            28.5738706
          ],
          [
            84.6738571,
            28.5738694
          ],
          [
            84.6738128,
            28.5738694
          ],
          [
            84.6737686,
            28.5738588
          ],
          [
            84.6737297,
            28.5738777
          ],
          [
            84.6737039,
            28.5738684
          ],
          [
            84.6736747,
            28.5738553
          ],
          [
            84.6736465,
            28.5738635
          ],
          [
            84.6736251,
            28.5738494
          ],
          [
            84.6735969,
            28.5738518
          ],
          [
            84.6735755,
            28.5738306
          ],
          [
            84.6735366,
            28.5738235
          ],
          [
            84.673503,
            28.5738423
          ],
          [
            84.6734829,
            28.5738553
          ],
          [
            84.6734822,
            28.5738716
          ],
          [
            84.6734796,
            28.5739042
          ],
          [
            84.6734688,
            28.5739212
          ],
          [
            84.6734413,
            28.5739271
          ],
          [
            84.6734105,
            28.5739354
          ],
          [
            84.6733354,
            28.5739707
          ],
          [
            84.6733119,
            28.5740378
          ],
          [
            84.6732757,
            28.5740561
          ],
          [
            84.673153,
            28.5740932
          ],
          [
            84.6731168,
            28.5741214
          ],
          [
            84.6730819,
            28.5741356
          ],
          [
            84.6730038,
            28.5741286
          ],
          [
            84.6728446,
            28.574092
          ],
          [
            84.6727788,
            28.5740873
          ],
          [
            84.6727266,
            28.5740943
          ],
          [
            84.6726503,
            28.5741256
          ],
          [
            84.6725857,
            28.5741415
          ],
          [
            84.6724918,
            28.5741603
          ],
          [
            84.6724221,
            28.5741792
          ],
          [
            84.6723401,
            28.5741674
          ],
          [
            84.6722411,
            28.5741428
          ],
          [
            84.672119,
            28.5741144
          ],
          [
            84.671997,
            28.5740932
          ],
          [
            84.6718937,
            28.5740779
          ],
          [
            84.6717864,
            28.574072
          ],
          [
            84.6717167,
            28.5740696
          ],
          [
            84.6716235,
            28.5740681
          ],
          [
            84.6714364,
            28.5740661
          ],
          [
            84.6713331,
            28.5740744
          ],
          [
            84.6712004,
            28.574059
          ],
          [
            84.6711038,
            28.5740626
          ],
          [
            84.6710046,
            28.5740673
          ],
          [
            84.6709424,
            28.5740659
          ],
          [
            84.6708544,
            28.574059
          ],
          [
            84.6708047,
            28.5740755
          ],
          [
            84.6707605,
            28.5740908
          ],
          [
            84.6707095,
            28.5740908
          ],
          [
            84.6706647,
            28.5740752
          ],
          [
            84.6705687,
            28.5740638
          ],
          [
            84.6705097,
            28.5740579
          ],
          [
            84.6704815,
            28.5740897
          ],
          [
            84.6704574,
            28.5741144
          ],
          [
            84.6704383,
            28.5741415
          ],
          [
            84.670051,
            28.5742852
          ],
          [
            84.6699652,
            28.5743299
          ],
          [
            84.669925,
            28.5743653
          ],
          [
            84.6698769,
            28.5744108
          ],
          [
            84.6698257,
            28.5744901
          ],
          [
            84.6698043,
            28.5745443
          ],
          [
            84.6697889,
            28.5745869
          ],
          [
            84.6697775,
            28.5746385
          ],
          [
            84.6697349,
            28.5746818
          ],
          [
            84.6696943,
            28.5747186
          ],
          [
            84.6696058,
            28.574728
          ],
          [
            84.6695307,
            28.5747257
          ],
          [
            84.6694476,
            28.5747344
          ],
          [
            84.6693563,
            28.5747516
          ],
          [
            84.6692196,
            28.5747186
          ],
          [
            84.6691203,
            28.5746785
          ],
          [
            84.6690077,
            28.5746621
          ],
          [
            84.6689138,
            28.5746102
          ],
          [
            84.6688119,
            28.5745678
          ],
          [
            84.6687207,
            28.574516
          ],
          [
            84.6686542,
            28.5744798
          ],
          [
            84.6685892,
            28.5744077
          ],
          [
            84.6685302,
            28.5743017
          ],
          [
            84.6684659,
            28.5742027
          ],
          [
            84.6683934,
            28.5741462
          ],
          [
            84.6683505,
            28.5740708
          ],
          [
            84.6683183,
            28.5740072
          ],
          [
            84.6682861,
            28.5739507
          ],
          [
            84.6682429,
            28.573909
          ],
          [
            84.6681789,
            28.5738989
          ],
          [
            84.6681279,
            28.57388
          ],
          [
            84.6680635,
            28.5738329
          ],
          [
            84.6680018,
            28.5737834
          ],
          [
            84.6679617,
            28.5737305
          ],
          [
            84.6679389,
            28.5736769
          ],
          [
            84.6679053,
            28.5736374
          ],
          [
            84.6678519,
            28.5735912
          ],
          [
            84.6678337,
            28.5735567
          ],
          [
            84.6678248,
            28.5735126
          ],
          [
            84.6677861,
            28.5734795
          ],
          [
            84.6677169,
            28.5734744
          ],
          [
            84.6676719,
            28.5734772
          ],
          [
            84.667633,
            28.573502
          ],
          [
            84.667608,
            28.5735228
          ],
          [
            84.6675684,
            28.5735639
          ],
          [
            84.6667452,
            28.5740174
          ],
          [
            84.6667157,
            28.5740579
          ],
          [
            84.6666808,
            28.5740944
          ],
          [
            84.6666558,
            28.5741641
          ],
          [
            84.6666178,
            28.5742098
          ],
          [
            84.6665548,
            28.5742169
          ],
          [
            84.6664757,
            28.5742852
          ],
          [
            84.6664162,
            28.5743194
          ],
          [
            84.6663469,
            28.5743653
          ],
          [
            84.666312,
            28.5744077
          ],
          [
            84.6662852,
            28.5744406
          ],
          [
            84.666216,
            28.5744617
          ],
          [
            84.666135,
            28.5744147
          ],
          [
            84.666068,
            28.57437
          ],
          [
            84.6659721,
            28.5743377
          ],
          [
            84.665962,
            28.574271
          ],
          [
            84.6659312,
            28.574231
          ],
          [
            84.6658775,
            28.5741768
          ],
          [
            84.6658279,
            28.5741497
          ],
          [
            84.6657679,
            28.5741285
          ],
          [
            84.6656776,
            28.5740994
          ],
          [
            84.6655865,
            28.5740414
          ],
          [
            84.6653962,
            28.5739507
          ],
          [
            84.6652418,
            28.5738942
          ],
          [
            84.6651131,
            28.5738541
          ],
          [
            84.66504,
            28.5738003
          ],
          [
            84.6649495,
            28.5737387
          ],
          [
            84.6648905,
            28.5736845
          ],
          [
            84.6648218,
            28.5736253
          ],
          [
            84.6646437,
            28.5734819
          ],
          [
            84.6645418,
            28.573383
          ],
          [
            84.6644593,
            28.5733181
          ],
          [
            84.6643862,
            28.5732487
          ],
          [
            84.6643299,
            28.5732063
          ],
          [
            84.6642813,
            28.5731742
          ],
          [
            84.6642253,
            28.5731781
          ],
          [
            84.6641466,
            28.5731615
          ],
          [
            84.6640885,
            28.5731121
          ],
          [
            84.6640348,
            28.5730697
          ],
          [
            84.6639678,
            28.5730179
          ],
          [
            84.6639329,
            28.5729873
          ],
          [
            84.6638659,
            28.5729355
          ],
          [
            84.6637934,
            28.5728907
          ],
          [
            84.6637264,
            28.5728601
          ],
          [
            84.6636566,
            28.5728306
          ],
          [
            84.6636285,
            28.5728141
          ],
          [
            84.6635802,
            28.5727882
          ],
          [
            84.6635306,
            28.572767
          ],
          [
            84.6634904,
            28.5727541
          ],
          [
            84.6634488,
            28.5727435
          ],
          [
            84.6634043,
            28.5727396
          ],
          [
            84.6633777,
            28.5727458
          ],
          [
            84.6633509,
            28.5727376
          ],
          [
            84.663316,
            28.5727423
          ],
          [
            84.6632677,
            28.5727341
          ],
          [
            84.6632248,
            28.5727223
          ],
          [
            84.6632114,
            28.5726952
          ],
          [
            84.6632382,
            28.5726775
          ],
          [
            84.6632624,
            28.5726493
          ],
          [
            84.6632627,
            28.5726095
          ],
          [
            84.6632396,
            28.5725833
          ],
          [
            84.6632074,
            28.5725868
          ],
          [
            84.6631765,
            28.5726021
          ],
          [
            84.663165,
            28.5726212
          ],
          [
            84.6631484,
            28.5726033
          ],
          [
            84.6631256,
            28.5725786
          ],
          [
            84.6631122,
            28.5725774
          ],
          [
            84.6630974,
            28.5725892
          ],
          [
            84.6630813,
            28.5726033
          ],
          [
            84.6630652,
            28.5725845
          ],
          [
            84.6630585,
            28.5725562
          ],
          [
            84.6630719,
            28.5725221
          ],
          [
            84.6630938,
            28.5724852
          ],
          [
            84.6630692,
            28.5724726
          ],
          [
            84.6630371,
            28.5724749
          ],
          [
            84.6630035,
            28.5724761
          ],
          [
            84.6629792,
            28.5724707
          ],
          [
            84.6629499,
            28.5724537
          ],
          [
            84.6629244,
            28.5724243
          ],
          [
            84.6629231,
            28.5724019
          ],
          [
            84.6629445,
            28.5723843
          ],
          [
            84.6629646,
            28.572376
          ],
          [
            84.6629727,
            28.5723619
          ],
          [
            84.6629579,
            28.5723419
          ],
          [
            84.6629264,
            28.5723159
          ],
          [
            84.6629177,
            28.5722806
          ],
          [
            84.662905,
            28.5722465
          ],
          [
            84.6628721,
            28.5722217
          ],
          [
            84.6628359,
            28.5722041
          ],
          [
            84.6628042,
            28.5722016
          ],
          [
            84.6627432,
            28.5722013
          ],
          [
            84.6620281,
            28.5730499
          ],
          [
            84.6619788,
            28.5729286
          ],
          [
            84.6618649,
            28.5730391
          ],
          [
            84.6618032,
            28.5731404
          ],
          [
            84.661696,
            28.5732558
          ],
          [
            84.6615875,
            28.5733435
          ],
          [
            84.6614894,
            28.5733901
          ],
          [
            84.6613955,
            28.573416
          ],
          [
            84.6611947,
            28.5734879
          ],
          [
            84.6609905,
            28.5735031
          ],
          [
            84.6608228,
            28.5735329
          ],
          [
            84.6607009,
            28.5736001
          ],
          [
            84.6606311,
            28.5736445
          ],
          [
            84.6604997,
            28.5736774
          ],
          [
            84.6603719,
            28.5736649
          ],
          [
            84.6602798,
            28.5736421
          ],
          [
            84.6601188,
            28.5735974
          ],
          [
            84.6599766,
            28.5735676
          ],
          [
            84.6598453,
            28.573595
          ],
          [
            84.6597084,
            28.5736233
          ],
          [
            84.6596346,
            28.5736381
          ],
          [
            84.6595207,
            28.5736421
          ],
          [
            84.6594214,
            28.5736091
          ],
          [
            84.6592486,
            28.5736059
          ],
          [
            84.6591806,
            28.5736098
          ],
          [
            84.659123,
            28.573678
          ],
          [
            84.6590728,
            28.573734
          ],
          [
            84.6590292,
            28.5737864
          ],
          [
            84.6589997,
            28.5738164
          ],
          [
            84.659001,
            28.5738495
          ],
          [
            84.6589702,
            28.5738971
          ],
          [
            84.6589313,
            28.5739177
          ],
          [
            84.658894,
            28.5739705
          ],
          [
            84.658834,
            28.5740237
          ],
          [
            84.6587858,
            28.574059
          ],
          [
            84.6587073,
            28.574093
          ],
          [
            84.6586771,
            28.5741485
          ],
          [
            84.6586919,
            28.5742322
          ],
          [
            84.6586946,
            28.5742899
          ],
          [
            84.6586664,
            28.5743264
          ],
          [
            84.658661,
            28.5743947
          ],
          [
            84.658649,
            28.5744383
          ],
          [
            84.658653,
            28.5745019
          ],
          [
            84.6586681,
            28.5745412
          ],
          [
            84.6586302,
            28.5745949
          ],
          [
            84.6585926,
            28.5746267
          ],
          [
            84.6585465,
            28.5746427
          ],
          [
            84.658476,
            28.5746291
          ],
          [
            84.6584237,
            28.5746267
          ],
          [
            84.6583294,
            28.5746338
          ],
          [
            84.6582265,
            28.574715
          ],
          [
            84.6580294,
            28.5749023
          ],
          [
            84.6578966,
            28.5749977
          ],
          [
            84.6578007,
            28.5750319
          ],
          [
            84.6577545,
            28.575059
          ],
          [
            84.6576982,
            28.5751214
          ],
          [
            84.6576579,
            28.5752002
          ],
          [
            84.6575841,
            28.5753216
          ],
          [
            84.6574259,
            28.575417
          ],
          [
            84.6573213,
            28.5754688
          ],
          [
            84.6571764,
            28.5756631
          ],
          [
            84.6571174,
            28.5757432
          ],
          [
            84.6570799,
            28.5757786
          ],
          [
            84.6570209,
            28.5758257
          ],
          [
            84.6569858,
            28.5758705
          ],
          [
            84.656919,
            28.5759529
          ],
          [
            84.6568358,
            28.5759929
          ],
          [
            84.6567634,
            28.5760494
          ],
          [
            84.6566722,
            28.5761036
          ],
          [
            84.6565461,
            28.5762025
          ],
          [
            84.6564227,
            28.5763038
          ],
          [
            84.656176,
            28.5764663
          ],
          [
            84.6559158,
            28.5766312
          ],
          [
            84.6557307,
            28.5767278
          ],
          [
            84.6555322,
            28.5768314
          ],
          [
            84.6554008,
            28.5769021
          ],
          [
            84.6553203,
            28.5769657
          ],
          [
            84.655264,
            28.5770246
          ],
          [
            84.6551621,
            28.5770528
          ],
          [
            84.6550816,
            28.5770552
          ],
          [
            84.6549689,
            28.5771342
          ],
          [
            84.6548483,
            28.5772154
          ],
          [
            84.6547276,
            28.5773002
          ],
          [
            84.6547276,
            28.5773496
          ],
          [
            84.6546659,
            28.5774062
          ],
          [
            84.6546122,
            28.5774486
          ],
          [
            84.6544513,
            28.5775357
          ],
          [
            84.6543923,
            28.5775734
          ],
          [
            84.6542958,
            28.5776394
          ],
          [
            84.6542555,
            28.5777053
          ],
          [
            84.6541777,
            28.5777312
          ],
          [
            84.6541294,
            28.5777689
          ],
          [
            84.6540302,
            28.5777948
          ],
          [
            84.6536225,
            28.5781387
          ],
          [
            84.6534964,
            28.5782565
          ],
          [
            84.6533623,
            28.5783389
          ],
          [
            84.6532497,
            28.5783954
          ],
          [
            84.6532148,
            28.5784249
          ],
          [
            84.6531438,
            28.5784626
          ],
          [
            84.653062,
            28.5784555
          ],
          [
            84.6530136,
            28.5784802
          ],
          [
            84.6529854,
            28.5785004
          ],
          [
            84.6529546,
            28.5785285
          ],
          [
            84.6528769,
            28.5785509
          ],
          [
            84.6528004,
            28.578538
          ],
          [
            84.6527038,
            28.578518
          ],
          [
            84.6525818,
            28.5785251
          ],
          [
            84.6524209,
            28.5785482
          ],
          [
            84.6522626,
            28.5785862
          ],
          [
            84.6521231,
            28.5786499
          ],
          [
            84.6519139,
            28.5787358
          ],
          [
            84.6517906,
            28.5787617
          ],
          [
            84.6516054,
            28.578836
          ],
          [
            84.651399,
            28.5788477
          ],
          [
            84.6512648,
            28.5789183
          ],
          [
            84.6511683,
            28.5790173
          ],
          [
            84.6510243,
            28.5791108
          ],
          [
            84.650892,
            28.5792387
          ],
          [
            84.6507472,
            28.5793824
          ],
          [
            84.6506318,
            28.5794978
          ],
          [
            84.6504762,
            28.5796215
          ],
          [
            84.6503421,
            28.5797604
          ],
          [
            84.6502979,
            28.5798747
          ],
          [
            84.6502657,
            28.5799289
          ],
          [
            84.6502349,
            28.5799995
          ],
          [
            84.6501638,
            28.5800831
          ],
          [
            84.6500847,
            28.5802185
          ],
          [
            84.6500686,
            28.5803268
          ],
          [
            84.6500458,
            28.5804141
          ],
          [
            84.6500324,
            28.5805024
          ],
          [
            84.649977,
            28.5805803
          ],
          [
            84.6499465,
            28.5806425
          ],
          [
            84.6498862,
            28.5806919
          ],
          [
            84.6497937,
            28.5807378
          ],
          [
            84.6496797,
            28.5807933
          ],
          [
            84.6494946,
            28.5808768
          ],
          [
            84.6493028,
            28.5809604
          ],
          [
            84.6491379,
            28.5810547
          ],
          [
            84.6490574,
            28.5811277
          ],
          [
            84.6489474,
            28.5812054
          ],
          [
            84.6488836,
            28.5812479
          ],
          [
            84.6488227,
            28.5812949
          ],
          [
            84.648769,
            28.5813974
          ],
          [
            84.6487722,
            28.581547
          ],
          [
            84.6487865,
            28.5816106
          ],
          [
            84.648791,
            28.5816633
          ],
          [
            84.6488039,
            28.5817059
          ],
          [
            84.6488142,
            28.5817258
          ],
          [
            84.6487864,
            28.5817554
          ],
          [
            84.6487301,
            28.5817884
          ],
          [
            84.6486537,
            28.5818319
          ],
          [
            84.6485249,
            28.5818556
          ],
          [
            84.6484056,
            28.5818744
          ],
          [
            84.6483023,
            28.5819049
          ],
          [
            84.6481803,
            28.5819193
          ],
          [
            84.6480677,
            28.5819462
          ],
          [
            84.6479912,
            28.5820369
          ],
          [
            84.6478608,
            28.5821468
          ],
          [
            84.6477739,
            28.5822182
          ],
          [
            84.6477243,
            28.5822477
          ],
          [
            84.6476559,
            28.5822924
          ],
          [
            84.6476144,
            28.5823584
          ],
          [
            84.6475392,
            28.5824491
          ],
          [
            84.6474756,
            28.5825119
          ],
          [
            84.6473756,
            28.582555
          ],
          [
            84.6472927,
            28.5826125
          ],
          [
            84.6471865,
            28.5827058
          ],
          [
            84.6470632,
            28.5827729
          ],
          [
            84.6469304,
            28.5828895
          ],
          [
            84.6468664,
            28.5829288
          ],
          [
            84.6468009,
            28.5829935
          ],
          [
            84.6467357,
            28.5830719
          ],
          [
            84.6466769,
            28.5831662
          ],
          [
            84.6466137,
            28.5832497
          ],
          [
            84.6464798,
            28.58339
          ],
          [
            84.6463252,
            28.5835384
          ],
          [
            84.6462169,
            28.5836514
          ],
          [
            84.6460828,
            28.5837551
          ],
          [
            84.6460225,
            28.5837998
          ],
          [
            84.6459562,
            28.5838426
          ],
          [
            84.6458307,
            28.5838646
          ],
          [
            84.6457502,
            28.5838693
          ],
          [
            84.6456543,
            28.5838776
          ],
          [
            84.6456067,
            28.5838952
          ],
          [
            84.6455222,
            28.5839105
          ],
          [
            84.6454404,
            28.5839129
          ],
          [
            84.6453439,
            28.5839564
          ],
          [
            84.6452755,
            28.5839729
          ],
          [
            84.6452031,
            28.5840045
          ],
          [
            84.6450536,
            28.5841331
          ],
          [
            84.6449866,
            28.5842661
          ],
          [
            84.6446467,
            28.5844505
          ],
          [
            84.6445245,
            28.5845299
          ],
          [
            84.6444145,
            28.5845924
          ],
          [
            84.6443224,
            28.5846602
          ],
          [
            84.6442576,
            28.5846901
          ],
          [
            84.6441972,
            28.5847584
          ],
          [
            84.644158,
            28.5848154
          ],
          [
            84.6440189,
            28.5848951
          ],
          [
            84.6438874,
            28.5849362
          ],
          [
            84.643811,
            28.5849457
          ],
          [
            84.6437466,
            28.584988
          ],
          [
            84.6436737,
            28.585034
          ],
          [
            84.6435763,
            28.585094
          ],
          [
            84.6435025,
            28.5851482
          ],
          [
            84.6434073,
            28.5852318
          ],
          [
            84.6433577,
            28.5852836
          ],
          [
            84.6432747,
            28.5853521
          ],
          [
            84.6432129,
            28.5853908
          ],
          [
            84.6431217,
            28.5854261
          ],
          [
            84.6430385,
            28.5854685
          ],
          [
            84.6429701,
            28.5855227
          ],
          [
            84.6429098,
            28.5855792
          ],
          [
            84.6428172,
            28.5856322
          ],
          [
            84.6427113,
            28.5856781
          ],
          [
            84.6426362,
            28.5857064
          ],
          [
            84.6425866,
            28.5857288
          ],
          [
            84.6425227,
            28.585764
          ],
          [
            84.6424766,
            28.5858124
          ],
          [
            84.6424431,
            28.5858666
          ],
          [
            84.6424229,
            28.5859066
          ],
          [
            84.6423608,
            28.5859551
          ],
          [
            84.642325,
            28.5860244
          ],
          [
            84.6422634,
            28.5860962
          ],
          [
            84.6421963,
            28.5861586
          ],
          [
            84.6421561,
            28.5862198
          ],
          [
            84.6421078,
            28.5862823
          ],
          [
            84.6420595,
            28.5863082
          ],
          [
            84.6420094,
            28.5863435
          ],
          [
            84.6419536,
            28.5863776
          ],
          [
            84.6418919,
            28.586453
          ],
          [
            84.641849,
            28.5865508
          ],
          [
            84.6417886,
            28.5866579
          ],
          [
            84.6417027,
            28.586738
          ],
          [
            84.6416452,
            28.5868393
          ],
          [
            84.6416106,
            28.5869049
          ],
          [
            84.641576,
            28.586971
          ],
          [
            84.6415511,
            28.5870229
          ],
          [
            84.6415377,
            28.5870318
          ],
          [
            84.6415164,
            28.5871125
          ],
          [
            84.6414323,
            28.5873007
          ],
          [
            84.6414198,
            28.587335
          ],
          [
            84.6414185,
            28.5873869
          ],
          [
            84.6414144,
            28.5874528
          ],
          [
            84.6413836,
            28.5875576
          ],
          [
            84.6413351,
            28.5876485
          ],
          [
            84.6413058,
            28.5877425
          ],
          [
            84.6412656,
            28.5878214
          ],
          [
            84.6412294,
            28.5879109
          ],
          [
            84.6411715,
            28.587975
          ],
          [
            84.6411395,
            28.5880169
          ],
          [
            84.6411221,
            28.5880451
          ],
          [
            84.641087,
            28.5881365
          ],
          [
            84.6410846,
            28.5882006
          ],
          [
            84.641102,
            28.5883089
          ],
          [
            84.6411288,
            28.5883878
          ],
          [
            84.6411703,
            28.5885185
          ],
          [
            84.6411302,
            28.5886245
          ],
          [
            84.6411823,
            28.5887576
          ],
          [
            84.6412065,
            28.5888931
          ],
          [
            84.6412643,
            28.5890556
          ],
          [
            84.641279,
            28.5892051
          ],
          [
            84.6413233,
            28.5893523
          ],
          [
            84.6413299,
            28.5894701
          ],
          [
            84.6413448,
            28.5895642
          ],
          [
            84.6413648,
            28.5896219
          ],
          [
            84.6413299,
            28.5896796
          ],
          [
            84.6413112,
            28.589755
          ],
          [
            84.6412843,
            28.5898174
          ],
          [
            84.6412468,
            28.5898527
          ],
          [
            84.641216,
            28.5898869
          ],
          [
            84.6411891,
            28.5899717
          ],
          [
            84.641169,
            28.59004
          ],
          [
            84.6411527,
            28.5900943
          ],
          [
            84.6411636,
            28.5901436
          ],
          [
            84.6411798,
            28.5902095
          ],
          [
            84.6412066,
            28.5902919
          ],
          [
            84.6413125,
            28.5904309
          ],
          [
            84.6413554,
            28.5904922
          ],
          [
            84.6414144,
            28.5905652
          ],
          [
            84.6414372,
            28.5906206
          ],
          [
            84.6414601,
            28.5906853
          ],
          [
            84.6414587,
            28.5907147
          ],
          [
            84.641457,
            28.5907558
          ],
          [
            84.641456,
            28.5907924
          ],
          [
            84.6414574,
            28.5908337
          ],
          [
            84.6414292,
            28.5908867
          ],
          [
            84.641405,
            28.5909349
          ],
          [
            84.6413965,
            28.5909795
          ],
          [
            84.6413997,
            28.5910444
          ],
          [
            84.6414037,
            28.5911092
          ],
          [
            84.6414131,
            28.591174
          ],
          [
            84.6414252,
            28.5912128
          ],
          [
            84.641439,
            28.5912653
          ],
          [
            84.6414439,
            28.5913059
          ],
          [
            84.6414305,
            28.5913341
          ],
          [
            84.641397,
            28.5913659
          ],
          [
            84.6413583,
            28.5913841
          ],
          [
            84.6413541,
            28.5914366
          ],
          [
            84.6413889,
            28.5914919
          ],
          [
            84.6414158,
            28.5915531
          ],
          [
            84.6414479,
            28.5916003
          ],
          [
            84.6414627,
            28.591678
          ],
          [
            84.6415029,
            28.5917546
          ],
          [
            84.6415244,
            28.5918087
          ],
          [
            84.6415365,
            28.5918899
          ],
          [
            84.6415449,
            28.5919492
          ],
          [
            84.6415713,
            28.5919888
          ],
          [
            84.6415807,
            28.5920371
          ],
          [
            84.6415941,
            28.5920643
          ],
          [
            84.6415874,
            28.5921384
          ],
          [
            84.6416035,
            28.592189
          ],
          [
            84.6416236,
            28.592255
          ],
          [
            84.6416532,
            28.5923303
          ],
          [
            84.6416559,
            28.592368
          ],
          [
            84.6416693,
            28.5924163
          ],
          [
            84.6416921,
            28.5924598
          ],
          [
            84.6416934,
            28.592494
          ],
          [
            84.64168,
            28.5925329
          ],
          [
            84.6416639,
            28.59256
          ],
          [
            84.6416585,
            28.5925906
          ],
          [
            84.6416639,
            28.5926212
          ],
          [
            84.6416669,
            28.5926628
          ],
          [
            84.6416518,
            28.5927189
          ],
          [
            84.641633,
            28.5927813
          ],
          [
            84.6416089,
            28.5928532
          ],
          [
            84.6415821,
            28.5929321
          ],
          [
            84.6415418,
            28.5930404
          ],
          [
            84.641515,
            28.5931111
          ],
          [
            84.6414921,
            28.5931822
          ],
          [
            84.6414748,
            28.5932359
          ],
          [
            84.6414386,
            28.593303
          ],
          [
            84.6414144,
            28.5933583
          ],
          [
            84.6414064,
            28.5934207
          ],
          [
            84.6413956,
            28.5934762
          ],
          [
            84.6413755,
            28.5935526
          ],
          [
            84.6413742,
            28.5935927
          ],
          [
            84.6413514,
            28.5936421
          ],
          [
            84.6413232,
            28.5936716
          ],
          [
            84.6412924,
            28.5936881
          ],
          [
            84.6412575,
            28.5937198
          ],
          [
            84.6412441,
            28.5937705
          ],
          [
            84.6412571,
            28.5938108
          ],
          [
            84.641287,
            28.5939047
          ],
          [
            84.641279,
            28.5939942
          ],
          [
            84.641287,
            28.5940743
          ],
          [
            84.6412643,
            28.5941261
          ],
          [
            84.6412696,
            28.5942027
          ],
          [
            84.6412803,
            28.5942721
          ],
          [
            84.6412696,
            28.5943286
          ],
          [
            84.6412629,
            28.5943875
          ],
          [
            84.6412447,
            28.5944481
          ],
          [
            84.6412066,
            28.5945076
          ],
          [
            84.6411181,
            28.5945641
          ],
          [
            84.641051,
            28.5946313
          ],
          [
            84.6410299,
            28.5946387
          ],
          [
            84.6410014,
            28.5947125
          ],
          [
            84.6409839,
            28.5947572
          ],
          [
            84.6409658,
            28.5948197
          ],
          [
            84.6408644,
            28.5949288
          ],
          [
            84.6407479,
            28.5949833
          ],
          [
            84.6406583,
            28.5951063
          ],
          [
            84.6407203,
            28.5954343
          ],
          [
            84.6407259,
            28.5956904
          ],
          [
            84.6407273,
            28.5958865
          ],
          [
            84.6406996,
            28.5959583
          ],
          [
            84.6407006,
            28.5959955
          ],
          [
            84.6406728,
            28.5960855
          ],
          [
            84.640654,
            28.5961538
          ],
          [
            84.6406648,
            28.5961938
          ],
          [
            84.640654,
            28.5962621
          ],
          [
            84.6406513,
            28.5963139
          ],
          [
            84.6406272,
            28.596361
          ],
          [
            84.6405938,
            28.5964025
          ],
          [
            84.640536,
            28.5964646
          ],
          [
            84.6404834,
            28.5965213
          ],
          [
            84.6403868,
            28.5965955
          ],
          [
            84.6403456,
            28.5966813
          ],
          [
            84.6403099,
            28.5967485
          ],
          [
            84.6402812,
            28.5968132
          ],
          [
            84.640308,
            28.5968874
          ],
          [
            84.6403107,
            28.5969639
          ],
          [
            84.6403281,
            28.597051
          ],
          [
            84.6403241,
            28.5971017
          ],
          [
            84.6403154,
            28.5971405
          ],
          [
            84.6403308,
            28.5971641
          ],
          [
            84.6403845,
            28.5971947
          ],
          [
            84.6404327,
            28.5972065
          ],
          [
            84.6404757,
            28.5972088
          ],
          [
            84.6405407,
            28.5972201
          ],
          [
            84.6405358,
            28.5972951
          ],
          [
            84.6405615,
            28.5973189
          ],
          [
            84.6405984,
            28.597339
          ],
          [
            84.6406433,
            28.5973537
          ],
          [
            84.640674,
            28.5973541
          ],
          [
            84.6406849,
            28.5973643
          ],
          [
            84.6406808,
            28.5973878
          ],
          [
            84.6406715,
            28.597402
          ],
          [
            84.6406574,
            28.5974134
          ],
          [
            84.6406554,
            28.5974255
          ],
          [
            84.6406594,
            28.5974667
          ],
          [
            84.6406205,
            28.597502
          ],
          [
            84.6406014,
            28.5975397
          ],
          [
            84.640584,
            28.5975795
          ],
          [
            84.6405759,
            28.5976277
          ],
          [
            84.6405772,
            28.5976719
          ],
          [
            84.6405588,
            28.5978082
          ],
          [
            84.6405306,
            28.5979283
          ],
          [
            84.6405146,
            28.5980001
          ],
          [
            84.6405159,
            28.5980672
          ],
          [
            84.6405065,
            28.5981238
          ],
          [
            84.6404991,
            28.5981732
          ],
          [
            84.6404529,
            28.5982439
          ],
          [
            84.6403992,
            28.5983098
          ],
          [
            84.6403375,
            28.598404
          ],
          [
            84.6402839,
            28.5985006
          ],
          [
            84.640249,
            28.5985571
          ],
          [
            84.6402222,
            28.5986065
          ],
          [
            84.6402061,
            28.5986466
          ],
          [
            84.6402494,
            28.5987361
          ],
          [
            84.6403214,
            28.5988691
          ],
          [
            84.640359,
            28.5989869
          ],
          [
            84.6404073,
            28.59918
          ],
          [
            84.6404368,
            28.5992906
          ],
          [
            84.6405119,
            28.5993519
          ],
          [
            84.6405762,
            28.5994131
          ],
          [
            84.6406178,
            28.5995355
          ],
          [
            84.6406111,
            28.5996415
          ],
          [
            84.640646,
            28.59987
          ],
          [
            84.6407269,
            28.6000682
          ],
          [
            84.6407452,
            28.600202
          ],
          [
            84.6407284,
            28.6003188
          ],
          [
            84.6408335,
            28.60044
          ],
          [
            84.6410131,
            28.6005419
          ],
          [
            84.6410444,
            28.6006075
          ],
          [
            84.6411094,
            28.6007437
          ],
          [
            84.641197,
            28.6012282
          ],
          [
            84.6411327,
            28.6016577
          ],
          [
            84.6410065,
            28.6019606
          ],
          [
            84.6408641,
            28.6022027
          ],
          [
            84.640853,
            28.6022343
          ],
          [
            84.6408485,
            28.6022955
          ],
          [
            84.6407908,
            28.6023591
          ],
          [
            84.6407492,
            28.6023956
          ],
          [
            84.6407023,
            28.6024839
          ],
          [
            84.6406768,
            28.602531
          ],
          [
            84.6406673,
            28.602586
          ],
          [
            84.6406782,
            28.6027194
          ],
          [
            84.6406567,
            28.6028171
          ],
          [
            84.6406117,
            28.6028971
          ],
          [
            84.6405387,
            28.6032775
          ],
          [
            84.6404636,
            28.6037155
          ],
          [
            84.6404046,
            28.6040193
          ],
          [
            84.6403751,
            28.6041464
          ],
          [
            84.6403563,
            28.6042065
          ],
          [
            84.6403409,
            28.6042454
          ],
          [
            84.6403067,
            28.6042877
          ],
          [
            84.640249,
            28.6043348
          ],
          [
            84.6401793,
            28.604376
          ],
          [
            84.6401149,
            28.6044149
          ],
          [
            84.6400291,
            28.6044443
          ],
          [
            84.639958,
            28.6044879
          ],
          [
            84.6399097,
            28.6045362
          ],
          [
            84.6398748,
            28.6045786
          ],
          [
            84.6398304,
            28.6046209
          ],
          [
            84.6397836,
            28.604668
          ],
          [
            84.6397501,
            28.6047198
          ],
          [
            84.6397179,
            28.6047834
          ],
          [
            84.6396978,
            28.6048494
          ],
          [
            84.6396562,
            28.6049365
          ],
          [
            84.6396026,
            28.6050342
          ],
          [
            84.6395342,
            28.605119
          ],
          [
            84.6394873,
            28.6051991
          ],
          [
            84.6394712,
            28.6052414
          ],
          [
            84.6394458,
            28.6053001
          ],
          [
            84.6393907,
            28.6055358
          ],
          [
            84.6393344,
            28.6057501
          ],
          [
            84.6392539,
            28.6059832
          ],
          [
            84.6391439,
            28.6060868
          ],
          [
            84.6391144,
            28.6061904
          ],
          [
            84.6390876,
            28.6063765
          ],
          [
            84.6390501,
            28.6065225
          ],
          [
            84.6390089,
            28.606682
          ],
          [
            84.6389347,
            28.6068922
          ],
          [
            84.6388972,
            28.6071771
          ],
          [
            84.638814,
            28.6076292
          ],
          [
            84.6387309,
            28.6080978
          ],
          [
            84.6387008,
            28.6082769
          ],
          [
            84.6387014,
            28.6087006
          ],
          [
            84.6386746,
            28.6089031
          ],
          [
            84.6386906,
            28.6089479
          ],
          [
            84.6387041,
            28.6090279
          ],
          [
            84.6387094,
            28.6091103
          ],
          [
            84.6387362,
            28.6091975
          ],
          [
            84.6387443,
            28.609334
          ],
          [
            84.6387336,
            28.6095012
          ],
          [
            84.6387175,
            28.6096331
          ],
          [
            84.638696,
            28.6097626
          ],
          [
            84.6387067,
            28.6098097
          ],
          [
            84.638688,
            28.6099274
          ],
          [
            84.6386585,
            28.6100169
          ],
          [
            84.6386451,
            28.6102053
          ],
          [
            84.6386451,
            28.6103277
          ],
          [
            84.6386316,
            28.6104243
          ],
          [
            84.6386285,
            28.6104947
          ],
          [
            84.6385941,
            28.6105491
          ],
          [
            84.6385686,
            28.610595
          ],
          [
            84.6385686,
            28.6106609
          ],
          [
            84.6385847,
            28.6107162
          ],
          [
            84.6385673,
            28.6108799
          ],
          [
            84.6385659,
            28.6109835
          ],
          [
            84.6385324,
            28.6110953
          ],
          [
            84.638519,
            28.6112555
          ],
          [
            84.6384855,
            28.6114203
          ],
          [
            84.6384493,
            28.6115545
          ],
          [
            84.6384627,
            28.6116511
          ],
          [
            84.638467,
            28.6117273
          ],
          [
            84.6384653,
            28.61187
          ],
          [
            84.6384975,
            28.6119477
          ],
          [
            84.6384814,
            28.6120396
          ],
          [
            84.6385136,
            28.6120914
          ],
          [
            84.6385565,
            28.6122091
          ],
          [
            84.6385807,
            28.6123527
          ],
          [
            84.6386021,
            28.6124893
          ],
          [
            84.6386397,
            28.6125929
          ],
          [
            84.6386075,
            28.6126471
          ],
          [
            84.6385941,
            28.6127483
          ],
          [
            84.6386316,
            28.6128802
          ],
          [
            84.6386397,
            28.6129579
          ],
          [
            84.638637,
            28.6130356
          ],
          [
            84.6386826,
            28.6131345
          ],
          [
            84.6387336,
            28.6132169
          ],
          [
            84.638763,
            28.613294
          ],
          [
            84.6387684,
            28.61341
          ],
          [
            84.6387765,
            28.6134994
          ],
          [
            84.6388033,
            28.6135913
          ],
          [
            84.6388583,
            28.6137125
          ],
          [
            84.6388811,
            28.6138362
          ],
          [
            84.6388851,
            28.6139515
          ],
          [
            84.6388838,
            28.6140481
          ],
          [
            84.6389027,
            28.614179
          ],
          [
            84.6389052,
            28.6143189
          ],
          [
            84.6389294,
            28.6144978
          ],
          [
            84.6389267,
            28.6146203
          ],
          [
            84.6389401,
            28.6147286
          ],
          [
            84.6389562,
            28.6148416
          ],
          [
            84.6389789,
            28.6149136
          ],
          [
            84.6389535,
            28.6150323
          ],
          [
            84.638916,
            28.6151077
          ],
          [
            84.6389374,
            28.6151971
          ],
          [
            84.6389508,
            28.6153172
          ],
          [
            84.6389294,
            28.6154397
          ],
          [
            84.6388945,
            28.6155385
          ],
          [
            84.6388406,
            28.615647
          ],
          [
            84.638806,
            28.615807
          ],
          [
            84.6387309,
            28.6159153
          ],
          [
            84.6387175,
            28.6159718
          ],
          [
            84.6386772,
            28.6160142
          ],
          [
            84.6386504,
            28.6161484
          ],
          [
            84.6386091,
            28.6162401
          ],
          [
            84.6386026,
            28.6163563
          ],
          [
            84.6386424,
            28.6165133
          ],
          [
            84.6386599,
            28.6166781
          ],
          [
            84.6386585,
            28.6168124
          ],
          [
            84.6386732,
            28.6169326
          ],
          [
            84.6387389,
            28.6170431
          ],
          [
            84.6387738,
            28.6171514
          ],
          [
            84.638814,
            28.6172221
          ],
          [
            84.6388033,
            28.6172927
          ],
          [
            84.6388596,
            28.617321
          ],
          [
            84.6389066,
            28.6174199
          ],
          [
            84.6389911,
            28.6175211
          ],
          [
            84.6390823,
            28.6176671
          ],
          [
            84.6392244,
            28.6178649
          ],
          [
            84.6394266,
            28.6181296
          ],
          [
            84.6395677,
            28.6183805
          ],
          [
            84.6396643,
            28.6185547
          ],
          [
            84.6397989,
            28.6187086
          ],
          [
            84.6397984,
            28.6188043
          ],
          [
            84.6397823,
            28.6188844
          ],
          [
            84.6398145,
            28.6189668
          ],
          [
            84.6398305,
            28.6190457
          ],
          [
            84.6398494,
            28.619141
          ],
          [
            84.6398547,
            28.6192069
          ],
          [
            84.6398382,
            28.6192599
          ],
          [
            84.6398118,
            28.6193976
          ],
          [
            84.6398118,
            28.6195201
          ],
          [
            84.6397662,
            28.619626
          ],
          [
            84.6397555,
            28.619692
          ],
          [
            84.639726,
            28.6198097
          ],
          [
            84.639667,
            28.6199227
          ],
          [
            84.6396831,
            28.6199674
          ],
          [
            84.639667,
            28.6200428
          ],
          [
            84.6396348,
            28.6201158
          ],
          [
            84.6395999,
            28.6201511
          ],
          [
            84.6396106,
            28.6202288
          ],
          [
            84.6395825,
            28.6202888
          ],
          [
            84.6395584,
            28.6203318
          ],
          [
            84.6395074,
            28.6203712
          ],
          [
            84.6394323,
            28.6204171
          ],
          [
            84.6394014,
            28.6204654
          ],
          [
            84.6393411,
            28.6205054
          ],
          [
            84.6392807,
            28.6205525
          ],
          [
            84.6392378,
            28.6205984
          ],
          [
            84.63922,
            28.6206234
          ],
          [
            84.639215,
            28.6206726
          ],
          [
            84.6392164,
            28.6207538
          ],
          [
            84.6392485,
            28.6209304
          ],
          [
            84.6392781,
            28.6210599
          ],
          [
            84.6393076,
            28.6211776
          ],
          [
            84.6393183,
            28.6212765
          ],
          [
            84.6393254,
            28.6214184
          ],
          [
            84.6393424,
            28.6217521
          ],
          [
            84.6393585,
            28.6219923
          ],
          [
            84.6393505,
            28.6221477
          ],
          [
            84.6393585,
            28.622275
          ],
          [
            84.639329,
            28.6224702
          ],
          [
            84.6392727,
            28.6226256
          ],
          [
            84.6392781,
            28.6227551
          ],
          [
            84.6392783,
            28.6228528
          ],
          [
            84.6393129,
            28.6229788
          ],
          [
            84.6393397,
            28.6231083
          ],
          [
            84.6393317,
            28.6232378
          ],
          [
            84.6393263,
            28.6233178
          ],
          [
            84.6393103,
            28.623416
          ],
          [
            84.6392673,
            28.6235156
          ],
          [
            84.6391869,
            28.6236427
          ],
          [
            84.6391788,
            28.6237181
          ],
          [
            84.6391466,
            28.6237746
          ],
          [
            84.6390742,
            28.6238334
          ],
          [
            84.6390393,
            28.6239111
          ],
          [
            84.6390259,
            28.6240029
          ],
          [
            84.6389606,
            28.6241143
          ],
          [
            84.6388999,
            28.6242031
          ],
          [
            84.6388462,
            28.6243055
          ],
          [
            84.6388382,
            28.6244361
          ],
          [
            84.6388167,
            28.6245233
          ],
          [
            84.6387792,
            28.6246245
          ],
          [
            84.6387148,
            28.624754
          ],
          [
            84.6387182,
            28.6248166
          ],
          [
            84.6387094,
            28.624907
          ],
          [
            84.638696,
            28.62498
          ],
          [
            84.6386222,
            28.625053
          ],
          [
            84.6385592,
            28.6251236
          ],
          [
            84.6384814,
            28.6251791
          ],
          [
            84.6384519,
            28.6252461
          ],
          [
            84.6384653,
            28.6253049
          ],
          [
            84.6384707,
            28.6253567
          ],
          [
            84.6385119,
            28.6254237
          ],
          [
            84.6385539,
            28.6254933
          ],
          [
            84.6385975,
            28.6255913
          ],
          [
            84.6386209,
            28.6256604
          ],
          [
            84.6386277,
            28.6257675
          ],
          [
            84.6386209,
            28.6258558
          ],
          [
            84.6386129,
            28.6259312
          ],
          [
            84.6386424,
            28.6259818
          ],
          [
            84.6386611,
            28.6260677
          ],
          [
            84.6386499,
            28.6261339
          ],
          [
            84.6386397,
            28.6261996
          ],
          [
            84.6386316,
            28.6262843
          ],
          [
            84.6386155,
            28.6263361
          ],
          [
            84.6385739,
            28.6263808
          ],
          [
            84.6385512,
            28.6264256
          ],
          [
            84.6385376,
            28.6264765
          ],
          [
            84.638578,
            28.6265457
          ],
          [
            84.6386411,
            28.6265963
          ],
          [
            84.6386799,
            28.6266587
          ],
          [
            84.6386451,
            28.626774
          ],
          [
            84.6385807,
            28.6268646
          ],
          [
            84.6385297,
            28.626953
          ],
          [
            84.6385056,
            28.6270754
          ],
          [
            84.6384788,
            28.6271437
          ],
          [
            84.6384792,
            28.627195
          ],
          [
            84.6384573,
            28.627272
          ],
          [
            84.6384519,
            28.6273555
          ],
          [
            84.6384144,
            28.6274203
          ],
          [
            84.6384251,
            28.6274839
          ],
          [
            84.6384224,
            28.6275651
          ],
          [
            84.6384063,
            28.627664
          ],
          [
            84.6383929,
            28.6277346
          ],
          [
            84.6383702,
            28.6277923
          ],
          [
            84.6383581,
            28.6278758
          ],
          [
            84.6383876,
            28.6279347
          ],
          [
            84.6384063,
            28.6280454
          ],
          [
            84.6384171,
            28.6281231
          ],
          [
            84.6384009,
            28.6281996
          ],
          [
            84.6383741,
            28.6282667
          ],
          [
            84.63835,
            28.6283279
          ],
          [
            84.6383245,
            28.6283903
          ],
          [
            84.638342,
            28.6284527
          ],
          [
            84.6383661,
            28.6285021
          ],
          [
            84.6383634,
            28.6285774
          ],
          [
            84.6383567,
            28.6286504
          ],
          [
            84.6383446,
            28.6287234
          ],
          [
            84.6383219,
            28.6287751
          ],
          [
            84.6383165,
            28.628814
          ],
          [
            84.6383312,
            28.6288858
          ],
          [
            84.638291,
            28.629012
          ],
          [
            84.6383205,
            28.6290506
          ],
          [
            84.6383393,
            28.629126
          ],
          [
            84.6383407,
            28.6291919
          ],
          [
            84.6383473,
            28.629279
          ],
          [
            84.6382964,
            28.6293661
          ],
          [
            84.6382608,
            28.6294469
          ],
          [
            84.638181,
            28.6295756
          ],
          [
            84.638122,
            28.6296745
          ],
          [
            84.6380738,
            28.6297428
          ],
          [
            84.6380818,
            28.6298087
          ],
          [
            84.6380416,
            28.6298864
          ],
          [
            84.6380174,
            28.6300041
          ],
          [
            84.638004,
            28.6300677
          ],
          [
            84.6379691,
            28.630136
          ],
          [
            84.6379477,
            28.6302278
          ],
          [
            84.637923,
            28.6303093
          ],
          [
            84.6378404,
            28.6303596
          ],
          [
            84.6378149,
            28.6304185
          ],
          [
            84.6378082,
            28.630502
          ],
          [
            84.637776,
            28.6305927
          ],
          [
            84.6377184,
            28.6306612
          ],
          [
            84.637658,
            28.6307292
          ],
          [
            84.6375883,
            28.6308046
          ],
          [
            84.6375373,
            28.6308799
          ],
          [
            84.6374837,
            28.6309576
          ],
          [
            84.6374139,
            28.6310753
          ],
          [
            84.6373978,
            28.6311554
          ],
          [
            84.637371,
            28.631233
          ],
          [
            84.6373388,
            28.6312895
          ],
          [
            84.6373039,
            28.6313349
          ],
          [
            84.6372852,
            28.6314143
          ],
          [
            84.6372959,
            28.6315085
          ],
          [
            84.637312,
            28.6315909
          ],
          [
            84.6372689,
            28.6316858
          ],
          [
            84.637202,
            28.6317981
          ],
          [
            84.6371108,
            28.6319158
          ],
          [
            84.6370786,
            28.6319746
          ],
          [
            84.637025,
            28.6320759
          ],
          [
            84.6369955,
            28.6321182
          ],
          [
            84.6369284,
            28.6321535
          ],
          [
            84.6368721,
            28.6321818
          ],
          [
            84.6368426,
            28.6322595
          ],
          [
            84.6368045,
            28.6323116
          ],
          [
            84.6367621,
            28.6323725
          ],
          [
            84.6367541,
            28.6324455
          ],
          [
            84.636738,
            28.6325232
          ],
          [
            84.63673,
            28.6326008
          ],
          [
            84.6367139,
            28.6326597
          ],
          [
            84.636687,
            28.6327327
          ],
          [
            84.6366522,
            28.6327915
          ],
          [
            84.6366253,
            28.632848
          ],
          [
            84.6366032,
            28.6328958
          ],
          [
            84.6366079,
            28.6329587
          ],
          [
            84.6366247,
            28.6329904
          ],
          [
            84.6366253,
            28.6330234
          ],
          [
            84.63662,
            28.6330658
          ],
          [
            84.6365945,
            28.6330999
          ],
          [
            84.6365667,
            28.6331438
          ],
          [
            84.636565,
            28.6331953
          ],
          [
            84.6365623,
            28.6332494
          ],
          [
            84.6365717,
            28.6332954
          ],
          [
            84.6365932,
            28.6333565
          ],
          [
            84.6366106,
            28.633413
          ],
          [
            84.6366098,
            28.6334883
          ],
          [
            84.6366253,
            28.6335566
          ],
          [
            84.6366361,
            28.6336014
          ],
          [
            84.6366146,
            28.6336508
          ],
          [
            84.6365824,
            28.6336979
          ],
          [
            84.6365797,
            28.6337403
          ],
          [
            84.636581,
            28.6337779
          ],
          [
            84.6365958,
            28.6338297
          ],
          [
            84.6365851,
            28.6338627
          ],
          [
            84.636561,
            28.6338956
          ],
          [
            84.6365663,
            28.6339333
          ],
          [
            84.6365958,
            28.6339569
          ],
          [
            84.6365824,
            28.6339769
          ],
          [
            84.6365637,
            28.6339827
          ],
          [
            84.6365502,
            28.6340016
          ],
          [
            84.6365549,
            28.6340257
          ],
          [
            84.6365549,
            28.6340616
          ],
          [
            84.6365623,
            28.634091
          ],
          [
            84.6365684,
            28.6341252
          ],
          [
            84.6365677,
            28.6341593
          ],
          [
            84.636569,
            28.6341905
          ],
          [
            84.6365597,
            28.6342152
          ],
          [
            84.6365429,
            28.634237
          ],
          [
            84.6365127,
            28.6342682
          ],
          [
            84.6364973,
            28.6343035
          ],
          [
            84.6364725,
            28.6343453
          ],
          [
            84.6364711,
            28.6343794
          ],
          [
            84.6364792,
            28.634403
          ],
          [
            84.6364885,
            28.6344406
          ],
          [
            84.6364872,
            28.6344842
          ],
          [
            84.6364765,
            28.634556
          ],
          [
            84.6364644,
            28.6346125
          ],
          [
            84.6364604,
            28.634669
          ],
          [
            84.6364322,
            28.6347125
          ],
          [
            84.6364242,
            28.6347714
          ],
          [
            84.6363732,
            28.6348044
          ],
          [
            84.6363839,
            28.634875
          ],
          [
            84.6363874,
            28.6349223
          ],
          [
            84.6363974,
            28.6349538
          ],
          [
            84.6363799,
            28.6349997
          ],
          [
            84.6363826,
            28.6350315
          ],
          [
            84.6363732,
            28.6350551
          ],
          [
            84.636333,
            28.6350963
          ],
          [
            84.6363156,
            28.6351422
          ],
          [
            84.6363156,
            28.6351692
          ],
          [
            84.6363303,
            28.6351845
          ],
          [
            84.6363249,
            28.6352305
          ],
          [
            84.6363223,
            28.6352716
          ],
          [
            84.6363156,
            28.6353011
          ],
          [
            84.6362906,
            28.6353292
          ],
          [
            84.6362632,
            28.6353623
          ],
          [
            84.6362834,
            28.6354153
          ],
          [
            84.6362726,
            28.6354635
          ],
          [
            84.6362661,
            28.6355061
          ],
          [
            84.6362592,
            28.6355494
          ],
          [
            84.6362294,
            28.6355283
          ],
          [
            84.6360788,
            28.6356595
          ],
          [
            84.6360353,
            28.6357201
          ],
          [
            84.6360151,
            28.6357884
          ],
          [
            84.6360165,
            28.635879
          ],
          [
            84.635987,
            28.6359414
          ],
          [
            84.6359759,
            28.6359965
          ],
          [
            84.6359279,
            28.6361239
          ],
          [
            84.6358757,
            28.6362474
          ],
          [
            84.6358569,
            28.6363522
          ],
          [
            84.6358113,
            28.6363946
          ],
          [
            84.6357779,
            28.6364511
          ],
          [
            84.6357241,
            28.6365323
          ],
          [
            84.6356839,
            28.6366477
          ],
          [
            84.6356464,
            28.6368148
          ],
          [
            84.6356142,
            28.6369419
          ],
          [
            84.6356114,
            28.6370479
          ],
          [
            84.6355927,
            28.6371608
          ],
          [
            84.6355659,
            28.6372409
          ],
          [
            84.6355618,
            28.6373362
          ],
          [
            84.6355391,
            28.6374339
          ],
          [
            84.6355283,
            28.6375022
          ],
          [
            84.6355041,
            28.6376458
          ],
          [
            84.6354747,
            28.6377293
          ],
          [
            84.6354533,
            28.6378365
          ],
          [
            84.6354183,
            28.6379777
          ],
          [
            84.6353996,
            28.638093
          ],
          [
            84.6353459,
            28.6382202
          ],
          [
            84.6352735,
            28.6383438
          ],
          [
            84.6352199,
            28.6384321
          ],
          [
            84.6351649,
            28.6385391
          ],
          [
            84.6351174,
            28.6386092
          ],
          [
            84.6349691,
            28.638804
          ],
          [
            84.6348846,
            28.638957
          ],
          [
            84.6347947,
            28.6390429
          ],
          [
            84.6347451,
            28.6391194
          ],
          [
            84.6346888,
            28.6391642
          ],
          [
            84.6346512,
            28.6392489
          ],
          [
            84.6345976,
            28.6393266
          ],
          [
            84.6345574,
            28.639416
          ],
          [
            84.6345252,
            28.6394632
          ],
          [
            84.634434,
            28.6395573
          ],
          [
            84.6344305,
            28.6396324
          ],
          [
            84.6344233,
            28.639755
          ],
          [
            84.634434,
            28.6398245
          ],
          [
            84.6344581,
            28.6399021
          ],
          [
            84.6344929,
            28.6399739
          ],
          [
            84.6345252,
            28.640081
          ],
          [
            84.6345533,
            28.6401658
          ],
          [
            84.6345628,
            28.6402435
          ],
          [
            84.6345413,
            28.6403177
          ],
          [
            84.634556,
            28.6403789
          ],
          [
            84.6345547,
            28.6404447
          ],
          [
            84.6345118,
            28.6405225
          ],
          [
            84.6344559,
            28.6406105
          ],
          [
            84.6344045,
            28.6407225
          ],
          [
            84.6343696,
            28.6408143
          ],
          [
            84.6343454,
            28.6408862
          ],
          [
            84.634324,
            28.6410285
          ],
          [
            84.6343079,
            28.6411133
          ],
          [
            84.6342896,
            28.6411999
          ],
          [
            84.6342463,
            28.641351
          ],
          [
            84.6342489,
            28.6414358
          ],
          [
            84.6342155,
            28.6415052
          ],
          [
            84.6342194,
            28.6415888
          ],
          [
            84.6341923,
            28.6416687
          ],
          [
            84.6341872,
            28.6417489
          ],
          [
            84.6342248,
            28.6418077
          ],
          [
            84.6342422,
            28.6418654
          ],
          [
            84.6342851,
            28.6418878
          ],
          [
            84.6343469,
            28.6419266
          ],
          [
            84.6344501,
            28.6419807
          ],
          [
            84.6344528,
            28.6420067
          ],
          [
            84.634468,
            28.642054
          ],
          [
            84.6344559,
            28.6421886
          ],
          [
            84.6344662,
            28.6422797
          ],
          [
            84.6344273,
            28.6423738
          ],
          [
            84.6344085,
            28.6424209
          ],
          [
            84.6344193,
            28.6424563
          ],
          [
            84.6344112,
            28.6425021
          ],
          [
            84.6343844,
            28.6425668
          ],
          [
            84.6343254,
            28.6426281
          ],
          [
            84.6343173,
            28.6426622
          ],
          [
            84.6342878,
            28.6427222
          ],
          [
            84.6342353,
            28.6427984
          ],
          [
            84.6342328,
            28.6429058
          ],
          [
            84.6342718,
            28.642953
          ],
          [
            84.6342731,
            28.6430035
          ],
          [
            84.6342797,
            28.6430906
          ],
          [
            84.6342864,
            28.6431615
          ],
          [
            84.6342677,
            28.6432354
          ],
          [
            84.6342422,
            28.6433284
          ],
          [
            84.6342691,
            28.6433621
          ],
          [
            84.6342536,
            28.643406
          ],
          [
            84.634214,
            28.643459
          ],
          [
            84.6341886,
            28.6434908
          ],
          [
            84.6341792,
            28.6435285
          ],
          [
            84.6341483,
            28.6435626
          ],
          [
            84.6341389,
            28.6436038
          ],
          [
            84.6341175,
            28.6436474
          ],
          [
            84.6341027,
            28.6436909
          ],
          [
            84.6340893,
            28.643745
          ],
          [
            84.6341403,
            28.6436968
          ],
          [
            84.6341953,
            28.6436697
          ],
          [
            84.6342087,
            28.6437027
          ],
          [
            84.6342851,
            28.6436839
          ],
          [
            84.6342771,
            28.6437274
          ],
          [
            84.6342708,
            28.6437677
          ],
          [
            84.6342717,
            28.6438098
          ],
          [
            84.6342315,
            28.6438286
          ],
          [
            84.6341765,
            28.6438427
          ],
          [
            84.6341792,
            28.643878
          ],
          [
            84.6341845,
            28.6439275
          ],
          [
            84.6341778,
            28.6439616
          ],
          [
            84.6341577,
            28.644004
          ],
          [
            84.6340786,
            28.6440781
          ],
          [
            84.6340437,
            28.6441146
          ],
          [
            84.6340437,
            28.6441405
          ],
          [
            84.6340115,
            28.6441664
          ],
          [
            84.6339957,
            28.6442078
          ],
          [
            84.6340129,
            28.6442959
          ],
          [
            84.6340021,
            28.6444206
          ],
          [
            84.6339552,
            28.6445124
          ],
          [
            84.6339378,
            28.6445783
          ],
          [
            84.6339324,
            28.6446243
          ],
          [
            84.633919,
            28.6446878
          ],
          [
            84.6338841,
            28.6447572
          ],
          [
            84.6338265,
            28.6448302
          ],
          [
            84.6337433,
            28.6449067
          ],
          [
            84.6336521,
            28.6449915
          ],
          [
            84.6336132,
            28.6450456
          ],
          [
            84.6335803,
            28.6451153
          ],
          [
            84.6335247,
            28.6451751
          ],
          [
            84.6334791,
            28.6452433
          ],
          [
            84.6334617,
            28.6453116
          ],
          [
            84.6334349,
            28.6453681
          ],
          [
            84.6333933,
            28.6454152
          ],
          [
            84.6333289,
            28.6454881
          ],
          [
            84.6332927,
            28.6455199
          ],
          [
            84.6331921,
            28.6455799
          ],
          [
            84.6330513,
            28.6456682
          ],
          [
            84.63294,
            28.6457647
          ],
          [
            84.6328515,
            28.6458612
          ],
          [
            84.6327059,
            28.6459354
          ],
          [
            84.632653,
            28.6460637
          ],
          [
            84.6326503,
            28.6462261
          ],
          [
            84.6326289,
            28.6463414
          ],
          [
            84.6325833,
            28.6464026
          ],
          [
            84.6325645,
            28.6465533
          ],
          [
            84.6325591,
            28.6466616
          ],
          [
            84.6325806,
            28.6467651
          ],
          [
            84.6325833,
            28.6468428
          ],
          [
            84.6325564,
            28.6468969
          ],
          [
            84.6325645,
            28.6469393
          ],
          [
            84.6325511,
            28.646984
          ],
          [
            84.6325269,
            28.6470311
          ],
          [
            84.6325197,
            28.6470636
          ],
          [
            84.6325645,
            28.6471159
          ],
          [
            84.6326181,
            28.6471912
          ],
          [
            84.6326771,
            28.6473065
          ],
          [
            84.6326825,
            28.6473913
          ],
          [
            84.6327208,
            28.6474527
          ],
          [
            84.6327549,
            28.6475278
          ],
          [
            84.6327978,
            28.6475913
          ],
          [
            84.6327844,
            28.6476596
          ],
          [
            84.6327522,
            28.6477232
          ],
          [
            84.6327375,
            28.6478008
          ],
          [
            84.632712,
            28.6478997
          ],
          [
            84.6326959,
            28.6479797
          ],
          [
            84.6326637,
            28.6480268
          ],
          [
            84.6326342,
            28.648088
          ],
          [
            84.6326213,
            28.6481528
          ],
          [
            84.6326128,
            28.6482222
          ],
          [
            84.6325967,
            28.6482834
          ],
          [
            84.6326181,
            28.6483375
          ],
          [
            84.6326449,
            28.6483916
          ],
          [
            84.632661,
            28.6484481
          ],
          [
            84.6326578,
            28.648502
          ],
          [
            84.6326517,
            28.6485788
          ],
          [
            84.632712,
            28.6487
          ],
          [
            84.632704,
            28.648813
          ],
          [
            84.6326932,
            28.6488836
          ],
          [
            84.6327496,
            28.6489683
          ],
          [
            84.6327514,
            28.6490541
          ],
          [
            84.6327823,
            28.6491223
          ],
          [
            84.632831,
            28.6491919
          ],
          [
            84.6328917,
            28.6493214
          ],
          [
            84.6328877,
            28.6493449
          ],
          [
            84.6329533,
            28.6494144
          ],
          [
            84.6329923,
            28.6494862
          ],
          [
            84.6329939,
            28.6495528
          ],
          [
            84.6329919,
            28.649592
          ],
          [
            84.632936,
            28.6496952
          ],
          [
            84.6329695,
            28.6497345
          ],
          [
            84.6330017,
            28.6497757
          ],
          [
            84.6330585,
            28.649862
          ],
          [
            84.6330943,
            28.6499558
          ],
          [
            84.633109,
            28.6500323
          ],
          [
            84.6331618,
            28.6501291
          ],
          [
            84.6332406,
            28.6501814
          ],
          [
            84.633248,
            28.6502752
          ],
          [
            84.6332218,
            28.650358
          ],
          [
            84.6332166,
            28.6504303
          ],
          [
            84.6332203,
            28.650462
          ],
          [
            84.6332223,
            28.6505202
          ],
          [
            84.6332632,
            28.6505477
          ],
          [
            84.6332444,
            28.6505795
          ],
          [
            84.6332354,
            28.6506941
          ],
          [
            84.6332659,
            28.6507278
          ],
          [
            84.6332694,
            28.6507717
          ],
          [
            84.6333523,
            28.6509346
          ],
          [
            84.6334784,
            28.6510979
          ],
          [
            84.6335328,
            28.6511739
          ],
          [
            84.6335905,
            28.6513084
          ],
          [
            84.6336119,
            28.6514316
          ],
          [
            84.6336454,
            28.6515104
          ],
          [
            84.6336332,
            28.6515871
          ],
          [
            84.6336079,
            28.6516823
          ],
          [
            84.6335019,
            28.6518058
          ],
          [
            84.6334657,
            28.6519059
          ],
          [
            84.633345,
            28.652033
          ],
          [
            84.633243,
            28.6521153
          ],
          [
            84.6331635,
            28.6522014
          ],
          [
            84.6330674,
            28.6523249
          ],
          [
            84.6330285,
            28.652419
          ],
          [
            84.6329733,
            28.6525214
          ],
          [
            84.6328796,
            28.652605
          ],
          [
            84.6327066,
            28.652765
          ],
          [
            84.6325551,
            28.6528885
          ],
          [
            84.6324384,
            28.6530522
          ],
          [
            84.6323545,
            28.653191
          ],
          [
            84.632256,
            28.6532781
          ],
          [
            84.6320844,
            28.6533864
          ],
          [
            84.6319771,
            28.6535041
          ],
          [
            84.6318403,
            28.6535888
          ],
          [
            84.6316914,
            28.6537041
          ],
          [
            84.6315372,
            28.6538383
          ],
          [
            84.6314299,
            28.6539678
          ],
          [
            84.6313629,
            28.6540549
          ],
          [
            84.6312931,
            28.6541184
          ],
          [
            84.6312261,
            28.6541608
          ],
          [
            84.6311295,
            28.6542243
          ],
          [
            84.6310795,
            28.6542895
          ],
          [
            84.6310329,
            28.6543797
          ],
          [
            84.6309739,
            28.6544856
          ],
          [
            84.6308747,
            28.6545939
          ],
          [
            84.6308023,
            28.6546739
          ],
          [
            84.6307325,
            28.6547351
          ],
          [
            84.6306576,
            28.6548509
          ],
          [
            84.6305528,
            28.654921
          ],
          [
            84.6304697,
            28.6550034
          ],
          [
            84.6303942,
            28.6550562
          ],
          [
            84.6302743,
            28.6551486
          ],
          [
            84.6301329,
            28.6551877
          ],
          [
            84.6299199,
            28.6553265
          ],
          [
            84.6298394,
            28.6554318
          ],
          [
            84.6297884,
            28.6555141
          ],
          [
            84.6297106,
            28.6556012
          ],
          [
            84.6296223,
            28.6556871
          ],
          [
            84.6294726,
            28.6556957
          ],
          [
            84.6292396,
            28.6557209
          ],
          [
            84.6288967,
            28.6558943
          ],
          [
            84.6286188,
            28.6559604
          ],
          [
            84.6285391,
            28.6559475
          ],
          [
            84.6284053,
            28.6560345
          ],
          [
            84.6282004,
            28.6561176
          ],
          [
            84.6279866,
            28.6562766
          ],
          [
            84.6278889,
            28.6562912
          ],
          [
            84.6278138,
            28.6562803
          ],
          [
            84.6277683,
            28.6562876
          ],
          [
            84.6277145,
            28.6562879
          ],
          [
            84.6276477,
            28.6563322
          ],
          [
            84.6275509,
            28.6564477
          ],
          [
            84.6274475,
            28.6565447
          ],
          [
            84.6274361,
            28.6565945
          ],
          [
            84.6274039,
            28.6566392
          ],
          [
            84.627353,
            28.6567357
          ],
          [
            84.6273369,
            28.6567804
          ],
          [
            84.6273181,
            28.6568299
          ],
          [
            84.6272913,
            28.6568699
          ],
          [
            84.6272631,
            28.6568969
          ],
          [
            84.6272269,
            28.6569781
          ],
          [
            84.6271759,
            28.6570158
          ],
          [
            84.6271411,
            28.6570252
          ],
          [
            84.6270874,
            28.6570276
          ],
          [
            84.627066,
            28.6570629
          ],
          [
            84.6270418,
            28.6571076
          ],
          [
            84.6270257,
            28.6571617
          ],
          [
            84.6270016,
            28.6571994
          ],
          [
            84.6269748,
            28.6572441
          ],
          [
            84.6269453,
            28.6572841
          ],
          [
            84.6269285,
            28.6573114
          ],
          [
            84.6268634,
            28.6573582
          ],
          [
            84.6268433,
            28.6574159
          ],
          [
            84.6267816,
            28.6574653
          ],
          [
            84.6267548,
            28.6575054
          ],
          [
            84.6267548,
            28.6575359
          ],
          [
            84.6267588,
            28.6575701
          ],
          [
            84.6267736,
            28.6576007
          ],
          [
            84.6267655,
            28.6576254
          ],
          [
            84.6267243,
            28.6576376
          ],
          [
            84.6263292,
            28.6577373
          ],
          [
            84.6263055,
            28.6577348
          ],
          [
            84.6262841,
            28.6576937
          ],
          [
            84.6262693,
            28.6576701
          ],
          [
            84.6262479,
            28.6576207
          ],
          [
            84.6262157,
            28.6575877
          ],
          [
            84.6261727,
            28.6575783
          ],
          [
            84.626134,
            28.6575584
          ],
          [
            84.6261017,
            28.6575865
          ],
          [
            84.6260896,
            28.6576089
          ],
          [
            84.6260614,
            28.6576042
          ],
          [
            84.6259904,
            28.6575677
          ],
          [
            84.6259435,
            28.6575925
          ],
          [
            84.6259247,
            28.6576181
          ],
          [
            84.6259247,
            28.6576642
          ],
          [
            84.6258455,
            28.6578101
          ],
          [
            84.6258281,
            28.6578631
          ],
          [
            84.6258161,
            28.6579396
          ],
          [
            84.625803,
            28.6579944
          ],
          [
            84.6257786,
            28.6580396
          ],
          [
            84.625753,
            28.6580749
          ],
          [
            84.6256511,
            28.6580961
          ],
          [
            84.6256095,
            28.6581608
          ],
          [
            84.625533,
            28.658182
          ],
          [
            84.6254594,
            28.6581785
          ],
          [
            84.6253816,
            28.6582078
          ],
          [
            84.6252756,
            28.6582727
          ],
          [
            84.6252059,
            28.6583209
          ],
          [
            84.6251388,
            28.658353
          ],
          [
            84.6250878,
            28.6583621
          ],
          [
            84.6250342,
            28.6583822
          ],
          [
            84.6249698,
            28.6584127
          ],
          [
            84.6248883,
            28.658416
          ],
          [
            84.6247687,
            28.6584457
          ],
          [
            84.6246506,
            28.6584692
          ],
          [
            84.6244147,
            28.6584723
          ],
          [
            84.6243449,
            28.6584739
          ],
          [
            84.6241754,
            28.6584902
          ],
          [
            84.6241102,
            28.6585033
          ],
          [
            84.6240095,
            28.6585021
          ],
          [
            84.623905,
            28.6585174
          ],
          [
            84.6236984,
            28.6585244
          ],
          [
            84.6236153,
            28.6584903
          ],
          [
            84.6236005,
            28.6584586
          ],
          [
            84.6235442,
            28.6584162
          ],
          [
            84.6234718,
            28.6584068
          ],
          [
            84.6234251,
            28.6583607
          ],
          [
            84.6233189,
            28.6583409
          ],
          [
            84.6232465,
            28.6583079
          ],
          [
            84.6231633,
            28.6582679
          ],
          [
            84.6230936,
            28.6582444
          ],
          [
            84.6230158,
            28.6582279
          ],
          [
            84.6229514,
            28.6582279
          ],
          [
            84.6228871,
            28.6582256
          ],
          [
            84.6228102,
            28.6582243
          ],
          [
            84.6227556,
            28.6581856
          ],
          [
            84.6226537,
            28.6581761
          ],
          [
            84.6225357,
            28.658155
          ],
          [
            84.622407,
            28.6581408
          ],
          [
            84.6222983,
            28.6581149
          ],
          [
            84.6222058,
            28.6580867
          ],
          [
            84.622077,
            28.6580773
          ],
          [
            84.6220073,
            28.6580608
          ],
          [
            84.621892,
            28.6580585
          ],
          [
            84.621833,
            28.6580467
          ],
          [
            84.6217383,
            28.6580382
          ],
          [
            84.621613,
            28.6580326
          ],
          [
            84.6215245,
            28.6579949
          ],
          [
            84.6214494,
            28.6579949
          ],
          [
            84.6214119,
            28.6580208
          ],
          [
            84.6213126,
            28.6579926
          ],
          [
            84.6212321,
            28.658009
          ],
          [
            84.6211812,
            28.6580232
          ],
          [
            84.6211503,
            28.6580208
          ],
          [
            84.6211249,
            28.6580061
          ],
          [
            84.6210893,
            28.6579908
          ],
          [
            84.6210612,
            28.6579867
          ],
          [
            84.6210256,
            28.6579661
          ],
          [
            84.6209854,
            28.6579578
          ],
          [
            84.6209143,
            28.6579631
          ],
          [
            84.6208587,
            28.6579655
          ],
          [
            84.6207983,
            28.657959
          ],
          [
            84.6207648,
            28.6579608
          ],
          [
            84.6207118,
            28.6579608
          ],
          [
            84.6206394,
            28.6579708
          ],
          [
            84.6205965,
            28.6579708
          ],
          [
            84.6205629,
            28.6579684
          ],
          [
            84.6205247,
            28.6579678
          ],
          [
            84.6204959,
            28.6579725
          ],
          [
            84.6204489,
            28.6579643
          ],
          [
            84.6203899,
            28.6579867
          ],
          [
            84.6203484,
            28.6579984
          ],
          [
            84.6202961,
            28.6580102
          ],
          [
            84.6202573,
            28.6580333
          ],
          [
            84.6201955,
            28.6580573
          ],
          [
            84.6201298,
            28.6580867
          ],
          [
            84.620052,
            28.6581291
          ],
          [
            84.6199903,
            28.6581361
          ],
          [
            84.6199366,
            28.6581432
          ],
          [
            84.6198602,
            28.6581526
          ],
          [
            84.6197797,
            28.6581526
          ],
          [
            84.6196952,
            28.6581667
          ],
          [
            84.6196242,
            28.6581773
          ],
          [
            84.6195772,
            28.6581891
          ],
          [
            84.619537,
            28.6581997
          ],
          [
            84.6194896,
            28.6581991
          ],
          [
            84.619431,
            28.6582067
          ],
          [
            84.6193868,
            28.6581973
          ],
          [
            84.6193586,
            28.6581703
          ],
          [
            84.6193224,
            28.658162
          ],
          [
            84.6192889,
            28.6581655
          ],
          [
            84.61925,
            28.6581738
          ],
          [
            84.6192044,
            28.658175
          ],
          [
            84.6191561,
            28.6581773
          ],
          [
            84.6191065,
            28.6581644
          ],
          [
            84.6190394,
            28.6581432
          ],
          [
            84.618904,
            28.6581267
          ],
          [
            84.6188235,
            28.6581197
          ],
          [
            84.6187243,
            28.6580867
          ],
          [
            84.6186385,
            28.6580679
          ],
          [
            84.6185567,
            28.6580396
          ],
          [
            84.6184722,
            28.6580302
          ],
          [
            84.6183917,
            28.6580184
          ],
          [
            84.6183166,
            28.6579902
          ],
          [
            84.6182495,
            28.6580067
          ],
          [
            84.6181583,
            28.6580232
          ],
          [
            84.6180645,
            28.6580184
          ],
          [
            84.6179599,
            28.6580184
          ],
          [
            84.6178767,
            28.658002
          ],
          [
            84.6178204,
            28.6580043
          ],
          [
            84.6177531,
            28.6580145
          ],
          [
            84.617697,
            28.6580514
          ],
          [
            84.6176541,
            28.6581055
          ],
          [
            84.6176138,
            28.6581491
          ],
          [
            84.6175817,
            28.658195
          ],
          [
            84.6175347,
            28.6582373
          ],
          [
            84.6174924,
            28.6582627
          ],
          [
            84.6174221,
            28.6582834
          ],
          [
            84.6173872,
            28.6582868
          ],
          [
            84.6173497,
            28.6582832
          ],
          [
            84.6173282,
            28.6582573
          ],
          [
            84.6173054,
            28.6582314
          ],
          [
            84.6172914,
            28.658203
          ],
          [
            84.6172665,
            28.658175
          ],
          [
            84.617229,
            28.6581608
          ],
          [
            84.6171914,
            28.6581608
          ],
          [
            84.6171552,
            28.6581644
          ],
          [
            84.6171283,
            28.6581902
          ],
          [
            84.6170922,
            28.6582267
          ],
          [
            84.6170452,
            28.6582573
          ],
          [
            84.6169929,
            28.6582985
          ],
          [
            84.616942,
            28.6583279
          ],
          [
            84.6168815,
            28.6583458
          ],
          [
            84.6168078,
            28.6583421
          ],
          [
            84.6167341,
            28.6583338
          ],
          [
            84.6166697,
            28.6583091
          ],
          [
            84.6166281,
            28.6582821
          ],
          [
            84.6165369,
            28.6582809
          ],
          [
            84.6164484,
            28.6582679
          ],
          [
            84.6163854,
            28.658262
          ],
          [
            84.6163371,
            28.6582703
          ],
          [
            84.6162848,
            28.6582738
          ],
          [
            84.6162537,
            28.6582718
          ],
          [
            84.6162325,
            28.6582409
          ],
          [
            84.6162043,
            28.6582067
          ],
          [
            84.6161936,
            28.6581761
          ],
          [
            84.6161795,
            28.6581439
          ],
          [
            84.6161185,
            28.6581161
          ],
          [
            84.61603,
            28.6580879
          ],
          [
            84.6159594,
            28.6580672
          ],
          [
            84.6159039,
            28.6580585
          ],
          [
            84.6158302,
            28.6580443
          ],
          [
            84.6157779,
            28.6580467
          ],
          [
            84.6157162,
            28.6580561
          ],
          [
            84.6156625,
            28.6580537
          ],
          [
            84.6156174,
            28.6580459
          ],
          [
            84.6155687,
            28.6580549
          ],
          [
            84.6155325,
            28.6580655
          ],
          [
            84.6154954,
            28.658075
          ],
          [
            84.615452,
            28.6580749
          ],
          [
            84.6153997,
            28.6580726
          ],
          [
            84.6152114,
            28.6581982
          ],
          [
            84.6151155,
            28.6582182
          ],
          [
            84.6150569,
            28.658225
          ],
          [
            84.6150346,
            28.6581943
          ],
          [
            84.6150273,
            28.658148
          ],
          [
            84.6151857,
            28.6580335
          ],
          [
            84.6153355,
            28.6578377
          ],
          [
            84.6154402,
            28.6577114
          ],
          [
            84.6154895,
            28.6576654
          ],
          [
            84.615511,
            28.657623
          ],
          [
            84.6155217,
            28.6575813
          ],
          [
            84.6155418,
            28.6575512
          ],
          [
            84.6155344,
            28.6575233
          ],
          [
            84.6154989,
            28.6575089
          ],
          [
            84.615458,
            28.6575177
          ],
          [
            84.6154234,
            28.6575294
          ],
          [
            84.6153742,
            28.6575395
          ],
          [
            84.615344,
            28.6575501
          ],
          [
            84.6152977,
            28.6575559
          ],
          [
            84.6151999,
            28.6575697
          ],
          [
            84.615161,
            28.657583
          ],
          [
            84.6151073,
            28.6575665
          ],
          [
            84.6150483,
            28.6575689
          ],
          [
            84.6150041,
            28.6575465
          ],
          [
            84.6149759,
            28.6575324
          ],
          [
            84.6149236,
            28.6575171
          ],
          [
            84.614827,
            28.6574959
          ],
          [
            84.6146634,
            28.6574759
          ],
          [
            84.6145789,
            28.6574665
          ],
          [
            84.614536,
            28.6574618
          ],
          [
            84.6144783,
            28.6574642
          ],
          [
            84.6144227,
            28.6574693
          ],
          [
            84.6142893,
            28.6575018
          ],
          [
            84.6141927,
            28.6575301
          ],
          [
            84.614131,
            28.6575465
          ],
          [
            84.6140877,
            28.6575677
          ],
          [
            84.6140385,
            28.6575818
          ],
          [
            84.6139754,
            28.6575795
          ],
          [
            84.6139419,
            28.6575889
          ],
          [
            84.6139017,
            28.6576054
          ],
          [
            84.6138494,
            28.6576077
          ],
          [
            84.6138132,
            28.657603
          ],
          [
            84.6137783,
            28.6576077
          ],
          [
            84.6137381,
            28.6575983
          ],
          [
            84.6137032,
            28.6575866
          ],
          [
            84.6136523,
            28.6575653
          ],
          [
            84.6136227,
            28.6575465
          ],
          [
            84.6135865,
            28.6575454
          ],
          [
            84.6135503,
            28.6575171
          ],
          [
            84.6135181,
            28.6574912
          ],
          [
            84.613498,
            28.6574689
          ],
          [
            84.6134524,
            28.6574406
          ],
          [
            84.6134122,
            28.6574206
          ],
          [
            84.613376,
            28.6574053
          ],
          [
            84.6133491,
            28.6573894
          ],
          [
            84.6133136,
            28.6573777
          ],
          [
            84.6132968,
            28.6573747
          ],
          [
            84.6132727,
            28.6573618
          ],
          [
            84.6132412,
            28.6573559
          ],
          [
            84.6132492,
            28.6573718
          ],
          [
            84.6132492,
            28.6573806
          ],
          [
            84.6132331,
            28.6573818
          ],
          [
            84.613213,
            28.6573777
          ],
          [
            84.6131916,
            28.6573635
          ],
          [
            84.6131775,
            28.6573494
          ],
          [
            84.6131614,
            28.6573324
          ],
          [
            84.6131476,
            28.657314
          ],
          [
            84.6131252,
            28.6572841
          ],
          [
            84.6131017,
            28.65726
          ],
          [
            84.6130655,
            28.65724
          ],
          [
            84.613046,
            28.6572329
          ],
          [
            84.6130165,
            28.6572164
          ],
          [
            84.6130051,
            28.6571964
          ],
          [
            84.6129911,
            28.6571758
          ],
          [
            84.6129783,
            28.6571512
          ],
          [
            84.6129582,
            28.6571217
          ],
          [
            84.6129515,
            28.6571005
          ],
          [
            84.6129394,
            28.6570758
          ],
          [
            84.6129173,
            28.6570587
          ],
          [
            84.6128878,
            28.6570423
          ],
          [
            84.6128684,
            28.6570252
          ],
          [
            84.6128476,
            28.6570052
          ],
          [
            84.6128221,
            28.6569899
          ],
          [
            84.6127973,
            28.6569675
          ],
          [
            84.6127758,
            28.6569634
          ],
          [
            84.6127557,
            28.6569734
          ],
          [
            84.6127295,
            28.6569811
          ],
          [
            84.612694,
            28.656987
          ],
          [
            84.6126612,
            28.6569823
          ],
          [
            84.612637,
            28.656977
          ],
          [
            84.6126088,
            28.6569646
          ],
          [
            84.6126015,
            28.6569487
          ],
          [
            84.6125847,
            28.6569281
          ],
          [
            84.6125679,
            28.6569169
          ],
          [
            84.6125465,
            28.6569105
          ],
          [
            84.6125232,
            28.6569199
          ],
          [
            84.6124721,
            28.6569375
          ],
          [
            84.612405,
            28.6569487
          ],
          [
            84.6123487,
            28.6569599
          ],
          [
            84.6123045,
            28.6569689
          ],
          [
            84.6122763,
            28.656977
          ],
          [
            84.6122521,
            28.6569911
          ],
          [
            84.6122233,
            28.6570123
          ],
          [
            84.6121696,
            28.6570299
          ],
          [
            84.6121287,
            28.6570629
          ],
          [
            84.6121193,
            28.6570946
          ],
          [
            84.612034,
            28.6570984
          ],
          [
            84.6119289,
            28.6571158
          ],
          [
            84.6118578,
            28.657137
          ],
          [
            84.6117894,
            28.6571664
          ],
          [
            84.6117237,
            28.6571864
          ],
          [
            84.6116553,
            28.6571888
          ],
          [
            84.611603,
            28.6571958
          ],
          [
            84.6115584,
            28.6571996
          ],
          [
            84.611536,
            28.6572229
          ],
          [
            84.6114501,
            28.6572382
          ],
          [
            84.6113884,
            28.6572688
          ],
          [
            84.6113563,
            28.6572912
          ],
          [
            84.6112879,
            28.6573159
          ],
          [
            84.611249,
            28.6573359
          ],
          [
            84.6112021,
            28.6573477
          ],
          [
            84.6111082,
            28.6573429
          ],
          [
            84.6109888,
            28.6573429
          ],
          [
            84.6109217,
            28.6573394
          ],
          [
            84.6108466,
            28.6573406
          ],
          [
            84.6107823,
            28.6573406
          ],
          [
            84.6107315,
            28.6573367
          ],
          [
            84.6106669,
            28.6573465
          ],
          [
            84.6106146,
            28.6573524
          ],
          [
            84.6105784,
            28.6573582
          ],
          [
            84.6105508,
            28.6573399
          ],
          [
            84.6105181,
            28.6573241
          ],
          [
            84.6104866,
            28.6573171
          ],
          [
            84.6104498,
            28.6572976
          ],
          [
            84.6104383,
            28.65733
          ],
          [
            84.6104369,
            28.657353
          ],
          [
            84.6104014,
            28.6573535
          ],
          [
            84.6103202,
            28.6573641
          ],
          [
            84.6102364,
            28.657363
          ],
          [
            84.6102029,
            28.6573594
          ],
          [
            84.6101037,
            28.6573347
          ],
          [
            84.6100567,
            28.6573312
          ],
          [
            84.6099207,
            28.6573439
          ],
          [
            84.6098059,
            28.6573171
          ],
          [
            84.6097308,
            28.65733
          ],
          [
            84.609645,
            28.6573088
          ],
          [
            84.6095712,
            28.6573006
          ],
          [
            84.609523,
            28.6573112
          ],
          [
            84.6094573,
            28.6572959
          ],
          [
            84.6093835,
            28.6572676
          ],
          [
            84.6093003,
            28.65727
          ],
          [
            84.6091905,
            28.6572955
          ],
          [
            84.6089503,
            28.6573453
          ],
          [
            84.6088229,
            28.6573865
          ],
          [
            84.608696,
            28.6574037
          ],
          [
            84.6085387,
            28.6574146
          ],
          [
            84.6082294,
            28.6574402
          ],
          [
            84.6078385,
            28.6574206
          ],
          [
            84.607691,
            28.6573959
          ],
          [
            84.6076012,
            28.6573865
          ],
          [
            84.6075022,
            28.657382
          ],
          [
            84.6073732,
            28.6574465
          ],
          [
            84.6072981,
            28.6574724
          ],
          [
            84.6072149,
            28.6574653
          ],
          [
            84.6071559,
            28.6574653
          ],
          [
            84.6071291,
            28.6574959
          ],
          [
            84.6070733,
            28.6575281
          ],
          [
            84.6070325,
            28.6575524
          ],
          [
            84.6069896,
            28.6575548
          ],
          [
            84.6069467,
            28.6575195
          ],
          [
            84.6069118,
            28.6574724
          ],
          [
            84.6068421,
            28.6574536
          ],
          [
            84.6067831,
            28.6574559
          ],
          [
            84.6067053,
            28.6574442
          ],
          [
            84.6065551,
            28.6574324
          ],
          [
            84.6064451,
            28.6574065
          ],
          [
            84.6063137,
            28.6573594
          ],
          [
            84.6062423,
            28.6573018
          ],
          [
            84.6061501,
            28.6572323
          ],
          [
            84.6060643,
            28.6571217
          ],
          [
            84.6059865,
            28.6570605
          ],
          [
            84.6059167,
            28.6570134
          ],
          [
            84.6058792,
            28.6569852
          ],
          [
            84.6058229,
            28.6569593
          ],
          [
            84.6057652,
            28.6569499
          ],
          [
            84.6057166,
            28.6569584
          ],
          [
            84.6056948,
            28.6569675
          ],
          [
            84.6056311,
            28.6569652
          ],
          [
            84.6055935,
            28.6569758
          ],
          [
            84.6055292,
            28.657004
          ],
          [
            84.605438,
            28.6570382
          ],
          [
            84.6053267,
            28.6570817
          ],
          [
            84.6052006,
            28.6571229
          ],
          [
            84.6051201,
            28.6571452
          ],
          [
            84.605049,
            28.6571523
          ],
          [
            84.6049981,
            28.6571617
          ],
          [
            84.6049546,
            28.6571631
          ],
          [
            84.6048541,
            28.6571724
          ],
          [
            84.604776,
            28.6571295
          ],
          [
            84.6047642,
            28.6570973
          ],
          [
            84.6047099,
            28.6570804
          ],
          [
            84.6046548,
            28.657099
          ],
          [
            84.6046212,
            28.6571441
          ],
          [
            84.6045676,
            28.6571711
          ],
          [
            84.604526,
            28.65717
          ],
          [
            84.60446,
            28.6572126
          ],
          [
            84.6044147,
            28.6572886
          ],
          [
            84.604358,
            28.6573496
          ],
          [
            84.6043114,
            28.6574053
          ],
          [
            84.6042603,
            28.6574121
          ],
          [
            84.6042032,
            28.6574373
          ],
          [
            84.604116,
            28.6574156
          ],
          [
            84.6040657,
            28.6573375
          ],
          [
            84.60402,
            28.6572005
          ],
          [
            84.6039589,
            28.6571102
          ],
          [
            84.6039446,
            28.6570411
          ],
          [
            84.6039289,
            28.6570008
          ],
          [
            84.6038732,
            28.6569417
          ],
          [
            84.6038563,
            28.6568669
          ],
          [
            84.6038662,
            28.6567945
          ],
          [
            84.6038528,
            28.6567534
          ],
          [
            84.6038192,
            28.6567286
          ],
          [
            84.6037688,
            28.6567127
          ],
          [
            84.6036878,
            28.6566969
          ],
          [
            84.6036342,
            28.6567004
          ],
          [
            84.6034853,
            28.6566733
          ],
          [
            84.603382,
            28.656651
          ],
          [
            84.6033096,
            28.6566427
          ],
          [
            84.6032295,
            28.6566449
          ],
          [
            84.6031594,
            28.6566545
          ],
          [
            84.6030685,
            28.6566831
          ],
          [
            84.6030307,
            28.6566898
          ],
          [
            84.6029744,
            28.6566804
          ],
          [
            84.6028952,
            28.6566616
          ],
          [
            84.6028577,
            28.6566416
          ],
          [
            84.6028242,
            28.6566239
          ],
          [
            84.6027946,
            28.6566133
          ],
          [
            84.6027638,
            28.6566274
          ],
          [
            84.6027262,
            28.6566239
          ],
          [
            84.602678,
            28.656598
          ],
          [
            84.6026324,
            28.656558
          ],
          [
            84.6025559,
            28.6565133
          ],
          [
            84.6024849,
            28.6564733
          ],
          [
            84.6024057,
            28.6564391
          ],
          [
            84.6023531,
            28.6564184
          ],
          [
            84.6022877,
            28.6564062
          ],
          [
            84.6022233,
            28.6564027
          ],
          [
            84.6021684,
            28.6564015
          ],
          [
            84.6021093,
            28.6564168
          ],
          [
            84.602053,
            28.6564203
          ],
          [
            84.6019903,
            28.656432
          ],
          [
            84.6019122,
            28.6564097
          ],
          [
            84.6018371,
            28.6563897
          ],
          [
            84.6017861,
            28.6563732
          ],
          [
            84.6017298,
            28.656365
          ],
          [
            84.6016869,
            28.6563485
          ],
          [
            84.6016386,
            28.6563238
          ],
          [
            84.6016037,
            28.6563062
          ],
          [
            84.6015394,
            28.6562826
          ],
          [
            84.6014723,
            28.6562661
          ],
          [
            84.6014334,
            28.6562626
          ],
          [
            84.6013691,
            28.6562579
          ],
          [
            84.6013087,
            28.6562438
          ],
          [
            84.6012859,
            28.656252
          ],
          [
            84.601298,
            28.6562838
          ],
          [
            84.6012725,
            28.6562944
          ],
          [
            84.6012188,
            28.656285
          ],
          [
            84.6011665,
            28.6562661
          ],
          [
            84.6010928,
            28.6562556
          ],
          [
            84.6010123,
            28.6562308
          ],
          [
            84.600946,
            28.6562095
          ],
          [
            84.6008433,
            28.6561979
          ],
          [
            84.6007562,
            28.6561955
          ],
          [
            84.6006998,
            28.6561755
          ],
          [
            84.6006542,
            28.6561508
          ],
          [
            84.6006046,
            28.6561391
          ],
          [
            84.6005496,
            28.656132
          ],
          [
            84.6004893,
            28.6561226
          ],
          [
            84.600437,
            28.6561402
          ],
          [
            84.6003833,
            28.6561708
          ],
          [
            84.6003284,
            28.6561791
          ],
          [
            84.600264,
            28.6561802
          ],
          [
            84.6002103,
            28.6561744
          ],
          [
            84.6001433,
            28.6561767
          ],
          [
            84.6000578,
            28.6561679
          ],
          [
            84.599973,
            28.6561885
          ],
          [
            84.5998938,
            28.6561708
          ],
          [
            84.5997812,
            28.6561826
          ],
          [
            84.5997249,
            28.656225
          ],
          [
            84.5996229,
            28.656272
          ],
          [
            84.5995586,
            28.6562897
          ],
          [
            84.5994835,
            28.6563073
          ],
          [
            84.5993997,
            28.6562939
          ],
          [
            84.5993239,
            28.656272
          ],
          [
            84.5992769,
            28.6562414
          ],
          [
            84.5992367,
            28.6561967
          ],
          [
            84.5992085,
            28.6561591
          ],
          [
            84.599179,
            28.6561285
          ],
          [
            84.5990945,
            28.6561237
          ],
          [
            84.5990261,
            28.6561202
          ],
          [
            84.598947,
            28.6560861
          ],
          [
            84.598892,
            28.6560614
          ],
          [
            84.5988344,
            28.6560437
          ],
          [
            84.5987673,
            28.6560414
          ],
          [
            84.5987056,
            28.656052
          ],
          [
            84.5986723,
            28.6560864
          ],
          [
            84.5985956,
            28.6561249
          ],
          [
            84.5985286,
            28.6561661
          ],
          [
            84.5984817,
            28.656192
          ],
          [
            84.5984186,
            28.6562238
          ],
          [
            84.5983744,
            28.6562285
          ],
          [
            84.5983402,
            28.6562491
          ],
          [
            84.5983046,
            28.6562556
          ],
          [
            84.5982409,
            28.656262
          ],
          [
            84.5981839,
            28.6562638
          ],
          [
            84.5981578,
            28.6562797
          ],
          [
            84.5981162,
            28.656292
          ],
          [
            84.5980733,
            28.6562926
          ],
          [
            84.5980163,
            28.6562967
          ],
          [
            84.5979425,
            28.6563038
          ],
          [
            84.5978782,
            28.656325
          ],
          [
            84.5978272,
            28.6563462
          ],
          [
            84.5977804,
            28.6563628
          ],
          [
            84.5977534,
            28.6563744
          ],
          [
            84.5976877,
            28.6563579
          ],
          [
            84.5976341,
            28.6563368
          ],
          [
            84.5975791,
            28.6563238
          ],
          [
            84.5975268,
            28.6563144
          ],
          [
            84.5974949,
            28.6563231
          ],
          [
            84.5974369,
            28.6563415
          ],
          [
            84.5973618,
            28.6563815
          ],
          [
            84.597276,
            28.656425
          ],
          [
            84.5972103,
            28.6564544
          ],
          [
            84.5971287,
            28.6564774
          ],
          [
            84.5970896,
            28.6565109
          ],
          [
            84.5970467,
            28.6565404
          ],
          [
            84.5969796,
            28.6565427
          ],
          [
            84.596926,
            28.6565674
          ],
          [
            84.5968871,
            28.6565745
          ],
          [
            84.5968254,
            28.656578
          ],
          [
            84.5968039,
            28.6565992
          ],
          [
            84.5967771,
            28.6566074
          ],
          [
            84.5967101,
            28.6566086
          ],
          [
            84.5966645,
            28.6566133
          ],
          [
            84.5966604,
            28.6566404
          ],
          [
            84.5966792,
            28.6566663
          ],
          [
            84.5966564,
            28.6566804
          ],
          [
            84.5966041,
            28.6566592
          ],
          [
            84.5965812,
            28.6566495
          ],
          [
            84.5965491,
            28.6566686
          ],
          [
            84.5965129,
            28.656678
          ],
          [
            84.5964888,
            28.6566545
          ],
          [
            84.596466,
            28.6566486
          ],
          [
            84.5964311,
            28.6566698
          ],
          [
            84.5963895,
            28.6566698
          ],
          [
            84.59636,
            28.6566592
          ],
          [
            84.5963533,
            28.6566239
          ],
          [
            84.5963037,
            28.6566063
          ],
          [
            84.5962434,
            28.6565804
          ],
          [
            84.5962098,
            28.6565674
          ],
          [
            84.5961776,
            28.6565668
          ],
          [
            84.5961729,
            28.6565839
          ],
          [
            84.5961629,
            28.6566037
          ],
          [
            84.5961703,
            28.6566339
          ],
          [
            84.5961542,
            28.6566474
          ],
          [
            84.5961227,
            28.6566486
          ],
          [
            84.5960958,
            28.6566486
          ],
          [
            84.5960771,
            28.6566669
          ],
          [
            84.5960415,
            28.6566716
          ],
          [
            84.596004,
            28.6566698
          ],
          [
            84.5959678,
            28.6566928
          ],
          [
            84.5959443,
            28.6566998
          ],
          [
            84.5959188,
            28.6566986
          ],
          [
            84.595896,
            28.6567416
          ],
          [
            84.5958652,
            28.6567651
          ],
          [
            84.5958155,
            28.6567898
          ],
          [
            84.5957532,
            28.6568175
          ],
          [
            84.5957062,
            28.6568446
          ],
          [
            84.5956345,
            28.6568793
          ],
          [
            84.5955768,
            28.6569093
          ],
          [
            84.5955265,
            28.6569334
          ],
          [
            84.595493,
            28.6569511
          ],
          [
            84.5954459,
            28.6569704
          ],
          [
            84.5954025,
            28.6569852
          ],
          [
            84.5953663,
            28.6569923
          ],
          [
            84.5953582,
            28.657057
          ],
          [
            84.5953301,
            28.6571676
          ],
          [
            84.5953166,
            28.6572547
          ],
          [
            84.5953234,
            28.6573135
          ],
          [
            84.595314,
            28.6573618
          ],
          [
            84.5952858,
            28.6573735
          ],
          [
            84.5952442,
            28.6574442
          ],
          [
            84.5952255,
            28.6575065
          ],
          [
            84.5952415,
            28.6575642
          ],
          [
            84.5952,
            28.6576054
          ],
          [
            84.5951705,
            28.6576654
          ],
          [
            84.5951597,
            28.6577184
          ],
          [
            84.5951383,
            28.6577725
          ],
          [
            84.5951195,
            28.6578219
          ],
          [
            84.595098,
            28.6578713
          ],
          [
            84.595082,
            28.6579172
          ],
          [
            84.5950578,
            28.6579596
          ],
          [
            84.5950444,
            28.657989
          ],
          [
            84.5950109,
            28.6580161
          ],
          [
            84.5949773,
            28.6580302
          ],
          [
            84.5949371,
            28.6580337
          ],
          [
            84.5949009,
            28.6580443
          ],
          [
            84.594878,
            28.6580642
          ],
          [
            84.5948667,
            28.6580873
          ],
          [
            84.5948312,
            28.6581055
          ],
          [
            84.5948157,
            28.6581138
          ],
          [
            84.5947909,
            28.658112
          ],
          [
            84.5947534,
            28.6580955
          ],
          [
            84.5947172,
            28.6580738
          ],
          [
            84.5946608,
            28.6580398
          ],
          [
            84.5945683,
            28.6579855
          ],
          [
            84.5945227,
            28.6579514
          ],
          [
            84.5944557,
            28.6579196
          ],
          [
            84.594398,
            28.6578819
          ],
          [
            84.5943698,
            28.6578231
          ],
          [
            84.5943135,
            28.6577784
          ],
          [
            84.5942773,
            28.6577619
          ],
          [
            84.5942415,
            28.65772
          ],
          [
            84.5941807,
            28.6576889
          ],
          [
            84.594111,
            28.6576607
          ],
          [
            84.5940319,
            28.6576419
          ],
          [
            84.5939393,
            28.657616
          ],
          [
            84.5938642,
            28.657576
          ],
          [
            84.5937985,
            28.6575701
          ],
          [
            84.5937411,
            28.6575488
          ],
          [
            84.5936362,
            28.657543
          ],
          [
            84.5935813,
            28.6575677
          ],
          [
            84.5935424,
            28.6575971
          ],
          [
            84.5935155,
            28.6576089
          ],
          [
            84.5934705,
            28.6576171
          ],
          [
            84.5934176,
            28.6576795
          ],
          [
            84.5933868,
            28.6577278
          ],
          [
            84.5933747,
            28.6577795
          ],
          [
            84.5933667,
            28.6578266
          ],
          [
            84.5933774,
            28.6578513
          ],
          [
            84.5933479,
            28.6579102
          ],
          [
            84.5933425,
            28.6579514
          ],
          [
            84.5933334,
            28.6579845
          ],
          [
            84.5932996,
            28.6580267
          ],
          [
            84.5932433,
            28.658062
          ],
          [
            84.5931897,
            28.6580867
          ],
          [
            84.5931534,
            28.6581126
          ],
          [
            84.5931293,
            28.6581491
          ],
          [
            84.5930877,
            28.6581832
          ],
          [
            84.5930046,
            28.6582703
          ],
          [
            84.5929375,
            28.6583338
          ],
          [
            84.5928651,
            28.6583715
          ],
          [
            84.5928021,
            28.6584091
          ],
          [
            84.5927337,
            28.658455
          ],
          [
            84.5926774,
            28.6584868
          ],
          [
            84.592609,
            28.6585457
          ],
          [
            84.5925486,
            28.6586127
          ],
          [
            84.592507,
            28.658661
          ],
          [
            84.5924655,
            28.6587175
          ],
          [
            84.5924279,
            28.6587551
          ],
          [
            84.592381,
            28.6587787
          ],
          [
            84.5923488,
            28.6587987
          ],
          [
            84.5923126,
            28.6588104
          ],
          [
            84.5922704,
            28.6587983
          ],
          [
            84.5922368,
            28.6588022
          ],
          [
            84.5922073,
            28.6588163
          ],
          [
            84.5921315,
            28.6588293
          ],
          [
            84.5920953,
            28.6588216
          ],
          [
            84.5920437,
            28.658794
          ],
          [
            84.5920095,
            28.658784
          ],
          [
            84.5919605,
            28.6587698
          ],
          [
            84.591925,
            28.6587569
          ],
          [
            84.5918941,
            28.6587481
          ],
          [
            84.5918479,
            28.658741
          ],
          [
            84.5917969,
            28.6587369
          ],
          [
            84.5917171,
            28.6587181
          ],
          [
            84.5916635,
            28.6587157
          ],
          [
            84.5915683,
            28.6587028
          ],
          [
            84.5914248,
            28.6586739
          ],
          [
            84.5913242,
            28.658668
          ],
          [
            84.5912397,
            28.6586457
          ],
          [
            84.5911378,
            28.6586327
          ],
          [
            84.5909809,
            28.6586445
          ],
          [
            84.5908441,
            28.6586422
          ],
          [
            84.5907126,
            28.6586221
          ],
          [
            84.5906349,
            28.6586057
          ],
          [
            84.5905718,
            28.6585892
          ],
          [
            84.5905061,
            28.6585857
          ],
          [
            84.5904404,
            28.658568
          ],
          [
            84.5903787,
            28.6585704
          ],
          [
            84.5903277,
            28.6585704
          ],
          [
            84.5902835,
            28.6585598
          ],
          [
            84.5902272,
            28.6585445
          ],
          [
            84.5901727,
            28.6585335
          ],
          [
            84.5901118,
            28.6585221
          ],
          [
            84.5900783,
            28.6585062
          ],
          [
            84.5900635,
            28.6584815
          ],
          [
            84.5900428,
            28.6584456
          ],
          [
            84.5900193,
            28.6584097
          ],
          [
            84.5899992,
            28.6583703
          ],
          [
            84.5899757,
            28.6583332
          ],
          [
            84.5899502,
            28.6583026
          ],
          [
            84.5899221,
            28.658282
          ],
          [
            84.5898832,
            28.6582579
          ],
          [
            84.5898584,
            28.6582509
          ],
          [
            84.5897993,
            28.6582479
          ],
          [
            84.5897591,
            28.6582526
          ],
          [
            84.5897242,
            28.6582562
          ],
          [
            84.5896774,
            28.6582633
          ],
          [
            84.5896263,
            28.6582832
          ],
          [
            84.5895472,
            28.6582997
          ],
          [
            84.5894641,
            28.6583209
          ],
          [
            84.5893702,
            28.6583503
          ],
          [
            84.5893246,
            28.6583503
          ],
          [
            84.5892857,
            28.6583362
          ],
          [
            84.5892361,
            28.6583268
          ],
          [
            84.5891878,
            28.6583374
          ],
          [
            84.5891476,
            28.658355
          ],
          [
            84.5890899,
            28.6583609
          ],
          [
            84.5890269,
            28.6583668
          ],
          [
            84.5889062,
            28.6583809
          ],
          [
            84.5887412,
            28.6584021
          ],
          [
            84.5886004,
            28.6584139
          ],
          [
            84.5884931,
            28.6584068
          ],
          [
            84.5884331,
            28.6584115
          ],
          [
            84.5883778,
            28.6584268
          ],
          [
            84.5883255,
            28.6584197
          ],
          [
            84.588241,
            28.6584021
          ],
          [
            84.5881981,
            28.6584256
          ],
          [
            84.5881391,
            28.6584362
          ],
          [
            84.5880894,
            28.6584386
          ],
          [
            84.5880452,
            28.6584139
          ],
          [
            84.5879674,
            28.6584103
          ],
          [
            84.5878722,
            28.6584244
          ],
          [
            84.5878206,
            28.6584316
          ],
          [
            84.5877179,
            28.658448
          ],
          [
            84.5876133,
            28.6584562
          ],
          [
            84.5875262,
            28.6584692
          ],
          [
            84.5874685,
            28.6584798
          ],
          [
            84.5873929,
            28.6584908
          ],
          [
            84.5873398,
            28.6584962
          ],
          [
            84.5872942,
            28.6584892
          ],
          [
            84.5872378,
            28.6584727
          ],
          [
            84.5871813,
            28.658454
          ],
          [
            84.5871158,
            28.6584374
          ],
          [
            84.5870018,
            28.6584256
          ],
          [
            84.58692,
            28.6584303
          ],
          [
            84.5867899,
            28.6584256
          ],
          [
            84.5867215,
            28.6584256
          ],
          [
            84.5866786,
            28.6584197
          ],
          [
            84.5866554,
            28.6584252
          ],
          [
            84.5866075,
            28.6584197
          ],
          [
            84.5865633,
            28.6584033
          ],
          [
            84.5865123,
            28.6583962
          ],
          [
            84.5864734,
            28.6584044
          ],
          [
            84.5864093,
            28.6583935
          ],
          [
            84.586342,
            28.6583856
          ],
          [
            84.5862803,
            28.6583809
          ],
          [
            84.5862307,
            28.6583774
          ],
          [
            84.5861971,
            28.6583785
          ],
          [
            84.5861703,
            28.6583844
          ],
          [
            84.5861326,
            28.6583845
          ],
          [
            84.5861073,
            28.6584068
          ],
          [
            84.5860805,
            28.6584327
          ],
          [
            84.5860286,
            28.6584494
          ],
          [
            84.5859933,
            28.6584809
          ],
          [
            84.5859195,
            28.6585045
          ],
          [
            84.5858471,
            28.6585374
          ],
          [
            84.5857827,
            28.6585774
          ],
          [
            84.5857385,
            28.658621
          ],
          [
            84.5856781,
            28.6586386
          ],
          [
            84.5856352,
            28.6586716
          ],
          [
            84.5855239,
            28.6586751
          ],
          [
            84.5854261,
            28.6586624
          ],
          [
            84.5849883,
            28.6587962
          ],
          [
            84.5848969,
            28.6588241
          ],
          [
            84.5846656,
            28.6589975
          ],
          [
            84.5845256,
            28.6591105
          ],
          [
            84.5844575,
            28.659263
          ],
          [
            84.583738,
            28.6591847
          ],
          [
            84.5835941,
            28.6591905
          ],
          [
            84.5834774,
            28.6591081
          ],
          [
            84.5834693,
            28.6590653
          ],
          [
            84.5833001,
            28.6588771
          ],
          [
            84.5832467,
            28.65887
          ],
          [
            84.5831555,
            28.6588799
          ],
          [
            84.5830026,
            28.6589199
          ],
          [
            84.5828231,
            28.6589802
          ],
          [
            84.5827103,
            28.6590329
          ],
          [
            84.5825198,
            28.6591435
          ],
          [
            84.5824206,
            28.6591858
          ],
          [
            84.5823401,
            28.6592141
          ],
          [
            84.5822623,
            28.6592447
          ],
          [
            84.582198,
            28.6592823
          ],
          [
            84.582147,
            28.6593035
          ],
          [
            84.5820531,
            28.6593106
          ],
          [
            84.5820102,
            28.6593553
          ],
          [
            84.5819485,
            28.6593694
          ],
          [
            84.5818466,
            28.6594071
          ],
          [
            84.5817903,
            28.6594212
          ],
          [
            84.5817178,
            28.6594447
          ],
          [
            84.5816883,
            28.659473
          ],
          [
            84.5817661,
            28.6595106
          ],
          [
            84.581718,
            28.6595321
          ],
          [
            84.5816083,
            28.6595544
          ],
          [
            84.581624,
            28.659593
          ],
          [
            84.5816454,
            28.6596118
          ],
          [
            84.581573,
            28.6596495
          ],
          [
            84.5815623,
            28.659673
          ],
          [
            84.5815113,
            28.6597036
          ],
          [
            84.5814604,
            28.6597295
          ],
          [
            84.5813987,
            28.6597507
          ],
          [
            84.5812912,
            28.6597723
          ],
          [
            84.5812082,
            28.659826
          ],
          [
            84.5810597,
            28.6599236
          ],
          [
            84.5809668,
            28.6599837
          ],
          [
            84.5808381,
            28.6600543
          ],
          [
            84.5807523,
            28.660139
          ],
          [
            84.5806825,
            28.6602144
          ],
          [
            84.5805564,
            28.6603062
          ],
          [
            84.5804436,
            28.6603686
          ],
          [
            84.5803628,
            28.6603937
          ],
          [
            84.5801252,
            28.6605466
          ],
          [
            84.580071,
            28.6606121
          ],
          [
            84.5799825,
            28.6606545
          ],
          [
            84.5799136,
            28.6606935
          ],
          [
            84.5798698,
            28.6607392
          ],
          [
            84.5798242,
            28.6607698
          ],
          [
            84.5797545,
            28.6607745
          ],
          [
            84.5796365,
            28.6607886
          ],
          [
            84.5795399,
            28.660791
          ],
          [
            84.5794889,
            28.6608263
          ],
          [
            84.5794433,
            28.6608451
          ],
          [
            84.5793602,
            28.6608545
          ],
          [
            84.5792663,
            28.6608757
          ],
          [
            84.5791843,
            28.6609217
          ],
          [
            84.5791268,
            28.6609581
          ],
          [
            84.5790732,
            28.660991
          ],
          [
            84.5789739,
            28.6609957
          ],
          [
            84.578931,
            28.6610287
          ],
          [
            84.5788828,
            28.6610169
          ],
          [
            84.5787808,
            28.6610334
          ],
          [
            84.5787111,
            28.6610452
          ],
          [
            84.5786494,
            28.6610499
          ],
          [
            84.5785851,
            28.6610578
          ],
          [
            84.5784724,
            28.6610946
          ],
          [
            84.5783678,
            28.661137
          ],
          [
            84.5782819,
            28.6611629
          ],
          [
            84.5782122,
            28.6611817
          ],
          [
            84.5781103,
            28.6612311
          ],
          [
            84.5780325,
            28.6612358
          ],
          [
            84.5779493,
            28.661224
          ],
          [
            84.5778367,
            28.6612688
          ],
          [
            84.5777562,
            28.6613111
          ],
          [
            84.5776731,
            28.6613558
          ],
          [
            84.5775229,
            28.6614006
          ],
          [
            84.5774209,
            28.66145
          ],
          [
            84.5773646,
            28.6614947
          ],
          [
            84.5772681,
            28.66153
          ],
          [
            84.5771635,
            28.6615418
          ],
          [
            84.5770764,
            28.6615849
          ],
          [
            84.5770562,
            28.6616088
          ],
          [
            84.5769945,
            28.6616194
          ],
          [
            84.5769462,
            28.6616453
          ],
          [
            84.5768711,
            28.66165
          ],
          [
            84.5768014,
            28.6616712
          ],
          [
            84.5767236,
            28.6617089
          ],
          [
            84.5766914,
            28.6617489
          ],
          [
            84.5766766,
            28.6617818
          ],
          [
            84.5766163,
            28.661823
          ],
          [
            84.5765559,
            28.6618536
          ],
          [
            84.5765063,
            28.6618901
          ],
          [
            84.5764594,
            28.6619325
          ],
          [
            84.5764071,
            28.6619689
          ],
          [
            84.5763709,
            28.6620019
          ],
          [
            84.5762461,
            28.6620548
          ],
          [
            84.5761576,
            28.662096
          ],
          [
            84.5760316,
            28.6621678
          ],
          [
            84.5758478,
            28.6622396
          ],
          [
            84.5757607,
            28.6622631
          ],
          [
            84.5756695,
            28.6622961
          ],
          [
            84.5756078,
            28.6623184
          ],
          [
            84.5755756,
            28.6623502
          ],
          [
            84.5755488,
            28.6623761
          ],
          [
            84.5755032,
            28.6624067
          ],
          [
            84.575467,
            28.6624196
          ],
          [
            84.575416,
            28.6624314
          ],
          [
            84.5753543,
            28.6624573
          ],
          [
            84.5753168,
            28.6624785
          ],
          [
            84.5753141,
            28.6624961
          ],
          [
            84.5752752,
            28.6625008
          ],
          [
            84.5752645,
            28.6625197
          ],
          [
            84.575221,
            28.6625436
          ],
          [
            84.5751545,
            28.6625844
          ],
          [
            84.5751075,
            28.6626056
          ],
          [
            84.5750566,
            28.6626279
          ],
          [
            84.5749801,
            28.6626585
          ],
          [
            84.5749332,
            28.6626797
          ],
          [
            84.5749258,
            28.6626938
          ],
          [
            84.5749245,
            28.6627027
          ],
          [
            84.5749111,
            28.6627256
          ],
          [
            84.5748822,
            28.6627503
          ],
          [
            84.5748581,
            28.6627656
          ],
          [
            84.5748172,
            28.662778
          ],
          [
            84.5747884,
            28.6627897
          ],
          [
            84.5747696,
            28.6628068
          ],
          [
            84.5747334,
            28.6628392
          ],
          [
            84.5746992,
            28.6628809
          ],
          [
            84.5746952,
            28.6629015
          ],
          [
            84.5746677,
            28.6629145
          ],
          [
            84.5746355,
            28.6629292
          ],
          [
            84.5745671,
            28.6629698
          ],
          [
            84.5745128,
            28.6629951
          ],
          [
            84.5744491,
            28.6630304
          ],
          [
            84.5743914,
            28.6630739
          ],
          [
            84.5742492,
            28.6631634
          ],
          [
            84.5741487,
            28.6632434
          ],
          [
            84.5739529,
            28.6633505
          ],
          [
            84.5738509,
            28.6633916
          ],
          [
            84.5737745,
            28.6634281
          ],
          [
            84.5736927,
            28.6634964
          ],
          [
            84.5736565,
            28.6635364
          ],
          [
            84.5736457,
            28.6635682
          ],
          [
            84.5736042,
            28.663574
          ],
          [
            84.5735492,
            28.663587
          ],
          [
            84.5735202,
            28.6636214
          ],
          [
            84.5733923,
            28.6636705
          ],
          [
            84.5732675,
            28.6637247
          ],
          [
            84.5731482,
            28.6638023
          ],
          [
            84.5730409,
            28.6638176
          ],
          [
            84.5729269,
            28.6638553
          ],
          [
            84.5728384,
            28.6638894
          ],
          [
            84.5727432,
            28.6639236
          ],
          [
            84.572542,
            28.6639918
          ],
          [
            84.572424,
            28.6640224
          ],
          [
            84.5723435,
            28.6640906
          ],
          [
            84.5722121,
            28.6641612
          ],
          [
            84.5720887,
            28.6642201
          ],
          [
            84.5719035,
            28.6642426
          ],
          [
            84.5718205,
            28.6642883
          ],
          [
            84.5717347,
            28.6643213
          ],
          [
            84.5716354,
            28.664326
          ],
          [
            84.5715174,
            28.664346
          ],
          [
            84.5714128,
            28.6643684
          ],
          [
            84.5713377,
            28.6644131
          ],
          [
            84.5712696,
            28.6644404
          ],
          [
            84.571217,
            28.664479
          ],
          [
            84.5711473,
            28.664479
          ],
          [
            84.5710587,
            28.6644531
          ],
          [
            84.570981,
            28.6644319
          ],
          [
            84.5709006,
            28.6644283
          ],
          [
            84.5707798,
            28.6644625
          ],
          [
            84.5707127,
            28.6644978
          ],
          [
            84.5706296,
            28.6645143
          ],
          [
            84.5705148,
            28.664532
          ],
          [
            84.5704754,
            28.6645378
          ],
          [
            84.5704177,
            28.664559
          ],
          [
            84.5703506,
            28.6645825
          ],
          [
            84.5702809,
            28.6646084
          ],
          [
            84.5701709,
            28.6646131
          ],
          [
            84.570069,
            28.6646367
          ],
          [
            84.5699859,
            28.6646649
          ],
          [
            84.5698839,
            28.6646884
          ],
          [
            84.5698276,
            28.6646884
          ],
          [
            84.5696855,
            28.664752
          ],
          [
            84.569613,
            28.6647896
          ],
          [
            84.5695111,
            28.6648485
          ],
          [
            84.5693931,
            28.6649026
          ],
          [
            84.5692778,
            28.6649285
          ],
          [
            84.5691659,
            28.6649277
          ],
          [
            84.5690551,
            28.6649591
          ],
          [
            84.5689264,
            28.664952
          ],
          [
            84.5687655,
            28.6649426
          ],
          [
            84.5685428,
            28.6649285
          ],
          [
            84.5684516,
            28.6649473
          ],
          [
            84.5683014,
            28.664945
          ],
          [
            84.5681217,
            28.6649803
          ],
          [
            84.5679309,
            28.664988
          ],
          [
            84.5677569,
            28.6650085
          ],
          [
            84.5676202,
            28.6650462
          ],
          [
            84.5674351,
            28.6650885
          ],
          [
            84.5672822,
            28.6651026
          ],
          [
            84.5670542,
            28.665105
          ],
          [
            84.5668718,
            28.6651379
          ],
          [
            84.5665982,
            28.6651662
          ],
          [
            84.5663944,
            28.665178
          ],
          [
            84.5662254,
            28.6651827
          ],
          [
            84.5661013,
            28.6652097
          ],
          [
            84.5659626,
            28.6652556
          ],
          [
            84.5658392,
            28.6652721
          ],
          [
            84.5657024,
            28.6652815
          ],
          [
            84.5656219,
            28.6652862
          ],
          [
            84.5655066,
            28.6652674
          ],
          [
            84.5654127,
            28.6652592
          ],
          [
            84.5652303,
            28.6652768
          ],
          [
            84.5650801,
            28.6652933
          ],
          [
            84.5649554,
            28.6653026
          ],
          [
            84.5648602,
            28.6653262
          ],
          [
            84.5647851,
            28.665345
          ],
          [
            84.5646965,
            28.665338
          ],
          [
            84.5645788,
            28.6653069
          ],
          [
            84.5644444,
            28.665305
          ],
          [
            84.5643586,
            28.6653168
          ],
          [
            84.5642486,
            28.6653286
          ],
          [
            84.5641547,
            28.6653239
          ],
          [
            84.5640757,
            28.6653097
          ],
          [
            84.5637953,
            28.6652509
          ],
          [
            84.5636183,
            28.6652133
          ],
          [
            84.5635003,
            28.6651827
          ],
          [
            84.5634453,
            28.6651485
          ],
          [
            84.5633528,
            28.6651238
          ],
          [
            84.5632535,
            28.6651262
          ],
          [
            84.5631355,
            28.665145
          ],
          [
            84.5630792,
            28.6651403
          ],
          [
            84.5630041,
            28.6650979
          ],
          [
            84.5629102,
            28.6650768
          ],
          [
            84.5628163,
            28.6650838
          ],
          [
            84.5626688,
            28.6650744
          ],
          [
            84.5625696,
            28.6650391
          ],
          [
            84.5624462,
            28.6650109
          ],
          [
            84.5623282,
            28.6650014
          ],
          [
            84.562225,
            28.6649942
          ],
          [
            84.5620868,
            28.6649544
          ],
          [
            84.5619231,
            28.6649167
          ],
          [
            84.5617247,
            28.6649097
          ],
          [
            84.5615315,
            28.6648979
          ],
          [
            84.5613787,
            28.6648649
          ],
          [
            84.5612392,
            28.6648461
          ],
          [
            84.561097,
            28.6648649
          ],
          [
            84.5609602,
            28.6648602
          ],
          [
            84.5607403,
            28.664839
          ],
          [
            84.5605633,
            28.6648555
          ],
          [
            84.5603138,
            28.664792
          ],
          [
            84.5601717,
            28.6647873
          ],
          [
            84.5599941,
            28.664757
          ],
          [
            84.5598203,
            28.6647143
          ],
          [
            84.5596486,
            28.6646743
          ],
          [
            84.5594716,
            28.6646484
          ],
          [
            84.5593563,
            28.6646155
          ],
          [
            84.5591953,
            28.6646061
          ],
          [
            84.5591015,
            28.6645896
          ],
          [
            84.5590017,
            28.6645987
          ],
          [
            84.5588681,
            28.6645896
          ],
          [
            84.5587233,
            28.664592
          ],
          [
            84.5586079,
            28.6645425
          ],
          [
            84.5585301,
            28.6645307
          ],
          [
            84.5584443,
            28.6645296
          ],
          [
            84.5582753,
            28.664519
          ],
          [
            84.5581251,
            28.6645096
          ],
          [
            84.5579541,
            28.6645064
          ],
          [
            84.5578408,
            28.6644154
          ],
          [
            84.5577067,
            28.6643448
          ],
          [
            84.5575196,
            28.6642921
          ],
          [
            84.5571756,
            28.6642271
          ],
          [
            84.5568699,
            28.6641707
          ],
          [
            84.5566124,
            28.6641942
          ],
          [
            84.55639,
            28.6641509
          ],
          [
            84.5560491,
            28.6640718
          ],
          [
            84.555738,
            28.6640012
          ],
          [
            84.5554537,
            28.6639353
          ],
          [
            84.5552523,
            28.6639061
          ],
          [
            84.5550352,
            28.66386
          ],
          [
            84.5547885,
            28.6638271
          ],
          [
            84.5546007,
            28.6637847
          ],
          [
            84.554465,
            28.6637345
          ],
          [
            84.5543271,
            28.6637376
          ],
          [
            84.5543191,
            28.6637517
          ],
          [
            84.5541474,
            28.66374
          ],
          [
            84.5540348,
            28.6637353
          ],
          [
            84.553957,
            28.6637447
          ],
          [
            84.5538819,
            28.66378
          ],
          [
            84.5538282,
            28.6637988
          ],
          [
            84.5537692,
            28.6638035
          ],
          [
            84.5537129,
            28.6637776
          ],
          [
            84.5536174,
            28.6637472
          ],
          [
            84.5535412,
            28.6637447
          ],
          [
            84.5534393,
            28.663707
          ],
          [
            84.5533454,
            28.6636764
          ],
          [
            84.5532546,
            28.6636473
          ],
          [
            84.5531335,
            28.6636246
          ],
          [
            84.5530263,
            28.6636552
          ],
          [
            84.5529217,
            28.6636435
          ],
          [
            84.552792,
            28.6636474
          ],
          [
            84.5527232,
            28.6636035
          ],
          [
            84.5526249,
            28.6635706
          ],
          [
            84.5524979,
            28.6635988
          ],
          [
            84.5524335,
            28.6635917
          ],
          [
            84.5523745,
            28.6636105
          ],
          [
            84.5522726,
            28.6635893
          ],
          [
            84.5521679,
            28.6636082
          ],
          [
            84.5520633,
            28.6636035
          ],
          [
            84.5519598,
            28.6636356
          ],
          [
            84.5518622,
            28.663667
          ],
          [
            84.5517603,
            28.6637258
          ],
          [
            84.5516471,
            28.6637619
          ],
          [
            84.5515296,
            28.6637635
          ],
          [
            84.5514518,
            28.663747
          ],
          [
            84.551358,
            28.6637367
          ],
          [
            84.5513016,
            28.6637223
          ],
          [
            84.5512493,
            28.6637494
          ],
          [
            84.5511742,
            28.6637764
          ],
          [
            84.5510642,
            28.6637917
          ],
          [
            84.5509838,
            28.6638117
          ],
          [
            84.5508993,
            28.663807
          ],
          [
            84.5508255,
            28.6637953
          ],
          [
            84.5507424,
            28.6637823
          ],
          [
            84.5506954,
            28.6637788
          ],
          [
            84.5506612,
            28.66379
          ],
          [
            84.5506331,
            28.663807
          ],
          [
            84.5506217,
            28.6638323
          ],
          [
            84.5505868,
            28.6638512
          ],
          [
            84.5505546,
            28.6638535
          ],
          [
            84.5504815,
            28.6638835
          ],
          [
            84.5503454,
            28.663933
          ],
          [
            84.550273,
            28.66396
          ],
          [
            84.550226,
            28.6639577
          ],
          [
            84.550159,
            28.6639612
          ],
          [
            84.5500557,
            28.6639788
          ],
          [
            84.5499793,
            28.6640012
          ],
          [
            84.5499136,
            28.6640153
          ],
          [
            84.5498143,
            28.6640024
          ],
          [
            84.5497285,
            28.6639977
          ],
          [
            84.5496091,
            28.6640083
          ],
          [
            84.5495099,
            28.6640224
          ],
          [
            84.549408,
            28.6640447
          ],
          [
            84.5492819,
            28.6640989
          ],
          [
            84.5491974,
            28.6641106
          ],
          [
            84.5491223,
            28.6641236
          ],
          [
            84.5490223,
            28.6641228
          ],
          [
            84.5489614,
            28.6641401
          ],
          [
            84.5489037,
            28.6641424
          ],
          [
            84.5488112,
            28.6641483
          ],
          [
            84.5487294,
            28.664166
          ],
          [
            84.5486462,
            28.6641718
          ],
          [
            84.5485818,
            28.6642024
          ],
          [
            84.5485416,
            28.6642295
          ],
          [
            84.5484853,
            28.6642495
          ],
          [
            84.5484482,
            28.6642803
          ],
          [
            84.5483941,
            28.6642977
          ],
          [
            84.5483378,
            28.6642883
          ],
          [
            84.5482828,
            28.6642883
          ],
          [
            84.5482433,
            28.6643144
          ],
          [
            84.5481607,
            28.6643789
          ],
          [
            84.5480897,
            28.6644131
          ],
          [
            84.54804,
            28.664439
          ],
          [
            84.5480011,
            28.6644625
          ],
          [
            84.5479703,
            28.6644837
          ],
          [
            84.5479327,
            28.6644943
          ],
          [
            84.5478984,
            28.6645034
          ],
          [
            84.5478496,
            28.6644919
          ],
          [
            84.547796,
            28.6644625
          ],
          [
            84.5477302,
            28.6644319
          ],
          [
            84.5476685,
            28.6644131
          ],
          [
            84.5475739,
            28.6644117
          ],
          [
            84.5474794,
            28.6644295
          ],
          [
            84.5473232,
            28.6644225
          ],
          [
            84.547171,
            28.6644272
          ],
          [
            84.5470718,
            28.6643942
          ],
          [
            84.546935,
            28.6643472
          ],
          [
            84.5468008,
            28.6643354
          ],
          [
            84.5467123,
            28.6643283
          ],
          [
            84.5465964,
            28.6643371
          ],
          [
            84.5464361,
            28.6643307
          ],
          [
            84.546288,
            28.6643437
          ],
          [
            84.5460311,
            28.6643283
          ],
          [
            84.5458889,
            28.6643519
          ],
          [
            84.5457416,
            28.6643679
          ],
          [
            84.5456998,
            28.6643554
          ],
          [
            84.5456354,
            28.6643766
          ],
          [
            84.5455858,
            28.6643789
          ],
          [
            84.5455241,
            28.6643754
          ],
          [
            84.5454893,
            28.6643566
          ],
          [
            84.5454363,
            28.6643262
          ],
          [
            84.5453887,
            28.6642966
          ],
          [
            84.5453129,
            28.6642707
          ],
          [
            84.5452411,
            28.6642789
          ],
          [
            84.5451888,
            28.6642601
          ],
          [
            84.5451365,
            28.6642201
          ],
          [
            84.5450762,
            28.6642095
          ],
          [
            84.5450293,
            28.6642213
          ],
          [
            84.5449837,
            28.6642248
          ],
          [
            84.5449068,
            28.6642114
          ],
          [
            84.5448267,
            28.664193
          ],
          [
            84.5446647,
            28.6641792
          ],
          [
            84.5445693,
            28.6641507
          ],
          [
            84.5445022,
            28.6641683
          ],
          [
            84.5444056,
            28.6641354
          ],
          [
            84.5442769,
            28.6640836
          ],
          [
            84.5441696,
            28.6641095
          ],
          [
            84.5440516,
            28.6641189
          ],
          [
            84.5438719,
            28.6640695
          ],
          [
            84.5437914,
            28.6640812
          ],
          [
            84.5437136,
            28.6640294
          ],
          [
            84.5436466,
            28.6640236
          ],
          [
            84.5435827,
            28.6639955
          ],
          [
            84.5435379,
            28.6640047
          ],
          [
            84.5434776,
            28.6639847
          ],
          [
            84.5434159,
            28.66402
          ],
          [
            84.5433381,
            28.66402
          ],
          [
            84.5432496,
            28.6639871
          ],
          [
            84.5431316,
            28.6639424
          ],
          [
            84.5430766,
            28.6639294
          ],
          [
            84.5430028,
            28.6639106
          ],
          [
            84.5429277,
            28.6639094
          ],
          [
            84.5428593,
            28.663933
          ],
          [
            84.5428298,
            28.6639694
          ],
          [
            84.5427869,
            28.6639718
          ],
          [
            84.5427572,
            28.6639523
          ],
          [
            84.5426998,
            28.6639259
          ],
          [
            84.5426434,
            28.66392
          ],
          [
            84.5425603,
            28.663933
          ],
          [
            84.5424744,
            28.6639494
          ],
          [
            84.5423806,
            28.6639377
          ],
          [
            84.5422786,
            28.6638953
          ],
          [
            84.5422438,
            28.6639071
          ],
          [
            84.5421982,
            28.6638977
          ],
          [
            84.5420963,
            28.6638812
          ],
          [
            84.5420144,
            28.6638812
          ],
          [
            84.5418254,
            28.6638776
          ],
          [
            84.5417154,
            28.6638423
          ],
          [
            84.5416296,
            28.6638153
          ],
          [
            84.541533,
            28.6638082
          ],
          [
            84.5414588,
            28.6638136
          ],
          [
            84.5413493,
            28.663827
          ],
          [
            84.5412755,
            28.6638459
          ],
          [
            84.5412013,
            28.6638789
          ],
          [
            84.5410502,
            28.6639118
          ],
          [
            84.5409121,
            28.6639306
          ],
          [
            84.5408061,
            28.6639165
          ],
          [
            84.5406814,
            28.6639153
          ],
          [
            84.5405311,
            28.663945
          ],
          [
            84.5404856,
            28.6639506
          ],
          [
            84.5404091,
            28.663933
          ],
          [
            84.5403501,
            28.6639471
          ],
          [
            84.5402616,
            28.6639671
          ],
          [
            84.5401838,
            28.6640047
          ],
          [
            84.5400913,
            28.6640353
          ],
          [
            84.5400068,
            28.664053
          ],
          [
            84.5399505,
            28.6640518
          ],
          [
            84.5398822,
            28.6640214
          ],
          [
            84.5397533,
            28.664
          ],
          [
            84.5396125,
            28.6639847
          ],
          [
            84.5394985,
            28.6639541
          ],
          [
            84.5394114,
            28.663933
          ],
          [
            84.5393243,
            28.6639317
          ],
          [
            84.5392022,
            28.6639353
          ],
          [
            84.5390882,
            28.6639424
          ],
          [
            84.5390144,
            28.6639435
          ],
          [
            84.5389205,
            28.6639506
          ],
          [
            84.5388588,
            28.6639577
          ],
          [
            84.5388132,
            28.6639483
          ],
          [
            84.5387555,
            28.663947
          ],
          [
            84.5386966,
            28.6639412
          ],
          [
            84.5386282,
            28.6639388
          ],
          [
            84.5385677,
            28.663911
          ],
          [
            84.5384806,
            28.6638729
          ],
          [
            84.5383921,
            28.66384
          ],
          [
            84.5383345,
            28.6638165
          ],
          [
            84.5382218,
            28.6637965
          ],
          [
            84.5381695,
            28.6637812
          ],
          [
            84.5380957,
            28.6637835
          ],
          [
            84.5380153,
            28.6637659
          ],
          [
            84.5379608,
            28.6637548
          ],
          [
            84.5378731,
            28.6637058
          ],
          [
            84.537743,
            28.6636741
          ],
          [
            84.5376666,
            28.6636694
          ],
          [
            84.5376009,
            28.6636552
          ],
          [
            84.5375499,
            28.6636211
          ],
          [
            84.5374997,
            28.6635839
          ],
          [
            84.5374306,
            28.663514
          ],
          [
            84.5373541,
            28.6634587
          ],
          [
            84.5372897,
            28.6634222
          ],
          [
            84.5372293,
            28.6633837
          ],
          [
            84.5371677,
            28.6633587
          ],
          [
            84.5371141,
            28.6633516
          ],
          [
            84.5370617,
            28.6633305
          ],
          [
            84.5370041,
            28.6633069
          ],
          [
            84.5369612,
            28.6633057
          ],
          [
            84.5369048,
            28.6633116
          ],
          [
            84.5368659,
            28.6633175
          ],
          [
            84.5367841,
            28.6633152
          ],
          [
            84.5367157,
            28.663321
          ],
          [
            84.5366487,
            28.6633187
          ],
          [
            84.5365575,
            28.6633046
          ],
          [
            84.5364811,
            28.6632916
          ],
          [
            84.5363925,
            28.6632799
          ],
          [
            84.5363322,
            28.6632787
          ],
          [
            84.5362853,
            28.6632834
          ],
          [
            84.5362383,
            28.6632693
          ],
          [
            84.5361927,
            28.6632246
          ],
          [
            84.536135,
            28.6632245
          ],
          [
            84.5360988,
            28.6632351
          ],
          [
            84.5360753,
            28.6632634
          ],
          [
            84.5360425,
            28.6632928
          ],
          [
            84.5359902,
            28.6632975
          ],
          [
            84.5359379,
            28.6632975
          ],
          [
            84.5358721,
            28.6633009
          ],
          [
            84.5358025,
            28.6632704
          ],
          [
            84.53573,
            28.6632198
          ],
          [
            84.5356442,
            28.6632034
          ],
          [
            84.5355275,
            28.6631245
          ],
          [
            84.5354578,
            28.6631092
          ],
          [
            84.5354149,
            28.6630692
          ],
          [
            84.5353487,
            28.6630281
          ],
          [
            84.5351815,
            28.6629704
          ],
          [
            84.5350769,
            28.6629539
          ],
          [
            84.5349535,
            28.662961
          ],
          [
            84.5348884,
            28.6629505
          ],
          [
            84.5348248,
            28.6629186
          ],
          [
            84.5347631,
            28.6628456
          ],
          [
            84.5347255,
            28.6628339
          ],
          [
            84.5346585,
            28.6628174
          ],
          [
            84.5345351,
            28.6627538
          ],
          [
            84.5344385,
            28.6626974
          ],
          [
            84.5342883,
            28.6626173
          ],
          [
            84.5340979,
            28.6625514
          ],
          [
            84.5340416,
            28.662542
          ],
          [
            84.5339611,
            28.6625091
          ],
          [
            84.533866,
            28.6624946
          ],
          [
            84.5337814,
            28.6624855
          ],
          [
            84.5336366,
            28.6624526
          ],
          [
            84.5335561,
            28.6624549
          ],
          [
            84.5334193,
            28.6624785
          ],
          [
            84.5333378,
            28.6624885
          ],
          [
            84.5332731,
            28.6624773
          ],
          [
            84.5332302,
            28.6624667
          ],
          [
            84.5331873,
            28.662475
          ],
          [
            84.5331082,
            28.6624879
          ],
          [
            84.5330518,
            28.6625044
          ],
          [
            84.5329955,
            28.6625326
          ],
          [
            84.5329741,
            28.6625891
          ],
          [
            84.5329338,
            28.662622
          ],
          [
            84.532899,
            28.6626526
          ],
          [
            84.532856,
            28.662655
          ],
          [
            84.5328453,
            28.6626762
          ],
          [
            84.5328292,
            28.6626974
          ],
          [
            84.5327541,
            28.6627127
          ],
          [
            84.5326938,
            28.662728
          ],
          [
            84.5326321,
            28.6627338
          ],
          [
            84.5325677,
            28.6627397
          ],
          [
            84.5324966,
            28.6627362
          ],
          [
            84.5324256,
            28.6627291
          ],
          [
            84.5323719,
            28.6627491
          ],
          [
            84.5323195,
            28.6627767
          ],
          [
            84.5322646,
            28.6627762
          ],
          [
            84.532211,
            28.6627468
          ],
          [
            84.5321761,
            28.6627174
          ],
          [
            84.5321493,
            28.6626868
          ],
          [
            84.5321265,
            28.6626503
          ],
          [
            84.5321091,
            28.6626279
          ],
          [
            84.5320903,
            28.6626173
          ],
          [
            84.5320683,
            28.662629
          ],
          [
            84.532048,
            28.6626503
          ],
          [
            84.5320158,
            28.6626656
          ],
          [
            84.5319904,
            28.6626732
          ],
          [
            84.5319588,
            28.6626927
          ],
          [
            84.5319308,
            28.6627067
          ],
          [
            84.5319019,
            28.6627015
          ],
          [
            84.5318871,
            28.6626874
          ],
          [
            84.5318663,
            28.6626809
          ],
          [
            84.5318428,
            28.6626891
          ],
          [
            84.5318254,
            28.6626991
          ],
          [
            84.531812,
            28.6627015
          ],
          [
            84.5317972,
            28.6626915
          ],
          [
            84.5317952,
            28.6626762
          ],
          [
            84.5317959,
            28.6626585
          ],
          [
            84.5317818,
            28.6626468
          ],
          [
            84.531757,
            28.6626368
          ],
          [
            84.5317302,
            28.662632
          ],
          [
            84.5317034,
            28.6626256
          ],
          [
            84.5316819,
            28.6626315
          ],
          [
            84.5316692,
            28.6626479
          ],
          [
            84.5316673,
            28.6626702
          ],
          [
            84.5316591,
            28.6626897
          ],
          [
            84.5316189,
            28.6627185
          ],
          [
            84.5316035,
            28.6627468
          ],
          [
            84.5315927,
            28.6627668
          ],
          [
            84.5315572,
            28.662778
          ],
          [
            84.5315317,
            28.6627986
          ],
          [
            84.5315049,
            28.6628215
          ],
          [
            84.53147,
            28.6628256
          ],
          [
            84.5314412,
            28.6628574
          ],
          [
            84.531403,
            28.662858
          ],
          [
            84.5313741,
            28.6628686
          ],
          [
            84.531358,
            28.6628892
          ],
          [
            84.5313352,
            28.6629009
          ],
          [
            84.5313071,
            28.6629004
          ],
          [
            84.5312816,
            28.6628921
          ],
          [
            84.5312447,
            28.6628821
          ],
          [
            84.5312186,
            28.6628839
          ],
          [
            84.531181,
            28.6628956
          ],
          [
            84.5311508,
            28.6629121
          ],
          [
            84.5311327,
            28.662928
          ],
          [
            84.5311066,
            28.6629586
          ],
          [
            84.5310657,
            28.6629786
          ],
          [
            84.5310288,
            28.6629939
          ],
          [
            84.5310006,
            28.6630121
          ],
          [
            84.5309812,
            28.6630416
          ],
          [
            84.5309725,
            28.6630622
          ],
          [
            84.5309651,
            28.6630763
          ],
          [
            84.5309517,
            28.6630816
          ],
          [
            84.5309199,
            28.6630818
          ],
          [
            84.5309074,
            28.6631116
          ],
          [
            84.5308873,
            28.6631528
          ],
          [
            84.530839,
            28.663181
          ],
          [
            84.5307827,
            28.6631916
          ],
          [
            84.530721,
            28.663201
          ],
          [
            84.5306419,
            28.6632457
          ],
          [
            84.530599,
            28.6632599
          ],
          [
            84.5305574,
            28.663261
          ],
          [
            84.5304944,
            28.6633034
          ],
          [
            84.5304434,
            28.6633352
          ],
          [
            84.530426,
            28.6633599
          ],
          [
            84.5303857,
            28.6633834
          ],
          [
            84.5303147,
            28.6634281
          ],
          [
            84.5302691,
            28.6634352
          ],
          [
            84.5302235,
            28.6634552
          ],
          [
            84.5301953,
            28.6634976
          ],
          [
            84.5301779,
            28.6635352
          ],
          [
            84.5301725,
            28.6635611
          ],
          [
            84.5301685,
            28.6635976
          ],
          [
            84.5301497,
            28.6636294
          ],
          [
            84.5301336,
            28.6636576
          ],
          [
            84.5301041,
            28.6636764
          ],
          [
            84.5300813,
            28.6636976
          ],
          [
            84.5300491,
            28.6636988
          ],
          [
            84.5300042,
            28.6636958
          ],
          [
            84.5299928,
            28.663717
          ],
          [
            84.5299794,
            28.6637294
          ],
          [
            84.5299472,
            28.6637211
          ],
          [
            84.529907,
            28.6637223
          ],
          [
            84.5298788,
            28.66374
          ],
          [
            84.5298479,
            28.6637459
          ],
          [
            84.5298104,
            28.6637564
          ],
          [
            84.5297755,
            28.6637812
          ],
          [
            84.5297728,
            28.6638141
          ],
          [
            84.5297581,
            28.6638459
          ],
          [
            84.5297299,
            28.6638929
          ],
          [
            84.5296884,
            28.6639153
          ],
          [
            84.529632,
            28.6639483
          ],
          [
            84.5296106,
            28.6639812
          ],
          [
            84.5295744,
            28.6640036
          ],
          [
            84.5295221,
            28.6640306
          ],
          [
            84.5294835,
            28.6640597
          ],
          [
            84.529459,
            28.6641001
          ],
          [
            84.5294134,
            28.6641083
          ],
          [
            84.5293745,
            28.664113
          ],
          [
            84.5293222,
            28.6641189
          ],
          [
            84.5292538,
            28.6641401
          ],
          [
            84.5292029,
            28.6641401
          ],
          [
            84.5291667,
            28.6641612
          ],
          [
            84.5291238,
            28.6641895
          ],
          [
            84.529105,
            28.6642177
          ],
          [
            84.5290647,
            28.664246
          ],
          [
            84.5290071,
            28.6642672
          ],
          [
            84.5289642,
            28.6642836
          ],
          [
            84.5289132,
            28.6642836
          ],
          [
            84.5288783,
            28.6642742
          ],
          [
            84.5288408,
            28.6642613
          ],
          [
            84.5287858,
            28.6642495
          ],
          [
            84.5287228,
            28.6642589
          ],
          [
            84.5286651,
            28.6642566
          ],
          [
            84.5286021,
            28.6642636
          ],
          [
            84.5284787,
            28.6642648
          ],
          [
            84.5284089,
            28.6642895
          ],
          [
            84.528354,
            28.6642883
          ],
          [
            84.5282829,
            28.6643001
          ],
          [
            84.528193,
            28.6643083
          ],
          [
            84.5281059,
            28.6643201
          ],
          [
            84.5280442,
            28.6643283
          ],
          [
            84.5279704,
            28.6643483
          ],
          [
            84.5279309,
            28.6643765
          ],
          [
            84.5279033,
            28.6643742
          ],
          [
            84.5278604,
            28.6643719
          ],
          [
            84.5278256,
            28.6643707
          ],
          [
            84.5278014,
            28.6644084
          ],
          [
            84.5274249,
            28.664368
          ],
          [
            84.526999,
            28.6644721
          ],
          [
            84.5266078,
            28.6647767
          ],
          [
            84.5265435,
            28.6647967
          ],
          [
            84.526479,
            28.6648332
          ],
          [
            84.5264348,
            28.6648708
          ],
          [
            84.5263758,
            28.664892
          ],
          [
            84.5263316,
            28.6649297
          ],
          [
            84.526239,
            28.664952
          ],
          [
            84.5261572,
            28.6649814
          ],
          [
            84.5260701,
            28.6650097
          ],
          [
            84.5259722,
            28.6650073
          ],
          [
            84.5258743,
            28.6649991
          ],
          [
            84.5258072,
            28.6650285
          ],
          [
            84.525732,
            28.6650342
          ],
          [
            84.5256463,
            28.6650673
          ],
          [
            84.5255685,
            28.6650815
          ],
          [
            84.52548,
            28.6650885
          ],
          [
            84.5254022,
            28.6650815
          ],
          [
            84.5253003,
            28.665105
          ],
          [
            84.5251581,
            28.6651497
          ],
          [
            84.5250642,
            28.6651991
          ],
          [
            84.524973,
            28.6652509
          ],
          [
            84.5248792,
            28.665305
          ],
          [
            84.5248014,
            28.665345
          ],
          [
            84.5247041,
            28.665397
          ],
          [
            84.5245922,
            28.6654204
          ],
          [
            84.5245171,
            28.6653921
          ],
          [
            84.5244232,
            28.6653733
          ],
          [
            84.5243159,
            28.6653874
          ],
          [
            84.524222,
            28.6653874
          ],
          [
            84.5241751,
            28.6654051
          ],
          [
            84.5241255,
            28.6654251
          ],
          [
            84.5240852,
            28.6654533
          ],
          [
            84.5240611,
            28.6654815
          ],
          [
            84.5240182,
            28.6654721
          ],
          [
            84.5239833,
            28.6654757
          ],
          [
            84.5239453,
            28.6654911
          ],
          [
            84.5238988,
            28.6654733
          ],
          [
            84.5238653,
            28.665478
          ],
          [
            84.5238425,
            28.6654392
          ],
          [
            84.5238143,
            28.6654204
          ],
          [
            84.5237728,
            28.6654166
          ],
          [
            84.5237097,
            28.6654309
          ],
          [
            84.5236708,
            28.665458
          ],
          [
            84.5236373,
            28.6654851
          ],
          [
            84.5234531,
            28.6654996
          ],
          [
            84.523251,
            28.6654614
          ],
          [
            84.5231149,
            28.665431
          ],
          [
            84.5229788,
            28.6653427
          ],
          [
            84.5229533,
            28.6653203
          ],
          [
            84.5229131,
            28.6653156
          ],
          [
            84.5228843,
            28.6653457
          ],
          [
            84.5228662,
            28.6653533
          ],
          [
            84.5228353,
            28.6653839
          ],
          [
            84.522787,
            28.6653921
          ],
          [
            84.5227562,
            28.6654204
          ],
          [
            84.5227092,
            28.6654139
          ],
          [
            84.5226831,
            28.6653992
          ],
          [
            84.5226469,
            28.6653762
          ],
          [
            84.522604,
            28.6653633
          ],
          [
            84.5225463,
            28.6653692
          ],
          [
            84.5225094,
            28.6653798
          ],
          [
            84.522496,
            28.665398
          ],
          [
            84.52249,
            28.6654168
          ],
          [
            84.5224813,
            28.6654339
          ],
          [
            84.5224571,
            28.6654498
          ],
          [
            84.5224109,
            28.6654533
          ],
          [
            84.5223686,
            28.6654462
          ],
          [
            84.5223223,
            28.6654433
          ],
          [
            84.5222674,
            28.6654539
          ],
          [
            84.522209,
            28.6654721
          ],
          [
            84.5221286,
            28.6654863
          ],
          [
            84.5220856,
            28.6654886
          ],
          [
            84.5220146,
            28.6654827
          ],
          [
            84.5219623,
            28.665478
          ],
          [
            84.5219086,
            28.6654921
          ],
          [
            84.5218402,
            28.6654921
          ],
          [
            84.5217852,
            28.6654863
          ],
          [
            84.5217048,
            28.6654933
          ],
          [
            84.5216484,
            28.6655039
          ],
          [
            84.52158,
            28.665518
          ],
          [
            84.5215291,
            28.6655027
          ],
          [
            84.5214942,
            28.6654851
          ],
          [
            84.5214634,
            28.6654721
          ],
          [
            84.5214164,
            28.6654792
          ],
          [
            84.5213641,
            28.6654945
          ],
          [
            84.5213346,
            28.6655227
          ],
          [
            84.5212635,
            28.6655557
          ],
          [
            84.5212059,
            28.6655545
          ],
          [
            84.5211428,
            28.6655416
          ],
          [
            84.5210946,
            28.6655286
          ],
          [
            84.5210436,
            28.6655239
          ],
          [
            84.5209977,
            28.665513
          ],
          [
            84.5209524,
            28.6654733
          ],
          [
            84.5209202,
            28.6654486
          ],
          [
            84.5208733,
            28.6654074
          ],
          [
            84.5208612,
            28.665358
          ],
          [
            84.5208545,
            28.6653286
          ],
          [
            84.5208612,
            28.6653097
          ],
          [
            84.5208411,
            28.6652862
          ],
          [
            84.520798,
            28.6652558
          ],
          [
            84.5207807,
            28.6652438
          ],
          [
            84.5207754,
            28.6651674
          ],
          [
            84.5207942,
            28.6651215
          ],
          [
            84.5208263,
            28.6650862
          ],
          [
            84.5208572,
            28.665032
          ],
          [
            84.5208402,
            28.6649707
          ],
          [
            84.5207892,
            28.6648509
          ],
          [
            84.5208015,
            28.6647317
          ],
          [
            84.5207928,
            28.6647049
          ],
          [
            84.5207975,
            28.6646728
          ],
          [
            84.5207898,
            28.6646543
          ],
          [
            84.5207747,
            28.6646411
          ],
          [
            84.5207486,
            28.6646261
          ],
          [
            84.5207191,
            28.6646169
          ],
          [
            84.5206855,
            28.6646002
          ],
          [
            84.520652,
            28.6645755
          ],
          [
            84.5206319,
            28.6645543
          ],
          [
            84.5206104,
            28.6645349
          ],
          [
            84.5206024,
            28.6645166
          ],
          [
            84.5206051,
            28.6644984
          ],
          [
            84.5206118,
            28.6644819
          ],
          [
            84.5206165,
            28.6644578
          ],
          [
            84.5206165,
            28.6644284
          ],
          [
            84.5206178,
            28.6644037
          ],
          [
            84.5206037,
            28.664376
          ],
          [
            84.5205793,
            28.664336
          ],
          [
            84.520591,
            28.6642972
          ],
          [
            84.5205977,
            28.6642636
          ],
          [
            84.5205977,
            28.6642407
          ],
          [
            84.5205782,
            28.6642195
          ],
          [
            84.5205507,
            28.6642124
          ],
          [
            84.5205199,
            28.6642148
          ],
          [
            84.5204951,
            28.6641942
          ],
          [
            84.5204706,
            28.664167
          ],
          [
            84.5204649,
            28.6641236
          ],
          [
            84.5204562,
            28.6640795
          ],
          [
            84.5204435,
            28.6640406
          ],
          [
            84.52043,
            28.6640136
          ],
          [
            84.5204267,
            28.6639924
          ],
          [
            84.5204193,
            28.6639677
          ],
          [
            84.5204106,
            28.6639465
          ],
          [
            84.5204019,
            28.6639312
          ],
          [
            84.5203784,
            28.66392
          ],
          [
            84.5203623,
            28.6639082
          ],
          [
            84.5203301,
            28.6639294
          ],
          [
            84.5203132,
            28.6639202
          ],
          [
            84.5202832,
            28.6639377
          ],
          [
            84.5202738,
            28.6639535
          ],
          [
            84.520249,
            28.6639424
          ],
          [
            84.5202222,
            28.6639288
          ],
          [
            84.520198,
            28.6639182
          ],
          [
            84.5201676,
            28.6639201
          ],
          [
            84.5201343,
            28.6639294
          ],
          [
            84.5201048,
            28.6639224
          ],
          [
            84.5200727,
            28.6639123
          ],
          [
            84.5200284,
            28.6639153
          ],
          [
            84.5199841,
            28.6639035
          ],
          [
            84.5199546,
            28.6638941
          ],
          [
            84.5199023,
            28.6638847
          ],
          [
            84.5198688,
            28.6639018
          ],
          [
            84.5198286,
            28.6638741
          ],
          [
            84.5197736,
            28.6638576
          ],
          [
            84.5196795,
            28.6638483
          ],
          [
            84.5196301,
            28.6638153
          ],
          [
            84.5195416,
            28.6637988
          ],
          [
            84.5194826,
            28.6638012
          ],
          [
            84.5194262,
            28.6637729
          ],
          [
            84.5193806,
            28.66374
          ],
          [
            84.5193189,
            28.6637635
          ],
          [
            84.5192742,
            28.6637961
          ],
          [
            84.5192219,
            28.6637913
          ],
          [
            84.5191634,
            28.6637776
          ],
          [
            84.5190749,
            28.663787
          ],
          [
            84.519016,
            28.6637627
          ],
          [
            84.5189434,
            28.6637588
          ],
          [
            84.5188925,
            28.6637694
          ],
          [
            84.518844,
            28.6637657
          ],
          [
            84.5188013,
            28.6637411
          ],
          [
            84.5187623,
            28.6637252
          ],
          [
            84.5187114,
            28.6637105
          ],
          [
            84.5186786,
            28.6637007
          ],
          [
            84.5186631,
            28.6636611
          ],
          [
            84.5186135,
            28.6636376
          ],
          [
            84.5185545,
            28.6636282
          ],
          [
            84.5185156,
            28.6635988
          ],
          [
            84.5184459,
            28.6635705
          ],
          [
            84.518403,
            28.6635446
          ],
          [
            84.5183721,
            28.6635435
          ],
          [
            84.5183346,
            28.6635446
          ],
          [
            84.5182779,
            28.6635382
          ],
          [
            84.5182367,
            28.6635211
          ],
          [
            84.5182001,
            28.6634968
          ],
          [
            84.5181535,
            28.6634611
          ],
          [
            84.5181119,
            28.6634222
          ],
          [
            84.5180731,
            28.6633964
          ],
          [
            84.5180462,
            28.6633752
          ],
          [
            84.518011,
            28.6633558
          ],
          [
            84.5179591,
            28.6633399
          ],
          [
            84.5179148,
            28.6633434
          ],
          [
            84.5178813,
            28.6633387
          ],
          [
            84.5178549,
            28.6633216
          ],
          [
            84.5178249,
            28.6633081
          ],
          [
            84.5177793,
            28.663301
          ],
          [
            84.5177405,
            28.6632999
          ],
          [
            84.5177074,
            28.6632898
          ],
          [
            84.5176573,
            28.6632704
          ],
          [
            84.5175983,
            28.6632398
          ],
          [
            84.5175565,
            28.6632166
          ],
          [
            84.5175165,
            28.6631951
          ],
          [
            84.5174736,
            28.6631787
          ],
          [
            84.517436,
            28.6631669
          ],
          [
            84.517402,
            28.6631574
          ],
          [
            84.5173556,
            28.6631622
          ],
          [
            84.5173194,
            28.6631753
          ],
          [
            84.5172845,
            28.6631822
          ],
          [
            84.517263,
            28.6631704
          ],
          [
            84.5172258,
            28.6631738
          ],
          [
            84.5171987,
            28.6631516
          ],
          [
            84.5171678,
            28.663141
          ],
          [
            84.517149,
            28.6631257
          ],
          [
            84.5171168,
            28.6631222
          ],
          [
            84.5170817,
            28.6631218
          ],
          [
            84.5170351,
            28.6631041
          ],
          [
            84.5169935,
            28.6630822
          ],
          [
            84.516964,
            28.6630622
          ],
          [
            84.5169223,
            28.6630364
          ],
          [
            84.5168813,
            28.6630078
          ],
          [
            84.5168178,
            28.662981
          ],
          [
            84.5167855,
            28.6629448
          ],
          [
            84.5167413,
            28.6629056
          ],
          [
            84.5166971,
            28.662868
          ],
          [
            84.5166273,
            28.6628327
          ],
          [
            84.5165858,
            28.6628092
          ],
          [
            84.5165469,
            28.6628021
          ],
          [
            84.516516,
            28.662788
          ],
          [
            84.5164714,
            28.6627616
          ],
          [
            84.5163926,
            28.6627338
          ],
          [
            84.5162867,
            28.662708
          ],
          [
            84.5162036,
            28.6626868
          ],
          [
            84.5161298,
            28.6626562
          ],
          [
            84.516048,
            28.6626315
          ],
          [
            84.5159809,
            28.6626397
          ],
          [
            84.51593,
            28.662635
          ],
          [
            84.5158715,
            28.6626296
          ],
          [
            84.5157744,
            28.6626244
          ],
          [
            84.5156617,
            28.6626362
          ],
          [
            84.5155719,
            28.6626562
          ],
          [
            84.5155115,
            28.6626797
          ],
          [
            84.5154604,
            28.6627207
          ],
          [
            84.5153975,
            28.6627633
          ],
          [
            84.5153104,
            28.6627762
          ],
          [
            84.5152594,
            28.6628092
          ],
          [
            84.5151977,
            28.662835
          ],
          [
            84.5151709,
            28.6628527
          ],
          [
            84.5151226,
            28.6628998
          ],
          [
            84.5150676,
            28.6629433
          ],
          [
            84.5150247,
            28.6629598
          ],
          [
            84.5149657,
            28.6629786
          ],
          [
            84.5149228,
            28.6630033
          ],
          [
            84.5148709,
            28.663004
          ],
          [
            84.5147954,
            28.6629951
          ],
          [
            84.5147136,
            28.6630163
          ],
          [
            84.5147377,
            28.6630504
          ],
          [
            84.5147444,
            28.6630716
          ],
          [
            84.5147337,
            28.6631033
          ],
          [
            84.5147109,
            28.6631328
          ],
          [
            84.5146653,
            28.6631386
          ],
          [
            84.5145969,
            28.6631634
          ],
          [
            84.5145084,
            28.6631834
          ],
          [
            84.5144293,
            28.6631928
          ],
          [
            84.5143461,
            28.6632187
          ],
          [
            84.5142626,
            28.6632325
          ],
          [
            84.5141771,
            28.6632716
          ],
          [
            84.5141047,
            28.6633293
          ],
          [
            84.5140578,
            28.6633493
          ],
          [
            84.5139961,
            28.6633552
          ],
          [
            84.5139371,
            28.6633458
          ],
          [
            84.5138593,
            28.6633563
          ],
          [
            84.5137869,
            28.6633869
          ],
          [
            84.5137319,
            28.6634152
          ],
          [
            84.5136997,
            28.6634328
          ],
          [
            84.5136461,
            28.6634517
          ],
          [
            84.5135777,
            28.6635093
          ],
          [
            84.5134771,
            28.663587
          ],
          [
            84.5134369,
            28.6636341
          ],
          [
            84.5133765,
            28.6636576
          ],
          [
            84.5133162,
            28.66368
          ],
          [
            84.5132866,
            28.6637141
          ],
          [
            84.5132631,
            28.6637339
          ],
          [
            84.5131472,
            28.6637282
          ],
          [
            84.5129675,
            28.6637376
          ],
          [
            84.5128427,
            28.6637223
          ],
          [
            84.512773,
            28.6637423
          ],
          [
            84.5127078,
            28.6637552
          ],
          [
            84.5125437,
            28.6637576
          ],
          [
            84.5124552,
            28.6637517
          ],
          [
            84.5123667,
            28.6637317
          ],
          [
            84.5122258,
            28.6637447
          ],
          [
            84.5120461,
            28.66376
          ],
          [
            84.5118529,
            28.6638401
          ],
          [
            84.5117229,
            28.6638882
          ],
          [
            84.5116022,
            28.6638929
          ],
          [
            84.5114708,
            28.6639141
          ],
          [
            84.5114225,
            28.6639541
          ],
          [
            84.5113769,
            28.6639847
          ],
          [
            84.5112911,
            28.6639753
          ],
          [
            84.5112267,
            28.6639494
          ],
          [
            84.5111597,
            28.6639659
          ],
          [
            84.5111007,
            28.6639953
          ],
          [
            84.5109719,
            28.6640342
          ],
          [
            84.51087,
            28.6640859
          ],
          [
            84.5108083,
            28.6641189
          ],
          [
            84.5107452,
            28.6641283
          ],
          [
            84.51065,
            28.6641307
          ],
          [
            84.5105572,
            28.6641321
          ],
          [
            84.5104596,
            28.664133
          ],
          [
            84.510402,
            28.6641352
          ],
          [
            84.5103711,
            28.664153
          ],
          [
            84.5103389,
            28.6641801
          ],
          [
            84.5103121,
            28.6642024
          ],
          [
            84.5102748,
            28.6642103
          ],
          [
            84.5101927,
            28.6641883
          ],
          [
            84.5101431,
            28.6641824
          ],
          [
            84.5100948,
            28.6641907
          ],
          [
            84.5100439,
            28.6641939
          ],
          [
            84.5100211,
            28.6642201
          ],
          [
            84.5100009,
            28.6642495
          ],
          [
            84.5099393,
            28.6642613
          ],
          [
            84.5098642,
            28.6642648
          ],
          [
            84.5098038,
            28.6642613
          ],
          [
            84.5097738,
            28.664293
          ],
          [
            84.5097274,
            28.6643201
          ],
          [
            84.5096737,
            28.6643142
          ],
          [
            84.509616,
            28.6643107
          ],
          [
            84.5095476,
            28.664313
          ],
          [
            84.5095128,
            28.6643413
          ],
          [
            84.5094605,
            28.6643731
          ],
          [
            84.5093881,
            28.664406
          ],
          [
            84.5093478,
            28.6644037
          ],
          [
            84.5093317,
            28.664386
          ],
          [
            84.5093344,
            28.6643531
          ],
          [
            84.5093425,
            28.6643225
          ],
          [
            84.5093465,
            28.664293
          ],
          [
            84.5093379,
            28.6642645
          ],
          [
            84.509321,
            28.664253
          ],
          [
            84.5092472,
            28.6642566
          ],
          [
            84.5091815,
            28.6642495
          ],
          [
            84.5091037,
            28.6642401
          ],
          [
            84.5090528,
            28.664226
          ],
          [
            84.5090005,
            28.6642224
          ],
          [
            84.5089307,
            28.6642177
          ],
          [
            84.5088959,
            28.6642201
          ],
          [
            84.5088503,
            28.6642142
          ],
          [
            84.5088181,
            28.6642318
          ],
          [
            84.5087966,
            28.6642224
          ],
          [
            84.5087631,
            28.6642166
          ],
          [
            84.508743,
            28.6642307
          ],
          [
            84.5087356,
            28.6641984
          ],
          [
            84.5087041,
            28.6642013
          ],
          [
            84.50868,
            28.6641865
          ],
          [
            84.5086397,
            28.6642024
          ],
          [
            84.5086183,
            28.6642224
          ],
          [
            84.5085901,
            28.6642471
          ],
          [
            84.5085512,
            28.6642719
          ],
          [
            84.5084808,
            28.6642925
          ],
          [
            84.5084124,
            28.6643042
          ],
          [
            84.5083728,
            28.6643077
          ],
          [
            84.5083447,
            28.6643219
          ],
          [
            84.5083299,
            28.6643307
          ],
          [
            84.5083058,
            28.6643219
          ],
          [
            84.5082863,
            28.6643154
          ],
          [
            84.5082635,
            28.6643189
          ],
          [
            84.5082334,
            28.6643336
          ],
          [
            84.5081978,
            28.6643495
          ],
          [
            84.5081623,
            28.6643648
          ],
          [
            84.5081214,
            28.6643695
          ],
          [
            84.5080845,
            28.6643625
          ],
          [
            84.5080342,
            28.6643601
          ],
          [
            84.5079967,
            28.6643607
          ],
          [
            84.5079464,
            28.6643713
          ],
          [
            84.5078954,
            28.6643901
          ],
          [
            84.5078572,
            28.664406
          ],
          [
            84.5077727,
            28.6644301
          ],
          [
            84.5076963,
            28.6644395
          ],
          [
            84.5076165,
            28.6644701
          ],
          [
            84.507542,
            28.6644931
          ],
          [
            84.5074911,
            28.6645101
          ],
          [
            84.5074482,
            28.6645219
          ],
          [
            84.5073804,
            28.6645354
          ],
          [
            84.5073187,
            28.6645613
          ],
          [
            84.5072684,
            28.6645855
          ],
          [
            84.5072208,
            28.6646072
          ],
          [
            84.507194,
            28.6646237
          ],
          [
            84.5071699,
            28.664639
          ],
          [
            84.5071498,
            28.6646402
          ],
          [
            84.5071314,
            28.6646306
          ],
          [
            84.5071115,
            28.6646143
          ],
          [
            84.5070713,
            28.6646125
          ],
          [
            84.5070391,
            28.6646113
          ],
          [
            84.5070123,
            28.6646072
          ],
          [
            84.5069747,
            28.6646261
          ],
          [
            84.5069419,
            28.6646384
          ],
          [
            84.5069258,
            28.6646414
          ],
          [
            84.5068762,
            28.664629
          ],
          [
            84.5068393,
            28.6646184
          ],
          [
            84.5068212,
            28.6646296
          ],
          [
            84.506797,
            28.6646302
          ],
          [
            84.5067763,
            28.6646208
          ],
          [
            84.5067561,
            28.6646125
          ],
          [
            84.5067058,
            28.6646196
          ],
          [
            84.5066737,
            28.6646272
          ],
          [
            84.5066421,
            28.6646231
          ],
          [
            84.5066033,
            28.6646308
          ],
          [
            84.5065684,
            28.6646396
          ],
          [
            84.5065255,
            28.664639
          ],
          [
            84.5064812,
            28.6646378
          ],
          [
            84.5064215,
            28.6646519
          ],
          [
            84.50639,
            28.6646608
          ],
          [
            84.5063592,
            28.6646767
          ],
          [
            84.5063337,
            28.6646837
          ],
          [
            84.5063049,
            28.6646737
          ],
          [
            84.5062432,
            28.6646812
          ],
          [
            84.5062157,
            28.6647031
          ],
          [
            84.5061909,
            28.6646996
          ],
          [
            84.5061587,
            28.6646861
          ],
          [
            84.5061359,
            28.6646749
          ],
          [
            84.5061044,
            28.6646725
          ],
          [
            84.5060581,
            28.6646872
          ],
          [
            84.5060387,
            28.6647137
          ],
          [
            84.5060078,
            28.6647326
          ],
          [
            84.5059776,
            28.6647502
          ],
          [
            84.505934,
            28.6647714
          ],
          [
            84.5058898,
            28.6647802
          ],
          [
            84.5058187,
            28.6647784
          ],
          [
            84.505755,
            28.6648014
          ],
          [
            84.5057114,
            28.6648249
          ],
          [
            84.5056531,
            28.6648555
          ],
          [
            84.5055927,
            28.6648555
          ],
          [
            84.5055198,
            28.6648773
          ],
          [
            84.5054452,
            28.6649391
          ],
          [
            84.5054117,
            28.6649944
          ],
          [
            84.5053902,
            28.6650438
          ],
          [
            84.5053715,
            28.6650897
          ],
          [
            84.5053446,
            28.6651262
          ],
          [
            84.5052937,
            28.6651591
          ],
          [
            84.5052628,
            28.6651862
          ],
          [
            84.5052105,
            28.6652109
          ],
          [
            84.5051667,
            28.6652373
          ],
          [
            84.505118,
            28.665258
          ],
          [
            84.5050912,
            28.6652874
          ],
          [
            84.5050885,
            28.6653156
          ],
          [
            84.5050791,
            28.6653356
          ],
          [
            84.5050509,
            28.6653556
          ],
          [
            84.5049946,
            28.6654074
          ],
          [
            84.5049705,
            28.6653956
          ],
          [
            84.5049477,
            28.6653792
          ],
          [
            84.5048806,
            28.6654427
          ],
          [
            84.5048162,
            28.6655121
          ],
          [
            84.5047814,
            28.6655592
          ],
          [
            84.5047478,
            28.6655886
          ],
          [
            84.5047196,
            28.6655751
          ],
          [
            84.504666,
            28.6655486
          ],
          [
            84.5046405,
            28.6655298
          ],
          [
            84.5045936,
            28.6655522
          ],
          [
            84.5045373,
            28.6655933
          ],
          [
            84.5044675,
            28.6656286
          ],
          [
            84.5044126,
            28.6656498
          ],
          [
            84.5043924,
            28.6656792
          ],
          [
            84.5043495,
            28.6656439
          ],
          [
            84.5043106,
            28.6656992
          ],
          [
            84.5042677,
            28.6656981
          ],
          [
            84.5042489,
            28.6656592
          ],
          [
            84.5042074,
            28.6656804
          ],
          [
            84.5041715,
            28.665706
          ],
          [
            84.5041336,
            28.6656557
          ],
          [
            84.50408,
            28.6656745
          ],
          [
            84.5040733,
            28.6656333
          ],
          [
            84.5040169,
            28.6656581
          ],
          [
            84.5040008,
            28.6656098
          ],
          [
            84.5039915,
            28.6655616
          ],
          [
            84.5039941,
            28.6655263
          ],
          [
            84.5039874,
            28.665491
          ],
          [
            84.503974,
            28.6654627
          ],
          [
            84.5039485,
            28.6654592
          ],
          [
            84.5039164,
            28.6654851
          ],
          [
            84.5038846,
            28.6654699
          ],
          [
            84.503852,
            28.6654827
          ],
          [
            84.5038104,
            28.6654545
          ],
          [
            84.5037916,
            28.6654192
          ],
          [
            84.5037447,
            28.6654415
          ],
          [
            84.503732,
            28.6654139
          ],
          [
            84.5036904,
            28.6654121
          ],
          [
            84.5036602,
            28.6654227
          ],
          [
            84.5036408,
            28.6653909
          ],
          [
            84.5035784,
            28.6654045
          ],
          [
            84.5035523,
            28.665371
          ],
          [
            84.503504,
            28.665365
          ],
          [
            84.5034691,
            28.6653762
          ],
          [
            84.5034523,
            28.6653862
          ],
          [
            84.5034061,
            28.6653774
          ],
          [
            84.5033772,
            28.6653868
          ],
          [
            84.5033169,
            28.6653774
          ],
          [
            84.5032787,
            28.6653703
          ],
          [
            84.5032485,
            28.6653721
          ],
          [
            84.5032202,
            28.6653852
          ],
          [
            84.5031774,
            28.665398
          ],
          [
            84.5031479,
            28.6654068
          ],
          [
            84.5031016,
            28.6654221
          ],
          [
            84.5030741,
            28.6654486
          ],
          [
            84.5030285,
            28.6654651
          ],
          [
            84.5029695,
            28.6654698
          ],
          [
            84.5029145,
            28.665471
          ],
          [
            84.502881,
            28.6654851
          ],
          [
            84.5028636,
            28.6655027
          ],
          [
            84.5028287,
            28.665531
          ],
          [
            84.5027724,
            28.665558
          ],
          [
            84.5027429,
            28.6655757
          ],
          [
            84.5026799,
            28.6655816
          ],
          [
            84.5026544,
            28.6655969
          ],
          [
            84.5026168,
            28.6656169
          ],
          [
            84.5025712,
            28.6656275
          ],
          [
            84.5025404,
            28.6656298
          ],
          [
            84.5024921,
            28.6656345
          ],
          [
            84.502468,
            28.6656298
          ],
          [
            84.5024355,
            28.6655703
          ],
          [
            84.5023741,
            28.6655616
          ],
          [
            84.502311,
            28.6655769
          ],
          [
            84.5022239,
            28.6655863
          ],
          [
            84.5021421,
            28.6655745
          ],
          [
            84.5020924,
            28.6655592
          ],
          [
            84.5020281,
            28.6655039
          ],
          [
            84.5019838,
            28.6654804
          ],
          [
            84.5019168,
            28.6654086
          ],
          [
            84.5018604,
            28.6653815
          ],
          [
            84.5018041,
            28.6653509
          ],
          [
            84.5017242,
            28.6653009
          ],
          [
            84.5016901,
            28.6653062
          ],
          [
            84.5016633,
            28.6653321
          ],
          [
            84.5016445,
            28.6653662
          ],
          [
            84.5015869,
            28.665325
          ],
          [
            84.5015439,
            28.6653345
          ],
          [
            84.501489,
            28.6653156
          ],
          [
            84.5014541,
            28.6652933
          ],
          [
            84.5014085,
            28.6653051
          ],
          [
            84.5013615,
            28.6652733
          ],
          [
            84.5013237,
            28.6652965
          ],
          [
            84.5012757,
            28.6653286
          ],
          [
            84.501202,
            28.6653556
          ],
          [
            84.5010732,
            28.6653603
          ],
          [
            84.5009297,
            28.6653733
          ],
          [
            84.5008238,
            28.6653627
          ],
          [
            84.5007084,
            28.6653392
          ],
          [
            84.5005569,
            28.6653168
          ],
          [
            84.5004452,
            28.6653057
          ],
          [
            84.5003021,
            28.6652886
          ],
          [
            84.5001894,
            28.6652862
          ],
          [
            84.5001304,
            28.665265
          ],
          [
            84.5000848,
            28.665218
          ],
          [
            84.4999963,
            28.6652038
          ],
          [
            84.5000017,
            28.6652415
          ],
          [
            84.4999239,
            28.6652533
          ],
          [
            84.4998541,
            28.665305
          ],
          [
            84.4997925,
            28.6653168
          ],
          [
            84.4997174,
            28.6653121
          ],
          [
            84.4996181,
            28.6653427
          ],
          [
            84.4995162,
            28.6653333
          ],
          [
            84.4993777,
            28.6653397
          ],
          [
            84.4992955,
            28.6653719
          ],
          [
            84.49922,
            28.6653917
          ],
          [
            84.499161,
            28.6653539
          ],
          [
            84.4991287,
            28.6653284
          ],
          [
            84.4990763,
            28.6652909
          ],
          [
            84.4990012,
            28.6653309
          ],
          [
            84.4989449,
            28.6653615
          ],
          [
            84.498902,
            28.6653498
          ],
          [
            84.4988349,
            28.6653521
          ],
          [
            84.4987866,
            28.6653756
          ],
          [
            84.4987947,
            28.6654863
          ],
          [
            84.4988242,
            28.6655451
          ],
          [
            84.4987491,
            28.6655427
          ],
          [
            84.4986944,
            28.6655106
          ],
          [
            84.4986203,
            28.6655145
          ],
          [
            84.4985908,
            28.6655616
          ],
          [
            84.4985425,
            28.6655757
          ],
          [
            84.4984985,
            28.6655775
          ],
          [
            84.4984586,
            28.6656189
          ],
          [
            84.4984277,
            28.6656272
          ],
          [
            84.4984058,
            28.6656604
          ],
          [
            84.4983843,
            28.6657004
          ],
          [
            84.4983467,
            28.6657192
          ],
          [
            84.4982877,
            28.6657028
          ],
          [
            84.4982371,
            28.6656585
          ],
          [
            84.4981649,
            28.6656107
          ],
          [
            84.4980597,
            28.6655898
          ],
          [
            84.4979551,
            28.6655804
          ],
          [
            84.4978344,
            28.6655686
          ],
          [
            84.4977593,
            28.6655498
          ],
          [
            84.4976896,
            28.6655286
          ],
          [
            84.4976506,
            28.6654631
          ],
          [
            84.497593,
            28.6655639
          ],
          [
            84.497593,
            28.6656063
          ],
          [
            84.4975716,
            28.6656581
          ],
          [
            84.497526,
            28.6656345
          ],
          [
            84.4974895,
            28.6655754
          ],
          [
            84.4974107,
            28.6656675
          ],
          [
            84.4973811,
            28.665724
          ],
          [
            84.4973865,
            28.6657687
          ],
          [
            84.4973871,
            28.6658075
          ],
          [
            84.4973677,
            28.6658581
          ],
          [
            84.4973436,
            28.665831
          ],
          [
            84.4973114,
            28.6658581
          ],
          [
            84.4972591,
            28.6657875
          ],
          [
            84.4972403,
            28.6657687
          ],
          [
            84.4972162,
            28.6657899
          ],
          [
            84.4972041,
            28.665824
          ],
          [
            84.4971827,
            28.6658534
          ],
          [
            84.4971748,
            28.6659008
          ],
          [
            84.497117,
            28.6658922
          ],
          [
            84.49707,
            28.6658404
          ],
          [
            84.4970123,
            28.6657981
          ],
          [
            84.4969748,
            28.6657616
          ],
          [
            84.4969426,
            28.665731
          ],
          [
            84.4969158,
            28.6657369
          ],
          [
            84.4968984,
            28.6657628
          ],
          [
            84.4968916,
            28.6657957
          ],
          [
            84.4968912,
            28.6658474
          ],
          [
            84.496846,
            28.6659005
          ],
          [
            84.4967953,
            28.6659911
          ],
          [
            84.4967602,
            28.6660228
          ],
          [
            84.49672,
            28.666037
          ],
          [
            84.4966824,
            28.6660511
          ],
          [
            84.4966529,
            28.6660699
          ],
          [
            84.4966207,
            28.6660899
          ],
          [
            84.4965993,
            28.6661064
          ],
          [
            84.4965845,
            28.666084
          ],
          [
            84.4965899,
            28.666044
          ],
          [
            84.4965926,
            28.6660005
          ],
          [
            84.4965684,
            28.6659369
          ],
          [
            84.4965349,
            28.6658981
          ],
          [
            84.4964872,
            28.6658686
          ],
          [
            84.496441,
            28.6659205
          ],
          [
            84.4964182,
            28.6659628
          ],
          [
            84.4963874,
            28.6660052
          ],
          [
            84.4963619,
            28.6660417
          ],
          [
            84.4963378,
            28.6660676
          ],
          [
            84.4963431,
            28.6660911
          ],
          [
            84.4963163,
            28.6661229
          ],
          [
            84.4962828,
            28.6661558
          ],
          [
            84.4962439,
            28.6661876
          ],
          [
            84.496205,
            28.6662076
          ],
          [
            84.496171,
            28.6662189
          ],
          [
            84.496142,
            28.6662335
          ],
          [
            84.4961017,
            28.6662747
          ],
          [
            84.4960749,
            28.66631
          ],
          [
            84.4960253,
            28.6663582
          ],
          [
            84.495973,
            28.6663688
          ],
          [
            84.4959374,
            28.6664134
          ],
          [
            84.4958898,
            28.6663876
          ],
          [
            84.4958818,
            28.6663311
          ],
          [
            84.4958737,
            28.6662888
          ],
          [
            84.495855,
            28.6662641
          ],
          [
            84.4958255,
            28.66625
          ],
          [
            84.4958067,
            28.6662794
          ],
          [
            84.4957973,
            28.66631
          ],
          [
            84.4957705,
            28.6663347
          ],
          [
            84.4957235,
            28.666377
          ],
          [
            84.4956994,
            28.6664394
          ],
          [
            84.4956914,
            28.6664947
          ],
          [
            84.4956779,
            28.6665465
          ],
          [
            84.4955814,
            28.6665947
          ],
          [
            84.4955143,
            28.6666336
          ],
          [
            84.4954458,
            28.6666508
          ],
          [
            84.4954044,
            28.6666759
          ],
          [
            84.4953645,
            28.6666879
          ],
          [
            84.4953199,
            28.6666818
          ],
          [
            84.4952743,
            28.6666977
          ],
          [
            84.4952247,
            28.6667018
          ],
          [
            84.4951644,
            28.6666797
          ],
          [
            84.4951287,
            28.6667225
          ],
          [
            84.4950821,
            28.6667178
          ],
          [
            84.4950356,
            28.6667501
          ],
          [
            84.4949829,
            28.6667893
          ],
          [
            84.4949508,
            28.666773
          ],
          [
            84.4949041,
            28.6667889
          ],
          [
            84.4948651,
            28.6668213
          ],
          [
            84.4948536,
            28.6667892
          ],
          [
            84.4948022,
            28.6668054
          ],
          [
            84.4947623,
            28.666826
          ],
          [
            84.494747,
            28.6668635
          ],
          [
            84.4947056,
            28.6668689
          ],
          [
            84.4946497,
            28.6668782
          ],
          [
            84.494604,
            28.6668783
          ],
          [
            84.4945423,
            28.6668949
          ],
          [
            84.4944926,
            28.6668891
          ],
          [
            84.494471,
            28.6668654
          ],
          [
            84.4945003,
            28.6667817
          ],
          [
            84.4945221,
            28.666707
          ],
          [
            84.4945058,
            28.6666512
          ],
          [
            84.4944928,
            28.6665939
          ],
          [
            84.4944487,
            28.6665546
          ],
          [
            84.4943985,
            28.6665382
          ],
          [
            84.494369,
            28.6665029
          ],
          [
            84.4943234,
            28.6664888
          ],
          [
            84.4942483,
            28.6665218
          ],
          [
            84.4942027,
            28.6665218
          ],
          [
            84.4941437,
            28.6665171
          ],
          [
            84.4941035,
            28.6664888
          ],
          [
            84.4940418,
            28.6664571
          ],
          [
            84.4939518,
            28.6664469
          ],
          [
            84.4938688,
            28.6664076
          ],
          [
            84.4938004,
            28.6664206
          ],
          [
            84.4937414,
            28.6664512
          ],
          [
            84.4936663,
            28.6664771
          ],
          [
            84.4935563,
            28.6664771
          ],
          [
            84.4934866,
            28.6664488
          ],
          [
            84.4934034,
            28.6663994
          ],
          [
            84.4932827,
            28.6663311
          ],
          [
            84.4931298,
            28.6661994
          ],
          [
            84.4930387,
            28.6660982
          ],
          [
            84.4929302,
            28.6660098
          ],
          [
            84.4928509,
            28.6659005
          ],
          [
            84.492757,
            28.6658346
          ],
          [
            84.4927275,
            28.6657757
          ],
          [
            84.4926712,
            28.6657287
          ],
          [
            84.4926605,
            28.6656557
          ],
          [
            84.4926421,
            28.665555
          ],
          [
            84.4925049,
            28.6654368
          ],
          [
            84.492411,
            28.6653474
          ],
          [
            84.4923171,
            28.6652533
          ],
          [
            84.4922903,
            28.6651709
          ],
          [
            84.4922662,
            28.6650932
          ],
          [
            84.4922447,
            28.6649992
          ],
          [
            84.4922005,
            28.6649603
          ],
          [
            84.492132,
            28.6649496
          ],
          [
            84.4920878,
            28.6648955
          ],
          [
            84.4920208,
            28.6648461
          ],
          [
            84.4919765,
            28.6647943
          ],
          [
            84.4919255,
            28.6647049
          ],
          [
            84.4918598,
            28.6646237
          ],
          [
            84.4917861,
            28.6645402
          ],
          [
            84.4916734,
            28.6644484
          ],
          [
            84.4915836,
            28.6643919
          ],
          [
            84.4915125,
            28.6643166
          ],
          [
            84.491444,
            28.6642542
          ],
          [
            84.4914079,
            28.6641942
          ],
          [
            84.49131,
            28.6641354
          ],
          [
            84.4912617,
            28.6640906
          ],
          [
            84.4912456,
            28.6640306
          ],
          [
            84.4912349,
            28.6639883
          ],
          [
            84.4911772,
            28.6639447
          ],
          [
            84.4911249,
            28.6638941
          ],
          [
            84.4910766,
            28.663833
          ],
          [
            84.4909854,
            28.6637411
          ],
          [
            84.4909304,
            28.6637035
          ],
          [
            84.4908942,
            28.6636482
          ],
          [
            84.4908459,
            28.6635964
          ],
          [
            84.4907869,
            28.6635717
          ],
          [
            84.4907494,
            28.6635646
          ],
          [
            84.4907172,
            28.6635246
          ],
          [
            84.490645,
            28.6634728
          ],
          [
            84.4905697,
            28.6634328
          ],
          [
            84.4905026,
            28.6633987
          ],
          [
            84.4904637,
            28.6633928
          ],
          [
            84.4904074,
            28.6633505
          ],
          [
            84.4903444,
            28.6633175
          ],
          [
            84.490288,
            28.6632928
          ],
          [
            84.4902518,
            28.6632716
          ],
          [
            84.490166,
            28.6632222
          ],
          [
            84.4900681,
            28.6631798
          ],
          [
            84.489997,
            28.6631563
          ],
          [
            84.4899219,
            28.6631445
          ],
          [
            84.4898576,
            28.6631092
          ],
          [
            84.4897985,
            28.6631081
          ],
          [
            84.4897301,
            28.663081
          ],
          [
            84.4896416,
            28.663041
          ],
          [
            84.489537,
            28.6630292
          ],
          [
            84.489423,
            28.6630221
          ],
          [
            84.4893359,
            28.6629868
          ],
          [
            84.4892192,
            28.6629327
          ],
          [
            84.4891749,
            28.6629186
          ],
          [
            84.489123,
            28.6628792
          ],
          [
            84.4890596,
            28.6628221
          ],
          [
            84.4889952,
            28.6627739
          ],
          [
            84.4889255,
            28.662768
          ],
          [
            84.4888437,
            28.6627621
          ],
          [
            84.4887713,
            28.6627221
          ],
          [
            84.4887216,
            28.6626774
          ],
          [
            84.4885701,
            28.6625773
          ],
          [
            84.4885567,
            28.6625326
          ],
          [
            84.4884776,
            28.6624702
          ],
          [
            84.4884226,
            28.6624279
          ],
          [
            84.488363,
            28.6623952
          ],
          [
            84.4882616,
            28.6623726
          ],
          [
            84.4881463,
            28.6624126
          ],
          [
            84.4880444,
            28.6624055
          ],
          [
            84.4879693,
            28.6623843
          ],
          [
            84.487921,
            28.6623679
          ],
          [
            84.4878513,
            28.6623537
          ],
          [
            84.4877862,
            28.6623101
          ],
          [
            84.4877359,
            28.6622796
          ],
          [
            84.4876528,
            28.6622655
          ],
          [
            84.4875857,
            28.6622278
          ],
          [
            84.4875026,
            28.6621949
          ],
          [
            84.487457,
            28.6621455
          ],
          [
            84.4874181,
            28.6620996
          ],
          [
            84.4873725,
            28.6620713
          ],
          [
            84.4873229,
            28.6620431
          ],
          [
            84.4872625,
            28.6620337
          ],
          [
            84.4872384,
            28.6619913
          ],
          [
            84.487182,
            28.6619619
          ],
          [
            84.4871231,
            28.6619375
          ],
          [
            84.4870439,
            28.6619148
          ],
          [
            84.4869903,
            28.661916
          ],
          [
            84.4869353,
            28.6619101
          ],
          [
            84.4868857,
            28.6618901
          ],
          [
            84.486824,
            28.6618418
          ],
          [
            84.4868106,
            28.6618065
          ],
          [
            84.4868079,
            28.6617724
          ],
          [
            84.4867435,
            28.6617618
          ],
          [
            84.4866778,
            28.6617677
          ],
          [
            84.4866282,
            28.6617783
          ],
          [
            84.4865128,
            28.6617748
          ],
          [
            84.4864096,
            28.6617465
          ],
          [
            84.4863398,
            28.6617418
          ],
          [
            84.486305,
            28.6617265
          ],
          [
            84.4862674,
            28.6617136
          ],
          [
            84.4862339,
            28.66169
          ],
          [
            84.486193,
            28.6616702
          ],
          [
            84.4861212,
            28.6616371
          ],
          [
            84.4860515,
            28.6616041
          ],
          [
            84.4860153,
            28.6615677
          ],
          [
            84.4859871,
            28.6615359
          ],
          [
            84.4859429,
            28.6615029
          ],
          [
            84.4858919,
            28.6614959
          ],
          [
            84.4858544,
            28.6614865
          ],
          [
            84.485743,
            28.661417
          ],
          [
            84.4856974,
            28.6613723
          ],
          [
            84.4855955,
            28.6613276
          ],
          [
            84.4855294,
            28.6612978
          ],
          [
            84.485452,
            28.6612746
          ],
          [
            84.4853957,
            28.6612817
          ],
          [
            84.4853286,
            28.6612817
          ],
          [
            84.4852388,
            28.6612629
          ],
          [
            84.4851851,
            28.6612393
          ],
          [
            84.4851208,
            28.6612111
          ],
          [
            84.4850604,
            28.6611982
          ],
          [
            84.484984,
            28.6612052
          ],
          [
            84.4849169,
            28.6612017
          ],
          [
            84.4848445,
            28.6611993
          ],
          [
            84.4847922,
            28.6611911
          ],
          [
            84.4847065,
            28.661152
          ],
          [
            84.4846366,
            28.6611028
          ],
          [
            84.4845646,
            28.6610457
          ],
          [
            84.4845159,
            28.6610205
          ],
          [
            84.4844596,
            28.6609875
          ],
          [
            84.4844154,
            28.6609663
          ],
          [
            84.4843577,
            28.660951
          ],
          [
            84.4843295,
            28.6609216
          ],
          [
            84.484296,
            28.6608945
          ],
          [
            84.4842625,
            28.6608581
          ],
          [
            84.484241,
            28.6608239
          ],
          [
            84.4842075,
            28.6607922
          ],
          [
            84.4841807,
            28.6607827
          ],
          [
            84.4841284,
            28.6607992
          ],
          [
            84.4840787,
            28.6608145
          ],
          [
            84.4840372,
            28.6608298
          ],
          [
            84.4840169,
            28.6608501
          ],
          [
            84.4839567,
            28.6608463
          ],
          [
            84.4839138,
            28.6608498
          ],
          [
            84.4838937,
            28.6608663
          ],
          [
            84.4838615,
            28.6608863
          ],
          [
            84.4838065,
            28.6608816
          ],
          [
            84.4837649,
            28.6608769
          ],
          [
            84.4836992,
            28.6608898
          ],
          [
            84.4836509,
            28.6608863
          ],
          [
            84.4835986,
            28.6608922
          ],
          [
            84.4835195,
            28.6608781
          ],
          [
            84.4834658,
            28.6608734
          ],
          [
            84.4833934,
            28.6608769
          ],
          [
            84.4833398,
            28.6608875
          ],
          [
            84.4832928,
            28.6608945
          ],
          [
            84.4832587,
            28.6608917
          ],
          [
            84.4832191,
            28.6608757
          ],
          [
            84.4831721,
            28.6608404
          ],
          [
            84.4831815,
            28.6608251
          ],
          [
            84.4831963,
            28.6608098
          ],
          [
            84.4832043,
            28.6607922
          ],
          [
            84.483144,
            28.6607639
          ],
          [
            84.483059,
            28.6607379
          ],
          [
            84.4829737,
            28.6607263
          ],
          [
            84.4828999,
            28.6607286
          ],
          [
            84.48281,
            28.6607251
          ],
          [
            84.4827484,
            28.660718
          ],
          [
            84.4827072,
            28.6607233
          ],
          [
            84.4826478,
            28.6607074
          ],
          [
            84.4826035,
            28.660691
          ],
          [
            84.4825767,
            28.660658
          ],
          [
            84.4825217,
            28.6606321
          ],
          [
            84.4824573,
            28.6606074
          ],
          [
            84.482401,
            28.6606109
          ],
          [
            84.4823299,
            28.6606027
          ],
          [
            84.482287,
            28.6605898
          ],
          [
            84.4822307,
            28.6605568
          ],
          [
            84.4821851,
            28.660538
          ],
          [
            84.4821355,
            28.6605274
          ],
          [
            84.4820952,
            28.6604838
          ],
          [
            84.4820563,
            28.6604415
          ],
          [
            84.4820014,
            28.6604262
          ],
          [
            84.4819276,
            28.6604085
          ],
          [
            84.4818713,
            28.6603826
          ],
          [
            84.481824,
            28.6603354
          ],
          [
            84.481803,
            28.6602848
          ],
          [
            84.4816339,
            28.6602144
          ],
          [
            84.4814743,
            28.6601614
          ],
          [
            84.4814193,
            28.6601073
          ],
          [
            84.4813925,
            28.660079
          ],
          [
            84.4812705,
            28.6600225
          ],
          [
            84.4812141,
            28.6600025
          ],
          [
            84.4812128,
            28.6599755
          ],
          [
            84.4811712,
            28.6599661
          ],
          [
            84.4811726,
            28.6599355
          ],
          [
            84.4811162,
            28.659926
          ],
          [
            84.4810773,
            28.6598896
          ],
          [
            84.4810116,
            28.6598707
          ],
          [
            84.4809516,
            28.6598385
          ],
          [
            84.4808869,
            28.6598013
          ],
          [
            84.4806911,
            28.6597366
          ],
          [
            84.4805025,
            28.6596746
          ],
          [
            84.4803531,
            28.6596354
          ],
          [
            84.4802418,
            28.6596095
          ],
          [
            84.4801882,
            28.6595883
          ],
          [
            84.4800809,
            28.6595812
          ],
          [
            84.4800192,
            28.6595742
          ],
          [
            84.4799817,
            28.6595601
          ],
          [
            84.479932,
            28.6595248
          ],
          [
            84.4798784,
            28.6595177
          ],
          [
            84.4798368,
            28.6595095
          ],
          [
            84.4798194,
            28.6594859
          ],
          [
            84.4797376,
            28.6594753
          ],
          [
            84.4796839,
            28.6594659
          ],
          [
            84.4796236,
            28.6594589
          ],
          [
            84.4795726,
            28.6594294
          ],
          [
            84.4795431,
            28.6594047
          ],
          [
            84.4795015,
            28.6593882
          ],
          [
            84.479457,
            28.6593759
          ],
          [
            84.4793889,
            28.6593647
          ],
          [
            84.4793379,
            28.6593588
          ],
          [
            84.479295,
            28.6593376
          ],
          [
            84.4792347,
            28.65934
          ],
          [
            84.4791542,
            28.6593059
          ],
          [
            84.4790657,
            28.6592847
          ],
          [
            84.4790348,
            28.6592588
          ],
          [
            84.4789785,
            28.6592553
          ],
          [
            84.478953,
            28.6592329
          ],
          [
            84.4789517,
            28.6592047
          ],
          [
            84.4788887,
            28.6591894
          ],
          [
            84.478839,
            28.6591505
          ],
          [
            84.4787706,
            28.6591341
          ],
          [
            84.4787183,
            28.6590988
          ],
          [
            84.4786446,
            28.6590799
          ],
          [
            84.478603,
            28.6590552
          ],
          [
            84.4785453,
            28.6590423
          ],
          [
            84.4784877,
            28.6590128
          ],
          [
            84.4784179,
            28.6589917
          ],
          [
            84.4783536,
            28.6589634
          ],
          [
            84.4782718,
            28.6589552
          ],
          [
            84.4782235,
            28.6589505
          ],
          [
            84.4781698,
            28.658934
          ],
          [
            84.4781309,
            28.6589105
          ],
          [
            84.47808,
            28.6588681
          ],
          [
            84.478025,
            28.658834
          ],
          [
            84.4779606,
            28.6588069
          ],
          [
            84.4779029,
            28.6587775
          ],
          [
            84.4778252,
            28.6587551
          ],
          [
            84.4777755,
            28.6587469
          ],
          [
            84.4777179,
            28.6587234
          ],
          [
            84.4776696,
            28.658721
          ],
          [
            84.4776106,
            28.658688
          ],
          [
            84.4775556,
            28.6586692
          ],
          [
            84.47751,
            28.6586539
          ],
          [
            84.4774578,
            28.6586452
          ],
          [
            84.4774067,
            28.6586233
          ],
          [
            84.4774081,
            28.658601
          ],
          [
            84.4774295,
            28.6585715
          ],
          [
            84.4774228,
            28.6585386
          ],
          [
            84.4773719,
            28.6585033
          ],
          [
            84.477341,
            28.6584739
          ],
          [
            84.477286,
            28.6584433
          ],
          [
            84.4771908,
            28.6583986
          ],
          [
            84.4771238,
            28.6583668
          ],
          [
            84.4770621,
            28.6583256
          ],
          [
            84.4770192,
            28.6582997
          ],
          [
            84.4769885,
            28.6582668
          ],
          [
            84.4769762,
            28.6582479
          ],
          [
            84.4770581,
            28.6582267
          ],
          [
            84.4771063,
            28.6582161
          ],
          [
            84.4770862,
            28.6581808
          ],
          [
            84.4770768,
            28.6581573
          ],
          [
            84.4771332,
            28.658155
          ],
          [
            84.4771775,
            28.6581495
          ],
          [
            84.4772136,
            28.658142
          ],
          [
            84.4772243,
            28.6581114
          ],
          [
            84.4771774,
            28.6580843
          ],
          [
            84.4771667,
            28.6580561
          ],
          [
            84.4771774,
            28.6580267
          ],
          [
            84.4771104,
            28.658002
          ],
          [
            84.4770473,
            28.6579737
          ],
          [
            84.4770098,
            28.657929
          ],
          [
            84.476991,
            28.6578855
          ],
          [
            84.4769306,
            28.6578466
          ],
          [
            84.4768864,
            28.6578302
          ],
          [
            84.4768435,
            28.6577972
          ],
          [
            84.4768046,
            28.6577419
          ],
          [
            84.4767804,
            28.657676
          ],
          [
            84.4767484,
            28.6576504
          ],
          [
            84.4767187,
            28.6575948
          ],
          [
            84.4766638,
            28.6575501
          ],
          [
            84.4766235,
            28.6574842
          ],
          [
            84.4765713,
            28.6574477
          ],
          [
            84.4765216,
            28.6574277
          ],
          [
            84.4764814,
            28.6573924
          ],
          [
            84.4764599,
            28.6573382
          ],
          [
            84.4764653,
            28.6572912
          ],
          [
            84.4764787,
            28.6572465
          ],
          [
            84.4764304,
            28.6572182
          ],
          [
            84.4763741,
            28.6571994
          ],
          [
            84.4763365,
            28.6571476
          ],
          [
            84.476303,
            28.6571182
          ],
          [
            84.4762873,
            28.6570784
          ],
          [
            84.4762413,
            28.6570617
          ],
          [
            84.4762507,
            28.657024
          ],
          [
            84.476236,
            28.6569923
          ],
          [
            84.4761649,
            28.6569581
          ],
          [
            84.4761032,
            28.6569369
          ],
          [
            84.4760603,
            28.6569181
          ],
          [
            84.4760241,
            28.6568958
          ],
          [
            84.4760308,
            28.6568722
          ],
          [
            84.4760281,
            28.6568404
          ],
          [
            84.4760241,
            28.6568028
          ],
          [
            84.4759817,
            28.6567838
          ],
          [
            84.4759342,
            28.6567475
          ],
          [
            84.4759101,
            28.6567016
          ],
          [
            84.4759074,
            28.6566674
          ],
          [
            84.4759074,
            28.6566404
          ],
          [
            84.475894,
            28.6566298
          ],
          [
            84.4758725,
            28.6566227
          ],
          [
            84.4758658,
            28.6565898
          ],
          [
            84.4758269,
            28.6565404
          ],
          [
            84.4757719,
            28.6565521
          ],
          [
            84.4757451,
            28.6565098
          ],
          [
            84.475721,
            28.6564497
          ],
          [
            84.4756982,
            28.6563956
          ],
          [
            84.4756539,
            28.6563556
          ],
          [
            84.4756023,
            28.6563052
          ],
          [
            84.4755587,
            28.6562438
          ],
          [
            84.4755413,
            28.656232
          ],
          [
            84.4755265,
            28.6561991
          ],
          [
            84.4755305,
            28.6561626
          ],
          [
            84.4755064,
            28.6561343
          ],
          [
            84.4754729,
            28.6561061
          ],
          [
            84.4754353,
            28.656092
          ],
          [
            84.4753849,
            28.6560845
          ],
          [
            84.4753522,
            28.6560308
          ],
          [
            84.4753133,
            28.6559719
          ],
          [
            84.475269,
            28.6559531
          ],
          [
            84.4752301,
            28.6559166
          ],
          [
            84.4751982,
            28.6558617
          ],
          [
            84.4752033,
            28.6558119
          ],
          [
            84.4751787,
            28.6557686
          ],
          [
            84.4751118,
            28.6557327
          ],
          [
            84.4750759,
            28.6556624
          ],
          [
            84.4749954,
            28.6555895
          ],
          [
            84.4749364,
            28.6555495
          ],
          [
            84.474872,
            28.6554836
          ],
          [
            84.4748412,
            28.6554753
          ],
          [
            84.47486,
            28.6554377
          ],
          [
            84.4748707,
            28.6554118
          ],
          [
            84.4748519,
            28.6553741
          ],
          [
            84.474816,
            28.6553584
          ],
          [
            84.4747862,
            28.6553164
          ],
          [
            84.4747554,
            28.6553141
          ],
          [
            84.4747516,
            28.655235
          ],
          [
            84.4747165,
            28.6552035
          ],
          [
            84.4746803,
            28.6552058
          ],
          [
            84.4746559,
            28.655162
          ],
          [
            84.4746508,
            28.6551293
          ],
          [
            84.4745837,
            28.6551187
          ],
          [
            84.4745302,
            28.6551095
          ],
          [
            84.4745032,
            28.6551187
          ],
          [
            84.4744791,
            28.655087
          ],
          [
            84.4744488,
            28.6550756
          ],
          [
            84.4744067,
            28.6550693
          ],
          [
            84.4743772,
            28.6550611
          ],
          [
            84.4743557,
            28.6550269
          ],
          [
            84.4743356,
            28.655001
          ],
          [
            84.4743007,
            28.6549685
          ],
          [
            84.4742712,
            28.6549446
          ],
          [
            84.4742323,
            28.6549222
          ],
          [
            84.4742417,
            28.6548937
          ],
          [
            84.4742471,
            28.6548728
          ],
          [
            84.474231,
            28.6548386
          ],
          [
            84.4742203,
            28.6548139
          ],
          [
            84.4741921,
            28.6547774
          ],
          [
            84.4741527,
            28.6547491
          ],
          [
            84.4740915,
            28.6547245
          ],
          [
            84.4740352,
            28.6546962
          ],
          [
            84.4739999,
            28.6546627
          ],
          [
            84.4739695,
            28.6546586
          ],
          [
            84.4739409,
            28.6546617
          ],
          [
            84.4739098,
            28.654648
          ],
          [
            84.4738552,
            28.6546297
          ],
          [
            84.4737951,
            28.654615
          ],
          [
            84.473771,
            28.6545868
          ],
          [
            84.4737446,
            28.6545598
          ],
          [
            84.4737455,
            28.6545091
          ],
          [
            84.473728,
            28.6544602
          ],
          [
            84.4736825,
            28.6544091
          ],
          [
            84.4736409,
            28.6543644
          ],
          [
            84.4736141,
            28.6543432
          ],
          [
            84.4735748,
            28.654342
          ],
          [
            84.4735658,
            28.6543102
          ],
          [
            84.4735685,
            28.6542914
          ],
          [
            84.4735631,
            28.6542632
          ],
          [
            84.4735618,
            28.6542361
          ],
          [
            84.4735001,
            28.6541996
          ],
          [
            84.4734398,
            28.6541443
          ],
          [
            84.4733968,
            28.6540831
          ],
          [
            84.473353,
            28.654026
          ],
          [
            84.4733311,
            28.6539713
          ],
          [
            84.4732895,
            28.6539383
          ],
          [
            84.4732478,
            28.6539014
          ],
          [
            84.4732104,
            28.6538854
          ],
          [
            84.4731769,
            28.653863
          ],
          [
            84.4731414,
            28.6538379
          ],
          [
            84.4731192,
            28.6538101
          ],
          [
            84.4730829,
            28.6537773
          ],
          [
            84.4730532,
            28.6537484
          ],
          [
            84.4730723,
            28.6537324
          ],
          [
            84.4730669,
            28.6537124
          ],
          [
            84.4730334,
            28.6536818
          ],
          [
            84.4729962,
            28.6536428
          ],
          [
            84.4729422,
            28.6536147
          ],
          [
            84.4728928,
            28.6535777
          ],
          [
            84.4728376,
            28.6535782
          ],
          [
            84.4728267,
            28.6535225
          ],
          [
            84.4728054,
            28.6534735
          ],
          [
            84.4727759,
            28.6534558
          ],
          [
            84.4727347,
            28.6534237
          ],
          [
            84.47267,
            28.6533664
          ],
          [
            84.4726445,
            28.6533499
          ],
          [
            84.4726096,
            28.6532958
          ],
          [
            84.4725975,
            28.6532546
          ],
          [
            84.4726096,
            28.653224
          ],
          [
            84.4725895,
            28.6531922
          ],
          [
            84.4725426,
            28.653171
          ],
          [
            84.4725399,
            28.6531428
          ],
          [
            84.4725452,
            28.6530863
          ],
          [
            84.4725452,
            28.6530533
          ],
          [
            84.4725063,
            28.6530204
          ],
          [
            84.472493,
            28.6529561
          ],
          [
            84.4724782,
            28.6529239
          ],
          [
            84.4724379,
            28.6529168
          ],
          [
            84.4724226,
            28.6528785
          ],
          [
            84.4724044,
            28.6528109
          ],
          [
            84.4723803,
            28.6527579
          ],
          [
            84.4723506,
            28.6527021
          ],
          [
            84.4723454,
            28.6526391
          ],
          [
            84.4723261,
            28.6525934
          ],
          [
            84.4722716,
            28.652572
          ],
          [
            84.47223,
            28.6525485
          ],
          [
            84.472218,
            28.6524908
          ],
          [
            84.4722033,
            28.652452
          ],
          [
            84.472163,
            28.6524038
          ],
          [
            84.4721094,
            28.652346
          ],
          [
            84.4720852,
            28.6522648
          ],
          [
            84.4720906,
            28.6522236
          ],
          [
            84.4720661,
            28.6521508
          ],
          [
            84.472045,
            28.6520989
          ],
          [
            84.4720073,
            28.6520495
          ],
          [
            84.4719712,
            28.6520142
          ],
          [
            84.4719391,
            28.652
          ],
          [
            84.4719256,
            28.6519694
          ],
          [
            84.4719296,
            28.6519429
          ],
          [
            84.4719149,
            28.6518953
          ],
          [
            84.4718921,
            28.6518541
          ],
          [
            84.4718653,
            28.6518282
          ],
          [
            84.4718358,
            28.6518211
          ],
          [
            84.4718023,
            28.6518047
          ],
          [
            84.4717902,
            28.6517835
          ],
          [
            84.47178,
            28.6517439
          ],
          [
            84.4717781,
            28.6517105
          ],
          [
            84.4717379,
            28.6516623
          ],
          [
            84.4716963,
            28.6516105
          ],
          [
            84.4716697,
            28.6515175
          ],
          [
            84.4716561,
            28.6514787
          ],
          [
            84.4716588,
            28.6514434
          ],
          [
            84.4716561,
            28.6514128
          ],
          [
            84.4716561,
            28.651381
          ],
          [
            84.4716212,
            28.6513351
          ],
          [
            84.4715957,
            28.6513116
          ],
          [
            84.4715471,
            28.6512914
          ],
          [
            84.4714958,
            28.651271
          ],
          [
            84.4714455,
            28.6512362
          ],
          [
            84.471412,
            28.6512021
          ],
          [
            84.4713985,
            28.6511562
          ],
          [
            84.4713812,
            28.6510868
          ],
          [
            84.4713674,
            28.6510312
          ],
          [
            84.4713463,
            28.650982
          ],
          [
            84.4713168,
            28.6509608
          ],
          [
            84.471294,
            28.6509361
          ],
          [
            84.4712764,
            28.6508809
          ],
          [
            84.4712444,
            28.650849
          ],
          [
            84.4711827,
            28.6508137
          ],
          [
            84.4711317,
            28.650782
          ],
          [
            84.4710848,
            28.6507337
          ],
          [
            84.4710499,
            28.6506749
          ],
          [
            84.4710189,
            28.65062
          ],
          [
            84.4709976,
            28.6505454
          ],
          [
            84.4709748,
            28.6505207
          ],
          [
            84.4709654,
            28.6504783
          ],
          [
            84.4709627,
            28.6504206
          ],
          [
            84.4709681,
            28.6503653
          ],
          [
            84.4709507,
            28.6503171
          ],
          [
            84.4709171,
            28.6502853
          ],
          [
            84.4709118,
            28.6502641
          ],
          [
            84.4709101,
            28.650232
          ],
          [
            84.4709198,
            28.6502147
          ],
          [
            84.470912,
            28.6501876
          ],
          [
            84.4708836,
            28.6501617
          ],
          [
            84.4708742,
            28.6501252
          ],
          [
            84.4708674,
            28.6500855
          ],
          [
            84.4708434,
            28.6500523
          ],
          [
            84.4708524,
            28.6500086
          ],
          [
            84.4708498,
            28.6499656
          ],
          [
            84.4708554,
            28.6499183
          ],
          [
            84.470834,
            28.6498816
          ],
          [
            84.4708152,
            28.6498604
          ],
          [
            84.4707831,
            28.6498439
          ],
          [
            84.4707468,
            28.6498298
          ],
          [
            84.4707091,
            28.6498091
          ],
          [
            84.4706757,
            28.6498016
          ],
          [
            84.4706529,
            28.6497969
          ],
          [
            84.4706288,
            28.6497698
          ],
          [
            84.4706194,
            28.649738
          ],
          [
            84.4705872,
            28.6497063
          ],
          [
            84.4705751,
            28.6496827
          ],
          [
            84.4705604,
            28.6496533
          ],
          [
            84.4705483,
            28.6496251
          ],
          [
            84.4705202,
            28.6495839
          ],
          [
            84.4705027,
            28.6495509
          ],
          [
            84.4704705,
            28.6495333
          ],
          [
            84.4704571,
            28.6495038
          ],
          [
            84.4704316,
            28.6495026
          ],
          [
            84.4703887,
            28.6494791
          ],
          [
            84.4703338,
            28.6494485
          ],
          [
            84.4702801,
            28.649412
          ],
          [
            84.4702519,
            28.6494109
          ],
          [
            84.4702144,
            28.6494038
          ],
          [
            84.47015,
            28.6493379
          ],
          [
            84.4701098,
            28.6492837
          ],
          [
            84.4700535,
            28.6492473
          ],
          [
            84.4700079,
            28.6491978
          ],
          [
            84.4699703,
            28.6491343
          ],
          [
            84.4699529,
            28.6490907
          ],
          [
            84.4699194,
            28.6490613
          ],
          [
            84.469914,
            28.6490284
          ],
          [
            84.4699104,
            28.6489803
          ],
          [
            84.469863,
            28.6489778
          ],
          [
            84.4698282,
            28.6489436
          ],
          [
            84.469804,
            28.6489224
          ],
          [
            84.4697437,
            28.6488883
          ],
          [
            84.4697021,
            28.6488707
          ],
          [
            84.4696739,
            28.6488577
          ],
          [
            84.4696484,
            28.6488095
          ],
          [
            84.4696015,
            28.6487789
          ],
          [
            84.4695237,
            28.6487424
          ],
          [
            84.4694538,
            28.6487063
          ],
          [
            84.4694111,
            28.6486812
          ],
          [
            84.4693608,
            28.6486356
          ],
          [
            84.4693091,
            28.6485905
          ],
          [
            84.4692729,
            28.6485541
          ],
          [
            84.4692685,
            28.6484984
          ],
          [
            84.4692488,
            28.6484576
          ],
          [
            84.4691994,
            28.6484244
          ],
          [
            84.469167,
            28.6483811
          ],
          [
            84.4691603,
            28.6483352
          ],
          [
            84.4691243,
            28.6483003
          ],
          [
            84.4690838,
            28.6482634
          ],
          [
            84.4690543,
            28.6482422
          ],
          [
            84.469047,
            28.6482045
          ],
          [
            84.4690329,
            28.6481645
          ],
          [
            84.4689994,
            28.648128
          ],
          [
            84.4689654,
            28.6481058
          ],
          [
            84.4689082,
            28.6480715
          ],
          [
            84.4688851,
            28.6480399
          ],
          [
            84.4688934,
            28.6480091
          ],
          [
            84.4689015,
            28.6479903
          ],
          [
            84.4688465,
            28.6479597
          ],
          [
            84.4688043,
            28.647927
          ],
          [
            84.4687593,
            28.6479068
          ],
          [
            84.4687204,
            28.6478844
          ],
          [
            84.4687378,
            28.6478408
          ],
          [
            84.4687493,
            28.647807
          ],
          [
            84.4687673,
            28.6478008
          ],
          [
            84.468762,
            28.6477749
          ],
          [
            84.4687834,
            28.647749
          ],
          [
            84.4687789,
            28.6476963
          ],
          [
            84.4687672,
            28.6476663
          ],
          [
            84.4687671,
            28.6476144
          ],
          [
            84.4686952,
            28.6474892
          ],
          [
            84.4686469,
            28.647435
          ],
          [
            84.468571,
            28.6474127
          ],
          [
            84.4685392,
            28.6473823
          ],
          [
            84.4685364,
            28.6473448
          ],
          [
            84.4685246,
            28.6473077
          ],
          [
            84.468527,
            28.6472668
          ],
          [
            84.4685206,
            28.6472253
          ],
          [
            84.4684978,
            28.6472159
          ],
          [
            84.4684897,
            28.6471629
          ],
          [
            84.4684884,
            28.6471206
          ],
          [
            84.4684666,
            28.6470849
          ],
          [
            84.4684428,
            28.6470794
          ],
          [
            84.4684039,
            28.6470735
          ],
          [
            84.4683717,
            28.6470629
          ],
          [
            84.4683472,
            28.647025
          ],
          [
            84.4683415,
            28.6470023
          ],
          [
            84.4683509,
            28.6469734
          ],
          [
            84.4683322,
            28.6469687
          ],
          [
            84.4683181,
            28.6469781
          ],
          [
            84.4682859,
            28.6469699
          ],
          [
            84.4682765,
            28.6469287
          ],
          [
            84.4682926,
            28.6469016
          ],
          [
            84.46831,
            28.6468816
          ],
          [
            84.4683275,
            28.6468675
          ],
          [
            84.4683476,
            28.6468569
          ],
          [
            84.468365,
            28.646831
          ],
          [
            84.4683556,
            28.6468028
          ],
          [
            84.4683288,
            28.6467792
          ],
          [
            84.468304,
            28.6467328
          ],
          [
            84.468302,
            28.6466492
          ],
          [
            84.4682705,
            28.6465737
          ],
          [
            84.4682309,
            28.6464532
          ],
          [
            84.4682161,
            28.6464026
          ],
          [
            84.4682014,
            28.6463508
          ],
          [
            84.4681779,
            28.6462873
          ],
          [
            84.4681612,
            28.6462331
          ],
          [
            84.4681451,
            28.6461719
          ],
          [
            84.468125,
            28.6461402
          ],
          [
            84.4680887,
            28.6461107
          ],
          [
            84.4680606,
            28.646099
          ],
          [
            84.4680472,
            28.6460743
          ],
          [
            84.468033,
            28.6460263
          ],
          [
            84.468011,
            28.6459801
          ],
          [
            84.468016,
            28.6459366
          ],
          [
            84.468023,
            28.6458824
          ],
          [
            84.4680083,
            28.64584
          ],
          [
            84.4680114,
            28.6458024
          ],
          [
            84.4680364,
            28.6457635
          ],
          [
            84.4680391,
            28.6457259
          ],
          [
            84.4680507,
            28.6456764
          ],
          [
            84.468023,
            28.6456258
          ],
          [
            84.4680016,
            28.6455905
          ],
          [
            84.467993,
            28.645545
          ],
          [
            84.4679868,
            28.6454928
          ],
          [
            84.4679627,
            28.6454846
          ],
          [
            84.4679385,
            28.6454705
          ],
          [
            84.4679426,
            28.6454081
          ],
          [
            84.4679383,
            28.6453532
          ],
          [
            84.4679278,
            28.6453187
          ],
          [
            84.4678983,
            28.6453045
          ],
          [
            84.4678595,
            28.6452963
          ],
          [
            84.4678138,
            28.6452833
          ],
          [
            84.467772,
            28.6452484
          ],
          [
            84.4677521,
            28.6451892
          ],
          [
            84.4677186,
            28.6451503
          ],
          [
            84.4677012,
            28.6450974
          ],
          [
            84.4676878,
            28.6450468
          ],
          [
            84.4676569,
            28.6450338
          ],
          [
            84.4676475,
            28.6450126
          ],
          [
            84.4676837,
            28.6449714
          ],
          [
            84.4676784,
            28.6449385
          ],
          [
            84.4676583,
            28.6449173
          ],
          [
            84.4677018,
            28.6448748
          ],
          [
            84.4677079,
            28.6448208
          ],
          [
            84.4677347,
            28.6447702
          ],
          [
            84.4678031,
            28.6446631
          ],
          [
            84.4678983,
            28.6445171
          ],
          [
            84.4679506,
            28.6444348
          ],
          [
            84.4679989,
            28.6443653
          ],
          [
            84.4680351,
            28.6443265
          ],
          [
            84.4680592,
            28.6442688
          ],
          [
            84.4680767,
            28.6442099
          ],
          [
            84.468091,
            28.6441462
          ],
          [
            84.4680968,
            28.6440793
          ],
          [
            84.4680748,
            28.6440018
          ],
          [
            84.4680472,
            28.6439722
          ],
          [
            84.4680418,
            28.6439355
          ],
          [
            84.4680499,
            28.6438839
          ],
          [
            84.4680598,
            28.6438453
          ],
          [
            84.4680566,
            28.6438051
          ],
          [
            84.4680499,
            28.643778
          ],
          [
            84.4680354,
            28.6437395
          ],
          [
            84.4680472,
            28.6437062
          ],
          [
            84.4680538,
            28.6436674
          ],
          [
            84.4680552,
            28.643625
          ],
          [
            84.4680284,
            28.6435709
          ],
          [
            84.4679856,
            28.6435209
          ],
          [
            84.467956,
            28.6434696
          ],
          [
            84.4679265,
            28.643439
          ],
          [
            84.4678914,
            28.6434217
          ],
          [
            84.4678648,
            28.6433861
          ],
          [
            84.4678581,
            28.6433496
          ],
          [
            84.4678716,
            28.6433001
          ],
          [
            84.4678956,
            28.6432366
          ],
          [
            84.4678889,
            28.6432001
          ],
          [
            84.4679372,
            28.6431307
          ],
          [
            84.4679908,
            28.6430659
          ],
          [
            84.4680391,
            28.6429765
          ],
          [
            84.4680619,
            28.6429059
          ],
          [
            84.4680955,
            28.6428552
          ],
          [
            84.4681303,
            28.6428223
          ],
          [
            84.4681759,
            28.642767
          ],
          [
            84.4682819,
            28.6425116
          ],
          [
            84.4683449,
            28.6423892
          ],
          [
            84.4683892,
            28.6423338
          ],
          [
            84.4684227,
            28.6422668
          ],
          [
            84.4684441,
            28.6422161
          ],
          [
            84.4684669,
            28.6421749
          ],
          [
            84.4685073,
            28.6421295
          ],
          [
            84.4685407,
            28.6420761
          ],
          [
            84.4685327,
            28.6420514
          ],
          [
            84.468538,
            28.6420078
          ],
          [
            84.4685259,
            28.6419784
          ],
          [
            84.4685179,
            28.6419407
          ],
          [
            84.4685288,
            28.6418995
          ],
          [
            84.4685407,
            28.6418454
          ],
          [
            84.4685635,
            28.6418077
          ],
          [
            84.4686064,
            28.6417736
          ],
          [
            84.4686359,
            28.6417559
          ],
          [
            84.4686748,
            28.6417112
          ],
          [
            84.4687097,
            28.6416771
          ],
          [
            84.4687395,
            28.6416464
          ],
          [
            84.4687633,
            28.6415947
          ],
          [
            84.4687781,
            28.6414452
          ],
          [
            84.4687817,
            28.6413246
          ],
          [
            84.4688143,
            28.6412086
          ],
          [
            84.4687982,
            28.6411074
          ],
          [
            84.4687915,
            28.6410168
          ],
          [
            84.4687781,
            28.6409544
          ],
          [
            84.4687714,
            28.640852
          ],
          [
            84.46877,
            28.6408096
          ],
          [
            84.4688076,
            28.640772
          ],
          [
            84.4688129,
            28.6407296
          ],
          [
            84.4687955,
            28.6407143
          ],
          [
            84.4687781,
            28.6406672
          ],
          [
            84.468774,
            28.6406142
          ],
          [
            84.4687513,
            28.6406048
          ],
          [
            84.468766,
            28.6405542
          ],
          [
            84.4687915,
            28.640526
          ],
          [
            84.4688086,
            28.6404774
          ],
          [
            84.4687982,
            28.6404012
          ],
          [
            84.4687714,
            28.6403741
          ],
          [
            84.4687526,
            28.640327
          ],
          [
            84.4687633,
            28.6402706
          ],
          [
            84.4688036,
            28.6402199
          ],
          [
            84.4688317,
            28.640194
          ],
          [
            84.4688331,
            28.6401493
          ],
          [
            84.4688303,
            28.6400804
          ],
          [
            84.4688304,
            28.6400304
          ],
          [
            84.4688492,
            28.6399551
          ],
          [
            84.468884,
            28.639888
          ],
          [
            84.4689296,
            28.6398068
          ],
          [
            84.4689672,
            28.6397503
          ],
          [
            84.4690029,
            28.6396934
          ],
          [
            84.4690557,
            28.6396385
          ],
          [
            84.4691187,
            28.6396032
          ],
          [
            84.4691348,
            28.6395773
          ],
          [
            84.4691522,
            28.6395384
          ],
          [
            84.4692112,
            28.6394984
          ],
          [
            84.4692528,
            28.6394678
          ],
          [
            84.4692716,
            28.6394302
          ],
          [
            84.4693065,
            28.6393866
          ],
          [
            84.4693199,
            28.6393454
          ],
          [
            84.4694312,
            28.6391983
          ],
          [
            84.4695063,
            28.6391053
          ],
          [
            84.4695438,
            28.6390641
          ],
          [
            84.4696082,
            28.6390311
          ],
          [
            84.4696565,
            28.6389864
          ],
          [
            84.4696936,
            28.6389332
          ],
          [
            84.4697289,
            28.638844
          ],
          [
            84.4697383,
            28.6387804
          ],
          [
            84.469737,
            28.6387133
          ],
          [
            84.4697799,
            28.6386404
          ],
          [
            84.4697933,
            28.6385839
          ],
          [
            84.4698215,
            28.6385215
          ],
          [
            84.4698657,
            28.6384579
          ],
          [
            84.4698956,
            28.6384113
          ],
          [
            84.4699341,
            28.6383073
          ],
          [
            84.4699529,
            28.638199
          ],
          [
            84.4700146,
            28.6380907
          ],
          [
            84.4700682,
            28.6379212
          ],
          [
            84.4700924,
            28.6377705
          ],
          [
            84.4700763,
            28.6376175
          ],
          [
            84.470095,
            28.637521
          ],
          [
            84.4701326,
            28.637441
          ],
          [
            84.4701245,
            28.6372997
          ],
          [
            84.4701916,
            28.6371773
          ],
          [
            84.4702452,
            28.6369866
          ],
          [
            84.4702667,
            28.6368524
          ],
          [
            84.470323,
            28.6366759
          ],
          [
            84.4704008,
            28.6364993
          ],
          [
            84.4704437,
            28.6363793
          ],
          [
            84.4704786,
            28.6362827
          ],
          [
            84.470484,
            28.6361862
          ],
          [
            84.470343,
            28.6361393
          ],
          [
            84.47037,
            28.6359826
          ],
          [
            84.4704156,
            28.6358131
          ],
          [
            84.4705014,
            28.6354411
          ],
          [
            84.4706285,
            28.6350411
          ],
          [
            84.4707374,
            28.634689
          ],
          [
            84.4708702,
            28.6343402
          ],
          [
            84.4709275,
            28.6342075
          ],
          [
            84.4709789,
            28.6340722
          ],
          [
            84.4711599,
            28.6339404
          ],
          [
            84.4712296,
            28.6338603
          ],
          [
            84.4713305,
            28.6337471
          ],
          [
            84.471471,
            28.6336108
          ],
          [
            84.47153,
            28.633526
          ],
          [
            84.4716175,
            28.6333893
          ],
          [
            84.4717365,
            28.6333448
          ],
          [
            84.4719002,
            28.6332506
          ],
          [
            84.4720851,
            28.6330762
          ],
          [
            84.4721228,
            28.632954
          ],
          [
            84.4721711,
            28.632888
          ],
          [
            84.472175,
            28.6328186
          ],
          [
            84.4721858,
            28.6327516
          ],
          [
            84.4721791,
            28.6326927
          ],
          [
            84.4722113,
            28.632509
          ],
          [
            84.4722542,
            28.6323136
          ],
          [
            84.4722945,
            28.6321983
          ],
          [
            84.4723428,
            28.6321253
          ],
          [
            84.4724078,
            28.6319346
          ],
          [
            84.4724795,
            28.631831
          ],
          [
            84.4724795,
            28.6317368
          ],
          [
            84.472509,
            28.6316238
          ],
          [
            84.4725197,
            28.6315155
          ],
          [
            84.4725251,
            28.6313648
          ],
          [
            84.4725707,
            28.6311719
          ],
          [
            84.4725814,
            28.631007
          ],
          [
            84.4725707,
            28.6308446
          ],
          [
            84.4725599,
            28.6306444
          ],
          [
            84.4725519,
            28.630475
          ],
          [
            84.4725412,
            28.6303478
          ],
          [
            84.4725653,
            28.6302113
          ],
          [
            84.4725412,
            28.6300842
          ],
          [
            84.4724834,
            28.6299821
          ],
          [
            84.4724366,
            28.6299146
          ],
          [
            84.4723696,
            28.6298158
          ],
          [
            84.4723079,
            28.6297169
          ],
          [
            84.4722837,
            28.6296722
          ],
          [
            84.4722273,
            28.6295554
          ],
          [
            84.472155,
            28.6293921
          ],
          [
            84.472155,
            28.6293331
          ],
          [
            84.4721389,
            28.629199
          ],
          [
            84.472155,
            28.6290436
          ],
          [
            84.4721698,
            28.6289253
          ],
          [
            84.4722166,
            28.6287869
          ],
          [
            84.4722124,
            28.6287233
          ],
          [
            84.4721885,
            28.6286927
          ],
          [
            84.4720893,
            28.6286445
          ],
          [
            84.4721014,
            28.6285186
          ],
          [
            84.472104,
            28.6284362
          ],
          [
            84.4721121,
            28.6283444
          ],
          [
            84.4721416,
            28.6282455
          ],
          [
            84.4722059,
            28.6281277
          ],
          [
            84.4721818,
            28.6280194
          ],
          [
            84.4723052,
            28.6279206
          ],
          [
            84.4722891,
            28.6278193
          ],
          [
            84.4723293,
            28.6277252
          ],
          [
            84.4723803,
            28.6275933
          ],
          [
            84.4723937,
            28.6274733
          ],
          [
            84.4723481,
            28.6273555
          ],
          [
            84.4723776,
            28.6272967
          ],
          [
            84.4723749,
            28.6272096
          ],
          [
            84.4723803,
            28.6271366
          ],
          [
            84.4723588,
            28.6271036
          ],
          [
            84.4723669,
            28.6270142
          ],
          [
            84.472391,
            28.6269318
          ],
          [
            84.4724125,
            28.626867
          ],
          [
            84.4723937,
            28.6268211
          ],
          [
            84.4724018,
            28.626781
          ],
          [
            84.4724098,
            28.6267163
          ],
          [
            84.4724996,
            28.6265786
          ],
          [
            84.4725533,
            28.6264727
          ],
          [
            84.4725801,
            28.6264044
          ],
          [
            84.4726069,
            28.6263703
          ],
          [
            84.4726311,
            28.6263444
          ],
          [
            84.4726645,
            28.6263239
          ],
          [
            84.4726981,
            28.6262996
          ],
          [
            84.4727276,
            28.6262561
          ],
          [
            84.4727263,
            28.6262243
          ],
          [
            84.4726941,
            28.6261937
          ],
          [
            84.4726753,
            28.6261784
          ],
          [
            84.472678,
            28.6261419
          ],
          [
            84.4726378,
            28.6260995
          ],
          [
            84.4726006,
            28.6260433
          ],
          [
            84.4725452,
            28.6260206
          ],
          [
            84.4725117,
            28.6259771
          ],
          [
            84.4724929,
            28.6259347
          ],
          [
            84.472454,
            28.6259123
          ],
          [
            84.4724366,
            28.6258829
          ],
          [
            84.472395,
            28.6258358
          ],
          [
            84.4723722,
            28.6257993
          ],
          [
            84.4723468,
            28.6257734
          ],
          [
            84.4722918,
            28.6257723
          ],
          [
            84.472234,
            28.6257704
          ],
          [
            84.4721845,
            28.6257675
          ],
          [
            84.4721523,
            28.6257452
          ],
          [
            84.4721335,
            28.6257075
          ],
          [
            84.4720946,
            28.6256675
          ],
          [
            84.4720262,
            28.625618
          ],
          [
            84.4719793,
            28.625578
          ],
          [
            84.4719271,
            28.6255487
          ],
          [
            84.4718747,
            28.6254956
          ],
          [
            84.4718291,
            28.6254273
          ],
          [
            84.4717942,
            28.6253708
          ],
          [
            84.4717795,
            28.6253414
          ],
          [
            84.4717379,
            28.6253014
          ],
          [
            84.4717057,
            28.6252814
          ],
          [
            84.4716574,
            28.6252566
          ],
          [
            84.4716011,
            28.6252107
          ],
          [
            84.4715716,
            28.6251813
          ],
          [
            84.4715381,
            28.6251483
          ],
          [
            84.4714985,
            28.6251143
          ],
          [
            84.4714294,
            28.6250907
          ],
          [
            84.471361,
            28.625093
          ],
          [
            84.4713034,
            28.625093
          ],
          [
            84.4712524,
            28.6250883
          ],
          [
            84.4712135,
            28.6250683
          ],
          [
            84.4711491,
            28.6250695
          ],
          [
            84.4710968,
            28.6250789
          ],
          [
            84.4710338,
            28.625093
          ],
          [
            84.4709869,
            28.6250989
          ],
          [
            84.4709681,
            28.6250318
          ],
          [
            84.4709909,
            28.625
          ],
          [
            84.4709922,
            28.6249729
          ],
          [
            84.4709426,
            28.6249588
          ],
          [
            84.4709198,
            28.6249659
          ],
          [
            84.470889,
            28.6249282
          ],
          [
            84.4708997,
            28.6249035
          ],
          [
            84.4709198,
            28.6248823
          ],
          [
            84.4709238,
            28.6248576
          ],
          [
            84.4709145,
            28.6248417
          ],
          [
            84.4709031,
            28.6248299
          ],
          [
            84.4708703,
            28.6248265
          ],
          [
            84.4707912,
            28.6248177
          ],
          [
            84.4707844,
            28.6247599
          ],
          [
            84.4707517,
            28.6247179
          ],
          [
            84.4707173,
            28.624648
          ],
          [
            84.470669,
            28.6245703
          ],
          [
            84.4706288,
            28.6245138
          ],
          [
            84.4705931,
            28.624192
          ],
          [
            84.4705591,
            28.6241089
          ],
          [
            84.4705188,
            28.6240335
          ],
          [
            84.4704518,
            28.6239582
          ],
          [
            84.4704652,
            28.6239205
          ],
          [
            84.4704062,
            28.6238452
          ],
          [
            84.4703874,
            28.6237769
          ],
          [
            84.4704035,
            28.6237345
          ],
          [
            84.4703981,
            28.6236733
          ],
          [
            84.4703445,
            28.6236027
          ],
          [
            84.4702801,
            28.623565
          ],
          [
            84.4702452,
            28.6235297
          ],
          [
            84.4702157,
            28.623485
          ],
          [
            84.4701943,
            28.6234379
          ],
          [
            84.4700763,
            28.6233555
          ],
          [
            84.4703016,
            28.6232754
          ],
          [
            84.4704759,
            28.6231436
          ],
          [
            84.4704249,
            28.6229435
          ],
          [
            84.4703311,
            28.6229081
          ],
          [
            84.4702935,
            28.6225644
          ],
          [
            84.4703391,
            28.6224655
          ],
          [
            84.4705778,
            28.6223431
          ],
          [
            84.4705456,
            28.62219
          ],
          [
            84.4705993,
            28.6218322
          ],
          [
            84.4704571,
            28.6214955
          ],
          [
            84.4705993,
            28.62122
          ],
          [
            84.4704813,
            28.6210175
          ],
          [
            84.4702935,
            28.6205137
          ],
          [
            84.4701927,
            28.6205186
          ],
          [
            84.469993,
            28.6205674
          ],
          [
            84.469851,
            28.6206196
          ],
          [
            84.4698054,
            28.6205019
          ],
          [
            84.469859,
            28.6201181
          ],
          [
            84.4695264,
            28.6197956
          ],
          [
            84.4692609,
            28.6198591
          ],
          [
            84.4687754,
            28.6201911
          ],
          [
            84.4684401,
            28.6202688
          ],
          [
            84.4679788,
            28.6204784
          ],
          [
            84.467724,
            28.6205113
          ],
          [
            84.4679627,
            28.6202594
          ],
          [
            84.4677722,
            28.6203065
          ],
          [
            84.4675255,
            28.62029
          ],
          [
            84.4675791,
            28.6201417
          ],
          [
            84.46715,
            28.6202311
          ],
          [
            84.4669139,
            28.6204784
          ],
          [
            84.4668174,
            28.6205066
          ],
          [
            84.4665733,
            28.6207373
          ],
          [
            84.4665411,
            28.6206738
          ],
          [
            84.4666752,
            28.6202853
          ],
          [
            84.4667423,
            28.6201629
          ],
          [
            84.4666672,
            28.6201629
          ],
          [
            84.4661629,
            28.6203394
          ],
          [
            84.4659028,
            28.6202417
          ],
          [
            84.4655246,
            28.6203524
          ],
          [
            84.4656426,
            28.6202912
          ],
          [
            84.4655659,
            28.6202454
          ],
          [
            84.4654897,
            28.620197
          ],
          [
            84.4655058,
            28.6201358
          ],
          [
            84.4654508,
            28.6200211
          ],
          [
            84.4654709,
            28.6199662
          ],
          [
            84.4654495,
            28.6199121
          ],
          [
            84.4654414,
            28.6198697
          ],
          [
            84.4654655,
            28.6198173
          ],
          [
            84.465487,
            28.6196955
          ],
          [
            84.4655246,
            28.6196272
          ],
          [
            84.465589,
            28.6195259
          ],
          [
            84.4656185,
            28.6194412
          ],
          [
            84.4655943,
            28.6193399
          ],
          [
            84.4655648,
            28.6192622
          ],
          [
            84.4655729,
            28.619194
          ],
          [
            84.4656346,
            28.6191633
          ],
          [
            84.465656,
            28.6190645
          ],
          [
            84.4657258,
            28.6189985
          ],
          [
            84.4657445,
            28.6188973
          ],
          [
            84.4657365,
            28.6187913
          ],
          [
            84.4657874,
            28.6187183
          ],
          [
            84.4658465,
            28.6186618
          ],
          [
            84.4658572,
            28.6185653
          ],
          [
            84.4658196,
            28.6185064
          ],
          [
            84.4657625,
            28.6184557
          ],
          [
            84.4656989,
            28.6184005
          ],
          [
            84.4656748,
            28.6183605
          ],
          [
            84.4657016,
            28.6182733
          ],
          [
            84.4657258,
            28.6181697
          ],
          [
            84.4657445,
            28.6180944
          ],
          [
            84.465766,
            28.6180214
          ],
          [
            84.4657655,
            28.6179375
          ],
          [
            84.4657553,
            28.6178448
          ],
          [
            84.465766,
            28.6176988
          ],
          [
            84.4657848,
            28.6175835
          ],
          [
            84.465817,
            28.6175058
          ],
          [
            84.4658586,
            28.6174114
          ],
          [
            84.4659725,
            28.6171855
          ],
          [
            84.4660047,
            28.6169972
          ],
          [
            84.4660798,
            28.6168606
          ],
          [
            84.4661227,
            28.6167288
          ],
          [
            84.4661549,
            28.6165828
          ],
          [
            84.4661656,
            28.6164745
          ],
          [
            84.4660825,
            28.6163685
          ],
          [
            84.4660852,
            28.6162626
          ],
          [
            84.4661147,
            28.6161354
          ],
          [
            84.4661683,
            28.61602
          ],
          [
            84.4662542,
            28.6159306
          ],
          [
            84.4663319,
            28.6156857
          ],
          [
            84.4664231,
            28.6155986
          ],
          [
            84.466509,
            28.6155114
          ],
          [
            84.4665572,
            28.6154267
          ],
          [
            84.4665733,
            28.6153254
          ],
          [
            84.4665733,
            28.6152053
          ],
          [
            84.466568,
            28.6151276
          ],
          [
            84.466627,
            28.6150806
          ],
          [
            84.4666887,
            28.6150711
          ],
          [
            84.4667048,
            28.6150076
          ],
          [
            84.4667123,
            28.6149334
          ],
          [
            84.4667423,
            28.6148522
          ],
          [
            84.466745,
            28.6147627
          ],
          [
            84.4667128,
            28.6146709
          ],
          [
            84.466753,
            28.6145437
          ],
          [
            84.4667933,
            28.6143695
          ],
          [
            84.4668791,
            28.6142682
          ],
          [
            84.4669569,
            28.6141882
          ],
          [
            84.4670266,
            28.6139715
          ],
          [
            84.467099,
            28.6138255
          ],
          [
            84.4671607,
            28.6137643
          ],
          [
            84.4672224,
            28.6137267
          ],
          [
            84.4672707,
            28.6137361
          ],
          [
            84.4673217,
            28.6137008
          ],
          [
            84.4674236,
            28.6135453
          ],
          [
            84.4674558,
            28.61347
          ],
          [
            84.4675094,
            28.6133593
          ],
          [
            84.4675577,
            28.6133169
          ],
          [
            84.4675738,
            28.6132369
          ],
          [
            84.4676006,
            28.6131804
          ],
          [
            84.4676704,
            28.6131309
          ],
          [
            84.4676975,
            28.6130568
          ],
          [
            84.4677052,
            28.6130014
          ],
          [
            84.4676757,
            28.6129379
          ],
          [
            84.4676663,
            28.6129155
          ],
          [
            84.4676744,
            28.612886
          ],
          [
            84.4676543,
            28.6128472
          ],
          [
            84.4676368,
            28.6128013
          ],
          [
            84.4676368,
            28.6127624
          ],
          [
            84.4676637,
            28.6127412
          ],
          [
            84.4677012,
            28.6127306
          ],
          [
            84.467728,
            28.6127071
          ],
          [
            84.4677321,
            28.6126718
          ],
          [
            84.4677173,
            28.6126388
          ],
          [
            84.4676851,
            28.6125988
          ],
          [
            84.4676851,
            28.6125599
          ],
          [
            84.4677133,
            28.612527
          ],
          [
            84.4677522,
            28.6125187
          ],
          [
            84.4677669,
            28.6124952
          ],
          [
            84.4677548,
            28.612461
          ],
          [
            84.4677428,
            28.6124351
          ],
          [
            84.4677589,
            28.6124069
          ],
          [
            84.4677897,
            28.6123822
          ],
          [
            84.4678085,
            28.6123551
          ],
          [
            84.4678192,
            28.6123127
          ],
          [
            84.4678065,
            28.6122386
          ],
          [
            84.4677897,
            28.6121714
          ],
          [
            84.4677763,
            28.6121078
          ],
          [
            84.4677562,
            28.6120466
          ],
          [
            84.4677334,
            28.6119877
          ],
          [
            84.4676918,
            28.6119359
          ],
          [
            84.4676502,
            28.6119159
          ],
          [
            84.4676234,
            28.6119053
          ],
          [
            84.4675912,
            28.6118971
          ],
          [
            84.4675577,
            28.6118641
          ],
          [
            84.4675356,
            28.6118303
          ],
          [
            84.4675041,
            28.6117723
          ],
          [
            84.4674719,
            28.6117276
          ],
          [
            84.4674196,
            28.6116969
          ],
          [
            84.4673874,
            28.6116534
          ],
          [
            84.46737,
            28.6116145
          ],
          [
            84.4673632,
            28.6115274
          ],
          [
            84.4673378,
            28.611498
          ],
          [
            84.467319,
            28.6114521
          ],
          [
            84.4673016,
            28.6113885
          ],
          [
            84.4672949,
            28.6113461
          ],
          [
            84.4673217,
            28.611299
          ],
          [
            84.4673231,
            28.6112494
          ],
          [
            84.4673056,
            28.6111636
          ],
          [
            84.4672868,
            28.6110953
          ],
          [
            84.4672531,
            28.6110631
          ],
          [
            84.4672037,
            28.6109917
          ],
          [
            84.4671728,
            28.6109646
          ],
          [
            84.4671286,
            28.6108705
          ],
          [
            84.4671125,
            28.6107833
          ],
          [
            84.4671071,
            28.6106774
          ],
          [
            84.4671232,
            28.6106291
          ],
          [
            84.4670883,
            28.6105832
          ],
          [
            84.4670789,
            28.6105373
          ],
          [
            84.4670052,
            28.6104537
          ],
          [
            84.4669649,
            28.6104089
          ],
          [
            84.4669502,
            28.6103748
          ],
          [
            84.4669314,
            28.6103147
          ],
          [
            84.4669059,
            28.6102712
          ],
          [
            84.4668509,
            28.610177
          ],
          [
            84.4668107,
            28.6101323
          ],
          [
            84.4666954,
            28.610091
          ],
          [
            84.4666404,
            28.610071
          ],
          [
            84.4665948,
            28.6100322
          ],
          [
            84.4665546,
            28.6099992
          ],
          [
            84.466509,
            28.6099521
          ],
          [
            84.4664701,
            28.6099274
          ],
          [
            84.4664634,
            28.6098909
          ],
          [
            84.4664942,
            28.6098874
          ],
          [
            84.4665358,
            28.6099015
          ],
          [
            84.4665546,
            28.6098944
          ],
          [
            84.4665707,
            28.6098744
          ],
          [
            84.4665398,
            28.6098344
          ],
          [
            84.4665197,
            28.6097944
          ],
          [
            84.466513,
            28.6097661
          ],
          [
            84.4664795,
            28.6097284
          ],
          [
            84.4664339,
            28.6096955
          ],
          [
            84.4664146,
            28.6096649
          ],
          [
            84.4664285,
            28.6096119
          ],
          [
            84.4663963,
            28.6094953
          ],
          [
            84.4663212,
            28.6094341
          ],
          [
            84.4662702,
            28.6093752
          ],
          [
            84.4662756,
            28.6093069
          ],
          [
            84.466281,
            28.6092598
          ],
          [
            84.466289,
            28.6092198
          ],
          [
            84.4662112,
            28.6091492
          ],
          [
            84.4661367,
            28.6090641
          ],
          [
            84.4660557,
            28.6089843
          ],
          [
            84.4659993,
            28.608876
          ],
          [
            84.4658947,
            28.6087748
          ],
          [
            84.4658196,
            28.6087182
          ],
          [
            84.4657767,
            28.6086452
          ],
          [
            84.4657338,
            28.6086029
          ],
          [
            84.4656426,
            28.6085534
          ],
          [
            84.4655782,
            28.608504
          ],
          [
            84.4655541,
            28.6084192
          ],
          [
            84.4655031,
            28.6083533
          ],
          [
            84.4654066,
            28.6082756
          ],
          [
            84.4653154,
            28.6082544
          ],
          [
            84.4652617,
            28.6081884
          ],
          [
            84.4651866,
            28.6081154
          ],
          [
            84.4651008,
            28.608073
          ],
          [
            84.4650444,
            28.6080477
          ],
          [
            84.4650284,
            28.608
          ],
          [
            84.465015,
            28.6079529
          ],
          [
            84.4649479,
            28.6078988
          ],
          [
            84.4648809,
            28.6078776
          ],
          [
            84.4648031,
            28.6078211
          ],
          [
            84.4647763,
            28.6077811
          ],
          [
            84.4647199,
            28.607734
          ],
          [
            84.4646556,
            28.6077222
          ],
          [
            84.4645724,
            28.6076916
          ],
          [
            84.4644919,
            28.6076445
          ],
          [
            84.4644303,
            28.6075762
          ],
          [
            84.464382,
            28.6075008
          ],
          [
            84.4643578,
            28.6074514
          ],
          [
            84.4643122,
            28.6073595
          ],
          [
            84.4643042,
            28.6072889
          ],
          [
            84.4642935,
            28.6072159
          ],
          [
            84.4642425,
            28.6071665
          ],
          [
            84.4641942,
            28.6071241
          ],
          [
            84.4640777,
            28.6070662
          ],
          [
            84.4640977,
            28.6070158
          ],
          [
            84.4641513,
            28.6070016
          ],
          [
            84.4642103,
            28.6069922
          ],
          [
            84.4642586,
            28.6069639
          ],
          [
            84.4642425,
            28.6069098
          ],
          [
            84.4641862,
            28.606898
          ],
          [
            84.4641352,
            28.6068792
          ],
          [
            84.4640776,
            28.6068436
          ],
          [
            84.4640896,
            28.6068015
          ],
          [
            84.4641567,
            28.6067826
          ],
          [
            84.4642184,
            28.6067497
          ],
          [
            84.4642452,
            28.6067049
          ],
          [
            84.464264,
            28.6066767
          ],
          [
            84.4642908,
            28.6066496
          ],
          [
            84.4643256,
            28.6066237
          ],
          [
            84.464264,
            28.6065778
          ],
          [
            84.4642532,
            28.6065401
          ],
          [
            84.4642827,
            28.606473
          ],
          [
            84.4643431,
            28.6064153
          ],
          [
            84.4644276,
            28.6063717
          ],
          [
            84.4644973,
            28.6063446
          ],
          [
            84.4645442,
            28.6063258
          ],
          [
            84.4645872,
            28.6063411
          ],
          [
            84.4646341,
            28.6063117
          ],
          [
            84.4646542,
            28.6062599
          ],
          [
            84.4646341,
            28.6062116
          ],
          [
            84.4646046,
            28.6061951
          ],
          [
            84.4646287,
            28.6061574
          ],
          [
            84.4646033,
            28.6061374
          ],
          [
            84.4646059,
            28.6061068
          ],
          [
            84.4646207,
            28.6060703
          ],
          [
            84.4645845,
            28.6060844
          ],
          [
            84.4645684,
            28.6060574
          ],
          [
            84.4645925,
            28.6060397
          ],
          [
            84.4645939,
            28.6060114
          ],
          [
            84.4645818,
            28.6059902
          ],
          [
            84.4645501,
            28.6059777
          ],
          [
            84.4644812,
            28.6059255
          ],
          [
            84.4644142,
            28.6058807
          ],
          [
            84.4643417,
            28.6058267
          ],
          [
            84.4642666,
            28.6057654
          ],
          [
            84.4641513,
            28.6056735
          ],
          [
            84.4640601,
            28.6055982
          ],
          [
            84.4639984,
            28.6055322
          ],
          [
            84.463926,
            28.6054616
          ],
          [
            84.4638402,
            28.6054263
          ],
          [
            84.4637248,
            28.605358
          ],
          [
            84.4636207,
            28.6052739
          ],
          [
            84.4635559,
            28.6052261
          ],
          [
            84.4634754,
            28.605146
          ],
          [
            84.4633842,
            28.6051201
          ],
          [
            84.4633243,
            28.6050804
          ],
          [
            84.4632474,
            28.605073
          ],
          [
            84.4631616,
            28.605033
          ],
          [
            84.4631026,
            28.6049789
          ],
          [
            84.4630462,
            28.604927
          ],
          [
            84.4629577,
            28.6048847
          ],
          [
            84.4628773,
            28.6048211
          ],
          [
            84.4628295,
            28.604778
          ],
          [
            84.4627297,
            28.6047151
          ],
          [
            84.46266,
            28.6046963
          ],
          [
            84.4625795,
            28.604635
          ],
          [
            84.4625044,
            28.6045856
          ],
          [
            84.4624454,
            28.6045762
          ],
          [
            84.4623596,
            28.6045197
          ],
          [
            84.462373,
            28.6044349
          ],
          [
            84.462322,
            28.6043642
          ],
          [
            84.4622539,
            28.6042902
          ],
          [
            84.462204,
            28.6042912
          ],
          [
            84.4621691,
            28.6042606
          ],
          [
            84.4621557,
            28.6042253
          ],
          [
            84.4621665,
            28.6041829
          ],
          [
            84.4621262,
            28.604117
          ],
          [
            84.4620619,
            28.6040322
          ],
          [
            84.4620082,
            28.6039474
          ],
          [
            84.4619197,
            28.6039027
          ],
          [
            84.4618714,
            28.6038132
          ],
          [
            84.4618446,
            28.6037308
          ],
          [
            84.461799,
            28.6037002
          ],
          [
            84.461748,
            28.603679
          ],
          [
            84.4616917,
            28.6035777
          ],
          [
            84.4616676,
            28.6035118
          ],
          [
            84.46163,
            28.6034129
          ],
          [
            84.4615846,
            28.6033514
          ],
          [
            84.4615978,
            28.6032975
          ],
          [
            84.4615576,
            28.6032598
          ],
          [
            84.4615603,
            28.6032104
          ],
          [
            84.4615254,
            28.6031538
          ],
          [
            84.4614637,
            28.6031162
          ],
          [
            84.4613833,
            28.6030761
          ],
          [
            84.461335,
            28.6030055
          ],
          [
            84.4612572,
            28.6029984
          ],
          [
            84.4612143,
            28.6029301
          ],
          [
            84.461115,
            28.6028618
          ],
          [
            84.4610081,
            28.6027919
          ],
          [
            84.4609167,
            28.602768
          ],
          [
            84.460871,
            28.6027323
          ],
          [
            84.4608066,
            28.6026852
          ],
          [
            84.4606832,
            28.6026405
          ],
          [
            84.4605652,
            28.6026405
          ],
          [
            84.4605035,
            28.6026193
          ],
          [
            84.4603667,
            28.6025581
          ],
          [
            84.4602487,
            28.6025463
          ],
          [
            84.4601494,
            28.6025463
          ],
          [
            84.460077,
            28.6025486
          ],
          [
            84.4600261,
            28.6024945
          ],
          [
            84.4599295,
            28.6025204
          ],
          [
            84.4598866,
            28.6024521
          ],
          [
            84.45979,
            28.6024662
          ],
          [
            84.4597176,
            28.6024474
          ],
          [
            84.459664,
            28.6024945
          ],
          [
            84.4595567,
            28.6024945
          ],
          [
            84.4594816,
            28.6025275
          ],
          [
            84.4594065,
            28.6025039
          ],
          [
            84.4593126,
            28.6024886
          ],
          [
            84.4592985,
            28.6025273
          ],
          [
            84.459208,
            28.6025322
          ],
          [
            84.4591812,
            28.6024898
          ],
          [
            84.4590953,
            28.6024639
          ],
          [
            84.4590256,
            28.6024874
          ],
          [
            84.4590122,
            28.6025275
          ],
          [
            84.4589559,
            28.602551
          ],
          [
            84.4589022,
            28.6025133
          ],
          [
            84.4588673,
            28.6024804
          ],
          [
            84.4588244,
            28.6025416
          ],
          [
            84.4587466,
            28.6025298
          ],
          [
            84.4586474,
            28.6024662
          ],
          [
            84.4585482,
            28.6024615
          ],
          [
            84.4584784,
            28.6024497
          ],
          [
            84.4583899,
            28.6023744
          ],
          [
            84.4583336,
            28.602372
          ],
          [
            84.4582746,
            28.6023014
          ],
          [
            84.4581673,
            28.6022472
          ],
          [
            84.4580225,
            28.6021978
          ],
          [
            84.4577918,
            28.602146
          ],
          [
            84.4576309,
            28.6021012
          ],
          [
            84.4573948,
            28.6020518
          ],
          [
            84.4572607,
            28.6020541
          ],
          [
            84.4571883,
            28.6020753
          ],
          [
            84.4571078,
            28.6021083
          ],
          [
            84.4569791,
            28.6020942
          ],
          [
            84.4569227,
            28.60208
          ],
          [
            84.4568557,
            28.6020423
          ],
          [
            84.4567984,
            28.601995
          ],
          [
            84.4567243,
            28.6019693
          ],
          [
            84.4566813,
            28.6019811
          ],
          [
            84.4565875,
            28.6019505
          ],
          [
            84.4565311,
            28.6019081
          ],
          [
            84.4564399,
            28.6019058
          ],
          [
            84.4564078,
            28.6018987
          ],
          [
            84.4563383,
            28.6018203
          ],
          [
            84.4563032,
            28.6017291
          ],
          [
            84.4563005,
            28.6016467
          ],
          [
            84.456212,
            28.6015337
          ],
          [
            84.45611,
            28.6014654
          ],
          [
            84.4560269,
            28.6013712
          ],
          [
            84.4559008,
            28.6013029
          ],
          [
            84.4558069,
            28.6012629
          ],
          [
            84.4556943,
            28.6011993
          ],
          [
            84.4555709,
            28.6011381
          ],
          [
            84.4554456,
            28.6011281
          ],
          [
            84.455351,
            28.6011075
          ],
          [
            84.4552893,
            28.6010792
          ],
          [
            84.4552249,
            28.6010486
          ],
          [
            84.4551981,
            28.600985
          ],
          [
            84.4551149,
            28.6008767
          ],
          [
            84.4550532,
            28.6008249
          ],
          [
            84.4549889,
            28.600726
          ],
          [
            84.454946,
            28.6006294
          ],
          [
            84.4549621,
            28.6005399
          ],
          [
            84.4549486,
            28.6004387
          ],
          [
            84.4549272,
            28.6003609
          ],
          [
            84.4548553,
            28.6002781
          ],
          [
            84.4547314,
            28.6002573
          ],
          [
            84.4545731,
            28.6002102
          ],
          [
            84.4545275,
            28.6001561
          ],
          [
            84.4544042,
            28.6001254
          ],
          [
            84.4542915,
            28.6001043
          ],
          [
            84.4542271,
            28.6000642
          ],
          [
            84.4541359,
            28.6000242
          ],
          [
            84.4540447,
            28.6000265
          ],
          [
            84.4539562,
            28.6000101
          ],
          [
            84.4539133,
            28.599963
          ],
          [
            84.4538302,
            28.5998994
          ],
          [
            84.453745,
            28.5998781
          ],
          [
            84.4536451,
            28.5998546
          ],
          [
            84.4535432,
            28.5997628
          ],
          [
            84.4535324,
            28.5996874
          ],
          [
            84.4534305,
            28.5996427
          ],
          [
            84.4533661,
            28.5995414
          ],
          [
            84.4532535,
            28.599492
          ],
          [
            84.453173,
            28.5994048
          ],
          [
            84.4531274,
            28.5993507
          ],
          [
            84.453063,
            28.5992824
          ],
          [
            84.4529317,
            28.5992122
          ],
          [
            84.4528351,
            28.5991905
          ],
          [
            84.4527439,
            28.5991717
          ],
          [
            84.4526312,
            28.5991481
          ],
          [
            84.4525454,
            28.5991552
          ],
          [
            84.4524247,
            28.599167
          ],
          [
            84.4523362,
            28.599167
          ],
          [
            84.452245,
            28.5991317
          ],
          [
            84.4521779,
            28.599094
          ],
          [
            84.452127,
            28.5990539
          ],
          [
            84.4520331,
            28.5990516
          ],
          [
            84.4519794,
            28.5990233
          ],
          [
            84.4519204,
            28.5989951
          ],
          [
            84.4518346,
            28.5990328
          ],
          [
            84.4517541,
            28.5990516
          ],
          [
            84.4516892,
            28.5990432
          ],
          [
            84.4516307,
            28.5989998
          ],
          [
            84.4515771,
            28.5989268
          ],
          [
            84.4515288,
            28.5988373
          ],
          [
            84.4515369,
            28.5987808
          ],
          [
            84.4515088,
            28.5986795
          ],
          [
            84.4514215,
            28.5986442
          ],
          [
            84.4513116,
            28.5986301
          ],
          [
            84.4512177,
            28.598623
          ],
          [
            84.4510943,
            28.5985782
          ],
          [
            84.4510085,
            28.5985288
          ],
          [
            84.45092,
            28.5984793
          ],
          [
            84.4508717,
            28.5984181
          ],
          [
            84.4507134,
            28.5983828
          ],
          [
            84.4506142,
            28.5983522
          ],
          [
            84.4505471,
            28.5983051
          ],
          [
            84.4503808,
            28.5982886
          ],
          [
            84.4502736,
            28.5982933
          ],
          [
            84.4502199,
            28.5982768
          ],
          [
            84.4501716,
            28.5982274
          ],
          [
            84.4500831,
            28.598185
          ],
          [
            84.4499651,
            28.598152
          ],
          [
            84.4499383,
            28.5980978
          ],
          [
            84.4498793,
            28.5980484
          ],
          [
            84.4497747,
            28.5980342
          ],
          [
            84.4496996,
            28.5980272
          ],
          [
            84.4496379,
            28.5980036
          ],
          [
            84.4495494,
            28.5979565
          ],
          [
            84.4494152,
            28.5978953
          ],
          [
            84.4492489,
            28.5978553
          ],
          [
            84.4491336,
            28.5978317
          ],
          [
            84.4490478,
            28.597787
          ],
          [
            84.4489164,
            28.597754
          ],
          [
            84.448801,
            28.5977328
          ],
          [
            84.4484657,
            28.5975962
          ],
          [
            84.4483638,
            28.5975162
          ],
          [
            84.4482136,
            28.5974314
          ],
          [
            84.4480527,
            28.5973866
          ],
          [
            84.4479615,
            28.5973513
          ],
          [
            84.4478542,
            28.5972807
          ],
          [
            84.4478113,
            28.5972006
          ],
          [
            84.4476959,
            28.5971794
          ],
          [
            84.4475833,
            28.5971346
          ],
          [
            84.4475082,
            28.5970923
          ],
          [
            84.4474376,
            28.5970366
          ],
          [
            84.4474063,
            28.5969557
          ],
          [
            84.4473741,
            28.5968968
          ],
          [
            84.4473392,
            28.596845
          ],
          [
            84.4472963,
            28.5968002
          ],
          [
            84.4472561,
            28.5967626
          ],
          [
            84.4472132,
            28.5967508
          ],
          [
            84.4471407,
            28.596772
          ],
          [
            84.4471139,
            28.5968049
          ],
          [
            84.4471193,
            28.5968426
          ],
          [
            84.4470871,
            28.5968897
          ],
          [
            84.4470254,
            28.5969097
          ],
          [
            84.4469664,
            28.5969062
          ],
          [
            84.4469838,
            28.5968568
          ],
          [
            84.4469758,
            28.5968297
          ],
          [
            84.4469449,
            28.5968473
          ],
          [
            84.4469503,
            28.5968097
          ],
          [
            84.446906,
            28.5968132
          ],
          [
            84.4469007,
            28.5967614
          ],
          [
            84.446843,
            28.5967614
          ],
          [
            84.4468028,
            28.5967437
          ],
          [
            84.446776,
            28.596686
          ],
          [
            84.4467639,
            28.5966377
          ],
          [
            84.4467169,
            28.5966601
          ],
          [
            84.4466995,
            28.5966236
          ],
          [
            84.4466445,
            28.596573
          ],
          [
            84.4465909,
            28.5966036
          ],
          [
            84.4465413,
            28.5966213
          ],
          [
            84.4465238,
            28.5966495
          ],
          [
            84.4465037,
            28.5966801
          ],
          [
            84.4464742,
            28.5966954
          ],
          [
            84.4464179,
            28.596686
          ],
          [
            84.4464004,
            28.5966554
          ],
          [
            84.446379,
            28.5966248
          ],
          [
            84.4463119,
            28.5966154
          ],
          [
            84.4462409,
            28.5966083
          ],
          [
            84.446186,
            28.5966088
          ],
          [
            84.4461188,
            28.5965965
          ],
          [
            84.4460705,
            28.596573
          ],
          [
            84.4460021,
            28.5965765
          ],
          [
            84.445923,
            28.596613
          ],
          [
            84.4458694,
            28.5966495
          ],
          [
            84.4458037,
            28.5966672
          ],
          [
            84.4457259,
            28.5966766
          ],
          [
            84.4456065,
            28.5966943
          ],
          [
            84.4455153,
            28.5967107
          ],
          [
            84.4454746,
            28.5967362
          ],
          [
            84.4454161,
            28.5967602
          ],
          [
            84.4453892,
            28.5967767
          ],
          [
            84.4453571,
            28.596772
          ],
          [
            84.4453369,
            28.5967943
          ],
          [
            84.4453061,
            28.5967731
          ],
          [
            84.4453048,
            28.596752
          ],
          [
            84.4452203,
            28.5967378
          ],
          [
            84.4451291,
            28.5967508
          ],
          [
            84.4451009,
            28.5967484
          ],
          [
            84.4450634,
            28.5967414
          ],
          [
            84.4450044,
            28.5967096
          ],
          [
            84.4449614,
            28.5966858
          ],
          [
            84.4448837,
            28.5966601
          ],
          [
            84.4447737,
            28.5966366
          ],
          [
            84.4446738,
            28.5966177
          ],
          [
            84.4445725,
            28.5966236
          ],
          [
            84.4444706,
            28.5966001
          ],
          [
            84.4444143,
            28.5966107
          ],
          [
            84.4443311,
            28.5965812
          ],
          [
            84.4442507,
            28.5965518
          ],
          [
            84.4441849,
            28.5965318
          ],
          [
            84.4441259,
            28.5965376
          ],
          [
            84.4440401,
            28.5964894
          ],
          [
            84.4439502,
            28.5964917
          ],
          [
            84.4438497,
            28.5964658
          ],
          [
            84.4437209,
            28.5964281
          ],
          [
            84.4436109,
            28.5963999
          ],
          [
            84.4436056,
            28.5963504
          ],
          [
            84.4433937,
            28.5963716
          ],
          [
            84.4433347,
            28.596374
          ],
          [
            84.4432944,
            28.5963881
          ],
          [
            84.4432354,
            28.5963575
          ],
          [
            84.4431605,
            28.5963114
          ],
          [
            84.4430691,
            28.596268
          ],
          [
            84.4429914,
            28.5962845
          ],
          [
            84.4428626,
            28.5962468
          ],
          [
            84.4427151,
            28.5962774
          ],
          [
            84.4426373,
            28.5963151
          ],
          [
            84.442528,
            28.596294
          ],
          [
            84.4424361,
            28.5962986
          ],
          [
            84.4423262,
            28.5963551
          ],
          [
            84.4422591,
            28.5963598
          ],
          [
            84.4421733,
            28.5963622
          ],
          [
            84.4421062,
            28.5963928
          ],
          [
            84.4420274,
            28.5964092
          ],
          [
            84.4419051,
            28.5964117
          ],
          [
            84.4418407,
            28.5964352
          ],
          [
            84.4417544,
            28.5964543
          ],
          [
            84.4416637,
            28.5965624
          ],
          [
            84.4415886,
            28.5966636
          ],
          [
            84.4415161,
            28.5967461
          ],
          [
            84.441433,
            28.5968097
          ],
          [
            84.4413606,
            28.5968403
          ],
          [
            84.4413061,
            28.5968718
          ],
          [
            84.4412023,
            28.5969604
          ],
          [
            84.4410843,
            28.5970381
          ],
          [
            84.4410026,
            28.5971151
          ],
          [
            84.4408429,
            28.5971935
          ],
          [
            84.4407303,
            28.5972383
          ],
          [
            84.4405908,
            28.5972689
          ],
          [
            84.440475,
            28.5973107
          ],
          [
            84.4403199,
            28.5973563
          ],
          [
            84.4402045,
            28.5974008
          ],
          [
            84.4401348,
            28.5974267
          ],
          [
            84.440057,
            28.5974361
          ],
          [
            84.4400168,
            28.5974479
          ],
          [
            84.4399766,
            28.5974808
          ],
          [
            84.439939,
            28.5974643
          ],
          [
            84.4398746,
            28.5974714
          ],
          [
            84.4397995,
            28.5974832
          ],
          [
            84.4397673,
            28.5975421
          ],
          [
            84.4397083,
            28.5975421
          ],
          [
            84.439644,
            28.5975256
          ],
          [
            84.4395818,
            28.5975354
          ],
          [
            84.4394884,
            28.5975326
          ],
          [
            84.4394079,
            28.5975585
          ],
          [
            84.4393399,
            28.5975909
          ],
          [
            84.4392604,
            28.5975844
          ],
          [
            84.4391692,
            28.5975656
          ],
          [
            84.439054,
            28.597601
          ],
          [
            84.4389171,
            28.5976127
          ],
          [
            84.438732,
            28.5976198
          ],
          [
            84.4386246,
            28.5976098
          ],
          [
            84.4384584,
            28.5976834
          ],
          [
            84.4383458,
            28.5977022
          ],
          [
            84.438276,
            28.5976786
          ],
          [
            84.4381795,
            28.5976881
          ],
          [
            84.4380936,
            28.5977116
          ],
          [
            84.4380243,
            28.5976814
          ],
          [
            84.4379112,
            28.5976786
          ],
          [
            84.437804,
            28.5976504
          ],
          [
            84.4377718,
            28.5976834
          ],
          [
            84.4376913,
            28.5976457
          ],
          [
            84.4375894,
            28.5976645
          ],
          [
            84.4375116,
            28.5976575
          ],
          [
            84.4374606,
            28.5976339
          ],
          [
            84.4374204,
            28.5975844
          ],
          [
            84.4373641,
            28.5975633
          ],
          [
            84.437297,
            28.597568
          ],
          [
            84.4372273,
            28.5975633
          ],
          [
            84.4371602,
            28.5975633
          ],
          [
            84.4371388,
            28.5974926
          ],
          [
            84.4371173,
            28.5974549
          ],
          [
            84.4370583,
            28.5974243
          ],
          [
            84.4369993,
            28.597396
          ],
          [
            84.436943,
            28.597396
          ],
          [
            84.4368571,
            28.5974549
          ],
          [
            84.4367928,
            28.5974667
          ],
          [
            84.4367391,
            28.5975091
          ],
          [
            84.4366962,
            28.5975844
          ],
          [
            84.4366713,
            28.5975974
          ],
          [
            84.4366345,
            28.5975609
          ],
          [
            84.4365701,
            28.5975892
          ],
          [
            84.4364977,
            28.5975939
          ],
          [
            84.4364038,
            28.5976127
          ],
          [
            84.4362671,
            28.5976221
          ],
          [
            84.4361785,
            28.5976598
          ],
          [
            84.4361169,
            28.5976551
          ],
          [
            84.4360337,
            28.5976245
          ],
          [
            84.4359559,
            28.5976339
          ],
          [
            84.4358459,
            28.5976457
          ],
          [
            84.4357494,
            28.5976221
          ],
          [
            84.4356825,
            28.5976903
          ],
          [
            84.4355777,
            28.5976221
          ],
          [
            84.435449,
            28.5976221
          ],
          [
            84.4352934,
            28.5976363
          ],
          [
            84.435211,
            28.5977065
          ],
          [
            84.4350735,
            28.5976645
          ],
          [
            84.4350252,
            28.5977069
          ],
          [
            84.4348964,
            28.5977163
          ],
          [
            84.4347516,
            28.5976315
          ],
          [
            84.4346577,
            28.5976174
          ],
          [
            84.4345826,
            28.5975844
          ],
          [
            84.4344606,
            28.5976079
          ],
          [
            84.4343627,
            28.5976009
          ],
          [
            84.4342956,
            28.5975703
          ],
          [
            84.4342313,
            28.5975727
          ],
          [
            84.4341535,
            28.597568
          ],
          [
            84.4340542,
            28.5975491
          ],
          [
            84.4339711,
            28.5975868
          ],
          [
            84.4339094,
            28.5976198
          ],
          [
            84.4338289,
            28.5976433
          ],
          [
            84.4337887,
            28.5976904
          ],
          [
            84.433676,
            28.5976975
          ],
          [
            84.4335741,
            28.5976904
          ],
          [
            84.4334374,
            28.5976991
          ],
          [
            84.4333032,
            28.5977116
          ],
          [
            84.4331906,
            28.5977305
          ],
          [
            84.433043,
            28.5977257
          ],
          [
            84.4328982,
            28.5976998
          ],
          [
            84.4328043,
            28.5976904
          ],
          [
            84.4326701,
            28.5976967
          ],
          [
            84.4324959,
            28.5977069
          ],
          [
            84.4323135,
            28.597721
          ],
          [
            84.4321901,
            28.5977517
          ],
          [
            84.4319433,
            28.597704
          ],
          [
            84.4317583,
            28.5976834
          ],
          [
            84.431549,
            28.5975609
          ],
          [
            84.4312936,
            28.5974857
          ],
          [
            84.4311682,
            28.5973678
          ],
          [
            84.4310609,
            28.597283
          ],
          [
            84.4309115,
            28.5971623
          ],
          [
            84.43068,
            28.5971417
          ],
          [
            84.4306049,
            28.5971982
          ],
          [
            84.4305084,
            28.5972265
          ],
          [
            84.4303957,
            28.5971653
          ],
          [
            84.4302723,
            28.5972029
          ],
          [
            84.4301468,
            28.5971934
          ],
          [
            84.4301355,
            28.597104
          ],
          [
            84.4300631,
            28.5971111
          ],
          [
            84.4301001,
            28.5970252
          ],
          [
            84.4300362,
            28.5969875
          ],
          [
            84.4299772,
            28.5969498
          ],
          [
            84.4298592,
            28.5968697
          ],
          [
            84.4297492,
            28.5968438
          ],
          [
            84.4296876,
            28.596759
          ],
          [
            84.4295803,
            28.5967496
          ],
          [
            84.4294587,
            28.5967377
          ],
          [
            84.4292584,
            28.5966366
          ],
          [
            84.4291806,
            28.5965518
          ],
          [
            84.4290921,
            28.5964859
          ],
          [
            84.4289687,
            28.5964176
          ],
          [
            84.4288909,
            28.5964458
          ],
          [
            84.4288352,
            28.5964347
          ],
          [
            84.4287863,
            28.5963811
          ],
          [
            84.4287461,
            28.5963304
          ],
          [
            84.4286683,
            28.5962892
          ],
          [
            84.4285382,
            28.5962515
          ],
          [
            84.4284041,
            28.5962351
          ],
          [
            84.4283223,
            28.5962103
          ],
          [
            84.4282351,
            28.5961526
          ],
          [
            84.4281681,
            28.5961102
          ],
          [
            84.4280983,
            28.5960808
          ],
          [
            84.4280635,
            28.5960478
          ],
          [
            84.4280254,
            28.5960039
          ],
          [
            84.4279629,
            28.595989
          ],
          [
            84.4279119,
            28.5959525
          ],
          [
            84.4278757,
            28.595923
          ],
          [
            84.4277939,
            28.5959289
          ],
          [
            84.4276987,
            28.5959383
          ],
          [
            84.4276343,
            28.5959242
          ],
          [
            84.4275874,
            28.5959277
          ],
          [
            84.4275592,
            28.5959419
          ],
          [
            84.4275116,
            28.5959287
          ],
          [
            84.427464,
            28.5959242
          ],
          [
            84.4273876,
            28.5959407
          ],
          [
            84.4273031,
            28.5959195
          ],
          [
            84.4272038,
            28.5959419
          ],
          [
            84.427055,
            28.595943
          ],
          [
            84.426941,
            28.5959595
          ],
          [
            84.4268592,
            28.5960196
          ],
          [
            84.426823,
            28.596049
          ],
          [
            84.4267559,
            28.596069
          ],
          [
            84.4266888,
            28.5961008
          ],
          [
            84.4266419,
            28.5961303
          ],
          [
            84.4265681,
            28.5961373
          ],
          [
            84.4265319,
            28.5961338
          ],
          [
            84.426482,
            28.5961384
          ],
          [
            84.4263683,
            28.596122
          ],
          [
            84.4262356,
            28.5960726
          ],
          [
            84.4261886,
            28.5960043
          ],
          [
            84.4261631,
            28.5959371
          ],
          [
            84.426088,
            28.5958583
          ],
          [
            84.4260022,
            28.5958382
          ],
          [
            84.4259392,
            28.5958053
          ],
          [
            84.4258118,
            28.5957664
          ],
          [
            84.425679,
            28.5957582
          ],
          [
            84.4256428,
            28.5957511
          ],
          [
            84.4255999,
            28.5957134
          ],
          [
            84.4255476,
            28.5957146
          ],
          [
            84.4254658,
            28.5956746
          ],
          [
            84.4253907,
            28.5956404
          ],
          [
            84.4253384,
            28.5956027
          ],
          [
            84.4252136,
            28.5955627
          ],
          [
            84.4251224,
            28.5954885
          ],
          [
            84.424995,
            28.5954296
          ],
          [
            84.4249293,
            28.5954261
          ],
          [
            84.4248904,
            28.5953755
          ],
          [
            84.4248717,
            28.5953531
          ],
          [
            84.4247483,
            28.5952824
          ],
          [
            84.4246678,
            28.595233
          ],
          [
            84.424594,
            28.595193
          ],
          [
            84.4245578,
            28.5951718
          ],
          [
            84.4245028,
            28.595147
          ],
          [
            84.4244424,
            28.5951784
          ],
          [
            84.4243714,
            28.5951541
          ],
          [
            84.42435,
            28.595087
          ],
          [
            84.4243392,
            28.5950469
          ],
          [
            84.4242722,
            28.5950163
          ],
          [
            84.4242145,
            28.5950034
          ],
          [
            84.4241649,
            28.5949798
          ],
          [
            84.4240563,
            28.5949433
          ],
          [
            84.424012,
            28.5949198
          ],
          [
            84.4239101,
            28.5948432
          ],
          [
            84.4238524,
            28.5948056
          ],
          [
            84.4237787,
            28.5947785
          ],
          [
            84.4237263,
            28.5947643
          ],
          [
            84.4236754,
            28.5947314
          ],
          [
            84.4235976,
            28.5947078
          ],
          [
            84.4235721,
            28.594676
          ],
          [
            84.4235399,
            28.5946525
          ],
          [
            84.4235051,
            28.5946089
          ],
          [
            84.4234608,
            28.5945689
          ],
          [
            84.4233951,
            28.5945335
          ],
          [
            84.4233254,
            28.5945206
          ],
          [
            84.4232529,
            28.5945006
          ],
          [
            84.4231738,
            28.5944829
          ],
          [
            84.4231246,
            28.5944817
          ],
          [
            84.4230142,
            28.594437
          ],
          [
            84.4228721,
            28.5943922
          ],
          [
            84.4227433,
            28.5943522
          ],
          [
            84.4226226,
            28.5943122
          ],
          [
            84.42251,
            28.5943027
          ],
          [
            84.4224349,
            28.5943051
          ],
          [
            84.4223356,
            28.594298
          ],
          [
            84.4222417,
            28.594298
          ],
          [
            84.4221479,
            28.5942792
          ],
          [
            84.422105,
            28.5942486
          ],
          [
            84.4220191,
            28.5941873
          ],
          [
            84.421944,
            28.5941567
          ],
          [
            84.4218072,
            28.5941473
          ],
          [
            84.4216919,
            28.5941402
          ],
          [
            84.4215739,
            28.5941379
          ],
          [
            84.4215175,
            28.5941143
          ],
          [
            84.421472,
            28.5940837
          ],
          [
            84.42137,
            28.5940955
          ],
          [
            84.4212842,
            28.5940578
          ],
          [
            84.421201,
            28.594006
          ],
          [
            84.4210964,
            28.5939495
          ],
          [
            84.4210079,
            28.5939024
          ],
          [
            84.4208759,
            28.5938299
          ],
          [
            84.4207156,
            28.5937611
          ],
          [
            84.4205815,
            28.5936645
          ],
          [
            84.4204742,
            28.593641
          ],
          [
            84.420391,
            28.5936268
          ],
          [
            84.4202945,
            28.5935845
          ],
          [
            84.4202194,
            28.593535
          ],
          [
            84.4201416,
            28.5934761
          ],
          [
            84.4200557,
            28.5934526
          ],
          [
            84.4199431,
            28.5934172
          ],
          [
            84.4198653,
            28.5934125
          ],
          [
            84.4197687,
            28.5933442
          ],
          [
            84.4197392,
            28.5932689
          ],
          [
            84.41975,
            28.5932218
          ],
          [
            84.4197178,
            28.5931605
          ],
          [
            84.4196454,
            28.5931511
          ],
          [
            84.4195689,
            28.5931193
          ],
          [
            84.4195394,
            28.5930557
          ],
          [
            84.4195176,
            28.5930569
          ],
          [
            84.4193567,
            28.5931012
          ],
          [
            84.4193128,
            28.5931157
          ],
          [
            84.4192551,
            28.5931204
          ],
          [
            84.4192028,
            28.5931181
          ],
          [
            84.41918,
            28.5930698
          ],
          [
            84.4191982,
            28.5930193
          ],
          [
            84.4192169,
            28.5929968
          ],
          [
            84.4192269,
            28.5929685
          ],
          [
            84.4192323,
            28.5929662
          ],
          [
            84.419237,
            28.5929285
          ],
          [
            84.4192149,
            28.5928425
          ],
          [
            84.4192229,
            28.5928096
          ],
          [
            84.4192269,
            28.5927742
          ],
          [
            84.4192323,
            28.5927366
          ],
          [
            84.4192216,
            28.5927048
          ],
          [
            84.4191988,
            28.5926765
          ],
          [
            84.4191827,
            28.5926565
          ],
          [
            84.4191791,
            28.5926098
          ],
          [
            84.4192082,
            28.5925481
          ],
          [
            84.4192202,
            28.5925152
          ],
          [
            84.4192417,
            28.5924846
          ],
          [
            84.4192015,
            28.5924327
          ],
          [
            84.4191666,
            28.5923974
          ],
          [
            84.4191371,
            28.5923574
          ],
          [
            84.4190982,
            28.5923232
          ],
          [
            84.4190757,
            28.5922751
          ],
          [
            84.4190568,
            28.5922382
          ],
          [
            84.4189909,
            28.5921914
          ],
          [
            84.4189359,
            28.5921748
          ],
          [
            84.418952,
            28.5920972
          ],
          [
            84.4188957,
            28.5920548
          ],
          [
            84.4188219,
            28.5920253
          ],
          [
            84.4187656,
            28.5920159
          ],
          [
            84.4186986,
            28.5919677
          ],
          [
            84.4186556,
            28.5919593
          ],
          [
            84.4185791,
            28.5919276
          ],
          [
            84.4185229,
            28.5919335
          ],
          [
            84.4184987,
            28.5919747
          ],
          [
            84.4184571,
            28.5919923
          ],
          [
            84.4184303,
            28.5919971
          ],
          [
            84.4183713,
            28.5919782
          ],
          [
            84.418315,
            28.5919452
          ],
          [
            84.4182801,
            28.5919087
          ],
          [
            84.4182412,
            28.5918781
          ],
          [
            84.41826,
            28.5918593
          ],
          [
            84.4183002,
            28.5918616
          ],
          [
            84.4183405,
            28.5918699
          ],
          [
            84.4183807,
            28.5918628
          ],
          [
            84.4184156,
            28.5918499
          ],
          [
            84.4184184,
            28.591822
          ],
          [
            84.4183807,
            28.5918086
          ],
          [
            84.4183257,
            28.5917804
          ],
          [
            84.4182976,
            28.5917663
          ],
          [
            84.4182707,
            28.5917203
          ],
          [
            84.4182439,
            28.591672
          ],
          [
            84.4182251,
            28.5916155
          ],
          [
            84.4182211,
            28.591572
          ],
          [
            84.4182265,
            28.5915307
          ],
          [
            84.4182077,
            28.5914872
          ],
          [
            84.4181889,
            28.5914518
          ],
          [
            84.4181832,
            28.5914121
          ],
          [
            84.418146,
            28.5913376
          ],
          [
            84.4181031,
            28.5912717
          ],
          [
            84.4180575,
            28.5911869
          ],
          [
            84.4180025,
            28.5910715
          ],
          [
            84.4179717,
            28.5910515
          ],
          [
            84.4179314,
            28.5910079
          ],
          [
            84.4179274,
            28.5909455
          ],
          [
            84.4179435,
            28.5909149
          ],
          [
            84.4179395,
            28.5908383
          ],
          [
            84.4179301,
            28.5907901
          ],
          [
            84.4179086,
            28.5907147
          ],
          [
            84.4178885,
            28.5906593
          ],
          [
            84.417863,
            28.5906016
          ],
          [
            84.4178184,
            28.5905663
          ],
          [
            84.4178134,
            28.5904662
          ],
          [
            84.4177517,
            28.5903296
          ],
          [
            84.4177008,
            28.5902236
          ],
          [
            84.4176418,
            28.5902048
          ],
          [
            84.4175693,
            28.5901836
          ],
          [
            84.4175103,
            28.5901436
          ],
          [
            84.4174647,
            28.590087
          ],
          [
            84.4174523,
            28.5899744
          ],
          [
            84.4174111,
            28.5899292
          ],
          [
            84.4173387,
            28.5899198
          ],
          [
            84.4172609,
            28.5898916
          ],
          [
            84.4172019,
            28.589828
          ],
          [
            84.4172126,
            28.589755
          ],
          [
            84.4171831,
            28.5897031
          ],
          [
            84.4171134,
            28.5896584
          ],
          [
            84.4170731,
            28.5896278
          ],
          [
            84.4170409,
            28.589583
          ],
          [
            84.4170329,
            28.5895289
          ],
          [
            84.4170222,
            28.5894723
          ],
          [
            84.4170324,
            28.5894204
          ],
          [
            84.4170141,
            28.5893499
          ],
          [
            84.4169444,
            28.589291
          ],
          [
            84.4169149,
            28.5892203
          ],
          [
            84.4169605,
            28.5891261
          ],
          [
            84.4169632,
            28.5890343
          ],
          [
            84.4169122,
            28.5889189
          ],
          [
            84.4169015,
            28.5888082
          ],
          [
            84.4169578,
            28.5887446
          ],
          [
            84.4169632,
            28.588641
          ],
          [
            84.4169444,
            28.5885468
          ],
          [
            84.4168854,
            28.5884219
          ],
          [
            84.4168854,
            28.5883513
          ],
          [
            84.4169149,
            28.58825
          ],
          [
            84.4169337,
            28.5881746
          ],
          [
            84.4169248,
            28.5880733
          ],
          [
            84.4168586,
            28.5879132
          ],
          [
            84.4167754,
            28.5877931
          ],
          [
            84.4166735,
            28.5876989
          ],
          [
            84.416585,
            28.5876329
          ],
          [
            84.4165233,
            28.587527
          ],
          [
            84.4164911,
            28.5874563
          ],
          [
            84.4164696,
            28.5874068
          ],
          [
            84.4164106,
            28.5873315
          ],
          [
            84.416365,
            28.5872608
          ],
          [
            84.4163167,
            28.5871807
          ],
          [
            84.4162443,
            28.5871407
          ],
          [
            84.4162416,
            28.5870983
          ],
          [
            84.4161514,
            28.587073
          ],
          [
            84.416129,
            28.5870135
          ],
          [
            84.4160566,
            28.5869805
          ],
          [
            84.4159788,
            28.5869452
          ],
          [
            84.4159064,
            28.5869122
          ],
          [
            84.4158608,
            28.5868958
          ],
          [
            84.41584,
            28.5868056
          ],
          [
            84.4158125,
            28.5867215
          ],
          [
            84.4158071,
            28.5866697
          ],
          [
            84.4157991,
            28.5866178
          ],
          [
            84.4157267,
            28.5865754
          ],
          [
            84.4156757,
            28.5865378
          ],
          [
            84.415665,
            28.5865048
          ],
          [
            84.4156716,
            28.5864476
          ],
          [
            84.4157106,
            28.586387
          ],
          [
            84.415724,
            28.5863187
          ],
          [
            84.415665,
            28.5861562
          ],
          [
            84.4155899,
            28.5859961
          ],
          [
            84.415547,
            28.5857911
          ],
          [
            84.4155335,
            28.5856593
          ],
          [
            84.4155443,
            28.5855533
          ],
          [
            84.4155646,
            28.5854824
          ],
          [
            84.4156247,
            28.5853036
          ],
          [
            84.4157293,
            28.5851387
          ],
          [
            84.4157857,
            28.5850233
          ],
          [
            84.4158554,
            28.5849126
          ],
          [
            84.4159359,
            28.5848114
          ],
          [
            84.4160378,
            28.5847171
          ],
          [
            84.4161075,
            28.5846488
          ],
          [
            84.4162037,
            28.5845756
          ],
          [
            84.4163114,
            28.5844934
          ],
          [
            84.4164106,
            28.5843898
          ],
          [
            84.4164938,
            28.5843403
          ],
          [
            84.4165872,
            28.5843003
          ],
          [
            84.4167003,
            28.5842461
          ],
          [
            84.4167969,
            28.5842225
          ],
          [
            84.4168693,
            28.5841919
          ],
          [
            84.4169095,
            28.5841637
          ],
          [
            84.4169632,
            28.5841354
          ],
          [
            84.4170103,
            28.5840859
          ],
          [
            84.4170705,
            28.5840624
          ],
          [
            84.4171214,
            28.5841095
          ],
          [
            84.4171348,
            28.5841542
          ],
          [
            84.4171536,
            28.5841778
          ],
          [
            84.4172233,
            28.5842037
          ],
          [
            84.4173709,
            28.5841943
          ],
          [
            84.4175398,
            28.5842579
          ],
          [
            84.4176713,
            28.5842767
          ],
          [
            84.4178,
            28.5842908
          ],
          [
            84.4178885,
            28.5843073
          ],
          [
            84.4179387,
            28.5843399
          ],
          [
            84.4179502,
            28.5844039
          ],
          [
            84.4180012,
            28.5843474
          ],
          [
            84.4180575,
            28.5842932
          ],
          [
            84.4181433,
            28.5842461
          ],
          [
            84.4181836,
            28.5841849
          ],
          [
            84.4181862,
            28.5841024
          ],
          [
            84.4182077,
            28.5840129
          ],
          [
            84.4182748,
            28.5838928
          ],
          [
            84.4183606,
            28.5838104
          ],
          [
            84.418492,
            28.5837562
          ],
          [
            84.4185832,
            28.5837114
          ],
          [
            84.4186782,
            28.5835965
          ],
          [
            84.4187656,
            28.5834995
          ],
          [
            84.4188488,
            28.5834194
          ],
          [
            84.418897,
            28.5833369
          ],
          [
            84.4188809,
            28.5832474
          ],
          [
            84.4188997,
            28.5831603
          ],
          [
            84.4189373,
            28.5830732
          ],
          [
            84.4189319,
            28.5829695
          ],
          [
            84.4189373,
            28.5828329
          ],
          [
            84.4189292,
            28.5827175
          ],
          [
            84.4188836,
            28.5826162
          ],
          [
            84.4188353,
            28.582522
          ],
          [
            84.4187507,
            28.5824172
          ],
          [
            84.4187656,
            28.5823077
          ],
          [
            84.4186798,
            28.582197
          ],
          [
            84.418653,
            28.5821192
          ],
          [
            84.4186556,
            28.5820392
          ],
          [
            84.4185733,
            28.5818244
          ],
          [
            84.4184786,
            28.5816906
          ],
          [
            84.4183633,
            28.5816482
          ],
          [
            84.4182828,
            28.5815893
          ],
          [
            84.4182158,
            28.5815281
          ],
          [
            84.4181407,
            28.5815021
          ],
          [
            84.4180652,
            28.5814673
          ],
          [
            84.4180763,
            28.5814409
          ],
          [
            84.418146,
            28.5814338
          ],
          [
            84.4182158,
            28.5814621
          ],
          [
            84.4183177,
            28.5814633
          ],
          [
            84.4183533,
            28.5814483
          ],
          [
            84.4183365,
            28.5814209
          ],
          [
            84.4182493,
            28.5813856
          ],
          [
            84.4182064,
            28.5813373
          ],
          [
            84.4181635,
            28.5812902
          ],
          [
            84.4180957,
            28.581232
          ],
          [
            84.4179583,
            28.5811818
          ],
          [
            84.4178054,
            28.5811818
          ],
          [
            84.4177088,
            28.5811748
          ],
          [
            84.417572,
            28.5811559
          ],
          [
            84.4174889,
            28.5811842
          ],
          [
            84.4174191,
            28.5812124
          ],
          [
            84.4173443,
            28.5812764
          ],
          [
            84.4172663,
            28.5813326
          ],
          [
            84.4171536,
            28.5814386
          ],
          [
            84.4171107,
            28.5815375
          ],
          [
            84.4170302,
            28.5816482
          ],
          [
            84.4169846,
            28.5817259
          ],
          [
            84.4169122,
            28.5817636
          ],
          [
            84.4168461,
            28.5817661
          ],
          [
            84.4168049,
            28.5817777
          ],
          [
            84.4167218,
            28.5817377
          ],
          [
            84.416623,
            28.5816951
          ],
          [
            84.4165421,
            28.5816812
          ],
          [
            84.4164616,
            28.5816929
          ],
          [
            84.4164156,
            28.5817551
          ],
          [
            84.4163436,
            28.5818036
          ],
          [
            84.4162631,
            28.5818013
          ],
          [
            84.4161891,
            28.5818355
          ],
          [
            84.4160512,
            28.5818154
          ],
          [
            84.4159278,
            28.581839
          ],
          [
            84.4158581,
            28.5818531
          ],
          [
            84.415791,
            28.5819002
          ],
          [
            84.4157508,
            28.5819096
          ],
          [
            84.4156516,
            28.5818413
          ],
          [
            84.4156134,
            28.581801
          ],
          [
            84.4155738,
            28.5817377
          ],
          [
            84.4155148,
            28.5816953
          ],
          [
            84.4154531,
            28.5817071
          ],
          [
            84.4154128,
            28.58174
          ],
          [
            84.4153683,
            28.5817791
          ],
          [
            84.4153485,
            28.5818295
          ],
          [
            84.4153324,
            28.5818837
          ],
          [
            84.4153082,
            28.5819214
          ],
          [
            84.4152559,
            28.5819586
          ],
          [
            84.4151795,
            28.5819379
          ],
          [
            84.4151822,
            28.5818814
          ],
          [
            84.4151902,
            28.5818248
          ],
          [
            84.4151285,
            28.5817989
          ],
          [
            84.4150454,
            28.5817848
          ],
          [
            84.4149622,
            28.5817989
          ],
          [
            84.4148811,
            28.5818118
          ],
          [
            84.4147986,
            28.5817754
          ],
          [
            84.4147623,
            28.5817284
          ],
          [
            84.4147128,
            28.581634
          ],
          [
            84.4147208,
            28.5815822
          ],
          [
            84.4146994,
            28.581554
          ],
          [
            84.414659,
            28.5814996
          ],
          [
            84.4146001,
            28.581455
          ],
          [
            84.4144875,
            28.5814362
          ],
          [
            84.4144365,
            28.5813962
          ],
          [
            84.4143695,
            28.5813702
          ],
          [
            84.4143185,
            28.5813561
          ],
          [
            84.4142354,
            28.5813514
          ],
          [
            84.4141571,
            28.5813178
          ],
          [
            84.4140771,
            28.5813043
          ],
          [
            84.4139993,
            28.5812643
          ],
          [
            84.413892,
            28.5812383
          ],
          [
            84.4138357,
            28.5812548
          ],
          [
            84.4137391,
            28.5812478
          ],
          [
            84.4136426,
            28.5812289
          ],
          [
            84.4135728,
            28.581203
          ],
          [
            84.4135085,
            28.5812054
          ],
          [
            84.4134495,
            28.5811842
          ],
          [
            84.4133797,
            28.5811653
          ],
          [
            84.4133127,
            28.58113
          ],
          [
            84.4132354,
            28.5811039
          ],
          [
            84.4131356,
            28.5810664
          ],
          [
            84.4131115,
            28.5810169
          ],
          [
            84.4131088,
            28.5809651
          ],
          [
            84.4131035,
            28.5808945
          ],
          [
            84.4130981,
            28.580845
          ],
          [
            84.4130364,
            28.5808144
          ],
          [
            84.4129533,
            28.5808097
          ],
          [
            84.4128927,
            28.580798
          ],
          [
            84.412846,
            28.5807579
          ],
          [
            84.4128031,
            28.5807131
          ],
          [
            84.4127494,
            28.580626
          ],
          [
            84.4127119,
            28.5805223
          ],
          [
            84.4126824,
            28.5804375
          ],
          [
            84.4126743,
            28.5803433
          ],
          [
            84.412647,
            28.5802722
          ],
          [
            84.4126314,
            28.5801667
          ],
          [
            84.4126099,
            28.5801054
          ],
          [
            84.4125186,
            28.5800207
          ],
          [
            84.4124597,
            28.5799358
          ],
          [
            84.4123954,
            28.5798981
          ],
          [
            84.4123659,
            28.5798086
          ],
          [
            84.4123149,
            28.5797144
          ],
          [
            84.4122309,
            28.5796198
          ],
          [
            84.412213,
            28.5795543
          ],
          [
            84.4122425,
            28.5794459
          ],
          [
            84.412285,
            28.5793033
          ],
          [
            84.4122747,
            28.5791656
          ],
          [
            84.4122452,
            28.5790408
          ],
          [
            84.41228,
            28.5789748
          ],
          [
            84.4122934,
            28.5788995
          ],
          [
            84.4122639,
            28.5787628
          ],
          [
            84.4122452,
            28.5786804
          ],
          [
            84.4122049,
            28.5785862
          ],
          [
            84.4121593,
            28.5785061
          ],
          [
            84.4121137,
            28.5783698
          ],
          [
            84.4120708,
            28.5782776
          ],
          [
            84.4120301,
            28.578188
          ],
          [
            84.4120333,
            28.5780656
          ],
          [
            84.4120413,
            28.5779785
          ],
          [
            84.4120359,
            28.5778984
          ],
          [
            84.4120467,
            28.5777948
          ],
          [
            84.4120547,
            28.5777335
          ],
          [
            84.4120494,
            28.5776652
          ],
          [
            84.4120038,
            28.5776134
          ],
          [
            84.4119481,
            28.5775573
          ],
          [
            84.4118884,
            28.5775262
          ],
          [
            84.411824,
            28.5774603
          ],
          [
            84.4117945,
            28.5774438
          ],
          [
            84.4117597,
            28.5774014
          ],
          [
            84.4117275,
            28.5774108
          ],
          [
            84.4116738,
            28.5773778
          ],
          [
            84.4115914,
            28.5773457
          ],
          [
            84.4115183,
            28.5772695
          ],
          [
            84.4114566,
            28.5771894
          ],
          [
            84.4114468,
            28.5771083
          ],
          [
            84.4114378,
            28.5769798
          ],
          [
            84.4114566,
            28.5768573
          ],
          [
            84.411462,
            28.5767654
          ],
          [
            84.411481,
            28.5766893
          ],
          [
            84.411478,
            28.5765841
          ],
          [
            84.4114459,
            28.5765252
          ],
          [
            84.4113922,
            28.5765087
          ],
          [
            84.4113171,
            28.5764993
          ],
          [
            84.4112796,
            28.576471
          ],
          [
            84.4111963,
            28.5764233
          ],
          [
            84.4111455,
            28.5763462
          ],
          [
            84.4110543,
            28.5762661
          ],
          [
            84.4109523,
            28.5761766
          ],
          [
            84.4108772,
            28.5761014
          ],
          [
            84.4108021,
            28.5760235
          ],
          [
            84.4107512,
            28.5759858
          ],
          [
            84.4106653,
            28.5759457
          ],
          [
            84.4105661,
            28.575901
          ],
          [
            84.4105098,
            28.575828
          ],
          [
            84.4104534,
            28.5757361
          ],
          [
            84.4104052,
            28.5756984
          ],
          [
            84.4103488,
            28.5755971
          ],
          [
            84.4102952,
            28.5755359
          ],
          [
            84.4102255,
            28.5754911
          ],
          [
            84.4101942,
            28.5753913
          ],
          [
            84.4101235,
            28.5753545
          ],
          [
            84.4100779,
            28.5753145
          ],
          [
            84.4100243,
            28.5752933
          ],
          [
            84.4099599,
            28.5752014
          ],
          [
            84.4098955,
            28.5751237
          ],
          [
            84.4098285,
            28.5750813
          ],
          [
            84.4097764,
            28.5750364
          ],
          [
            84.4097266,
            28.5749847
          ],
          [
            84.4096488,
            28.5749329
          ],
          [
            84.4095844,
            28.5748999
          ],
          [
            84.4095683,
            28.5748363
          ],
          [
            84.409516,
            28.5747904
          ],
          [
            84.4095361,
            28.5747656
          ],
          [
            84.4094865,
            28.5747409
          ],
          [
            84.4094195,
            28.5747115
          ],
          [
            84.4093894,
            28.574652
          ],
          [
            84.4093712,
            28.5746196
          ],
          [
            84.4092759,
            28.5745209
          ],
          [
            84.4092008,
            28.5744194
          ],
          [
            84.4091365,
            28.574377
          ],
          [
            84.4090667,
            28.5743063
          ],
          [
            84.4090292,
            28.5742427
          ],
          [
            84.4090131,
            28.5741626
          ],
          [
            84.4089729,
            28.5740849
          ],
          [
            84.4089165,
            28.5740236
          ],
          [
            84.408917,
            28.5739646
          ],
          [
            84.408946,
            28.5737975
          ],
          [
            84.4088656,
            28.5738187
          ],
          [
            84.4088173,
            28.5737645
          ],
          [
            84.4086885,
            28.5737174
          ],
          [
            84.4086322,
            28.573708
          ],
          [
            84.4085491,
            28.5736962
          ],
          [
            84.4084697,
            28.5737014
          ],
          [
            84.4084176,
            28.5737057
          ],
          [
            84.4083613,
            28.5737175
          ],
          [
            84.4083237,
            28.5737104
          ],
          [
            84.4082432,
            28.5737339
          ],
          [
            84.4081413,
            28.5737009
          ],
          [
            84.4080689,
            28.573635
          ],
          [
            84.4080233,
            28.5735535
          ],
          [
            84.4079777,
            28.5734465
          ],
          [
            84.4079697,
            28.5732345
          ],
          [
            84.4080179,
            28.5730461
          ],
          [
            84.4079939,
            28.5729566
          ],
          [
            84.4080045,
            28.5728435
          ],
          [
            84.4079885,
            28.5727516
          ],
          [
            84.4080525,
            28.5726188
          ],
          [
            84.4079617,
            28.5724666
          ],
          [
            84.4079322,
            28.5723371
          ],
          [
            84.4078839,
            28.5722452
          ],
          [
            84.4078597,
            28.5721463
          ],
          [
            84.4077927,
            28.5720379
          ],
          [
            84.4077337,
            28.5719696
          ],
          [
            84.4076318,
            28.5717964
          ],
          [
            84.4075647,
            28.5717223
          ],
          [
            84.4074883,
            28.571575
          ],
          [
            84.4074024,
            28.5714609
          ],
          [
            84.4073595,
            28.5713442
          ],
          [
            84.407287,
            28.5711711
          ],
          [
            84.4071583,
            28.5709744
          ],
          [
            84.4070417,
            28.5709049
          ],
          [
            84.4070001,
            28.5708519
          ],
          [
            84.4069692,
            28.5708153
          ],
          [
            84.4069304,
            28.5707282
          ],
          [
            84.4069089,
            28.5706776
          ],
          [
            84.4068419,
            28.5706446
          ],
          [
            84.4068016,
            28.570627
          ],
          [
            84.4067842,
            28.570581
          ],
          [
            84.4067371,
            28.570529
          ],
          [
            84.4067533,
            28.5704785
          ],
          [
            84.4068016,
            28.5704209
          ],
          [
            84.4068043,
            28.5703549
          ],
          [
            84.4067734,
            28.5702865
          ],
          [
            84.4066984,
            28.5702229
          ],
          [
            84.4065938,
            28.5701664
          ],
          [
            84.4064342,
            28.5701429
          ],
          [
            84.4064167,
            28.5700451
          ],
          [
            84.4063953,
            28.5699473
          ],
          [
            84.4063631,
            28.5698791
          ],
          [
            84.4063228,
            28.5698178
          ],
          [
            84.4062732,
            28.5697706
          ],
          [
            84.4062015,
            28.5696458
          ],
          [
            84.4061445,
            28.5696058
          ],
          [
            84.406107,
            28.5695634
          ],
          [
            84.4060922,
            28.5695116
          ],
          [
            84.4060532,
            28.5694785
          ],
          [
            84.4059701,
            28.5694173
          ],
          [
            84.4058842,
            28.5693525
          ],
          [
            84.405828,
            28.5693726
          ],
          [
            84.4057489,
            28.5693949
          ],
          [
            84.4056885,
            28.569422
          ],
          [
            84.4056308,
            28.5694421
          ],
          [
            84.4055772,
            28.5694162
          ],
          [
            84.4055155,
            28.5693691
          ],
          [
            84.4054257,
            28.569309
          ],
          [
            84.4053317,
            28.5692383
          ],
          [
            84.4052406,
            28.5692135
          ],
          [
            84.4052396,
            28.5691929
          ],
          [
            84.4052634,
            28.569084
          ],
          [
            84.4052513,
            28.5689638
          ],
          [
            84.4052519,
            28.5687486
          ],
          [
            84.4048066,
            28.5686329
          ],
          [
            84.4047779,
            28.5686035
          ],
          [
            84.4048061,
            28.5685918
          ],
          [
            84.4048557,
            28.5685918
          ],
          [
            84.4048986,
            28.5685588
          ],
          [
            84.4049361,
            28.568514
          ],
          [
            84.4049264,
            28.5684189
          ],
          [
            84.4048235,
            28.5682926
          ],
          [
            84.4046706,
            28.5681724
          ],
          [
            84.4045579,
            28.5680971
          ],
          [
            84.4044614,
            28.5680429
          ],
          [
            84.4043836,
            28.5679487
          ],
          [
            84.4043279,
            28.5678239
          ],
          [
            84.4042897,
            28.5677107
          ],
          [
            84.4042334,
            28.5675494
          ],
          [
            84.4040993,
            28.5675152
          ],
          [
            84.4040242,
            28.5674092
          ],
          [
            84.4040188,
            28.567315
          ],
          [
            84.4038663,
            28.5671225
          ],
          [
            84.4037989,
            28.5670888
          ],
          [
            84.4037452,
            28.5669852
          ],
          [
            84.4036674,
            28.5668627
          ],
          [
            84.4035923,
            28.5667119
          ],
          [
            84.403246,
            28.5664374
          ],
          [
            84.4031632,
            28.5663539
          ],
          [
            84.4031525,
            28.5662973
          ],
          [
            84.4030908,
            28.5662078
          ],
          [
            84.4030287,
            28.5661474
          ],
          [
            84.4028842,
            28.5660194
          ],
          [
            84.4027957,
            28.5659369
          ],
          [
            84.4026348,
            28.5657791
          ],
          [
            84.4025677,
            28.5656472
          ],
          [
            84.4024924,
            28.5655492
          ],
          [
            84.4022325,
            28.5654304
          ],
          [
            84.4019803,
            28.5652938
          ],
          [
            84.4018435,
            28.5652608
          ],
          [
            84.4017309,
            28.5652514
          ],
          [
            84.4016055,
            28.5651921
          ],
          [
            84.4013983,
            28.564997
          ],
          [
            84.4013018,
            28.5647991
          ],
          [
            84.4011837,
            28.5646719
          ],
          [
            84.4011547,
            28.5644738
          ],
          [
            84.4009691,
            28.5644905
          ],
          [
            84.4008619,
            28.5644764
          ],
          [
            84.4007184,
            28.5642674
          ],
          [
            84.4004595,
            28.5641984
          ],
          [
            84.4002986,
            28.5641372
          ],
          [
            84.4001377,
            28.5641324
          ],
          [
            84.4000196,
            28.56409
          ],
          [
            84.3998909,
            28.56409
          ],
          [
            84.3997353,
            28.5640476
          ],
          [
            84.3996151,
            28.5639855
          ],
          [
            84.3994778,
            28.5639251
          ],
          [
            84.3993813,
            28.5639298
          ],
          [
            84.399274,
            28.5638545
          ],
          [
            84.3991935,
            28.5637932
          ],
          [
            84.3990862,
            28.563699
          ],
          [
            84.3989468,
            28.563666
          ],
          [
            84.3987054,
            28.5635482
          ],
          [
            84.3988002,
            28.5634673
          ],
          [
            84.3986973,
            28.5633927
          ],
          [
            84.3985873,
            28.5633409
          ],
          [
            84.3984747,
            28.5633904
          ],
          [
            84.3983459,
            28.5633668
          ],
          [
            84.3982145,
            28.5632844
          ],
          [
            84.3981796,
            28.5631948
          ],
          [
            84.3980294,
            28.56311
          ],
          [
            84.3978471,
            28.5630182
          ],
          [
            84.3977585,
            28.5629711
          ],
          [
            84.3975681,
            28.5629122
          ],
          [
            84.3974367,
            28.5628721
          ],
          [
            84.3971953,
            28.5628061
          ],
          [
            84.3970826,
            28.5627096
          ],
          [
            84.3969941,
            28.5627449
          ],
          [
            84.3968976,
            28.562719
          ],
          [
            84.3968224,
            28.5626554
          ],
          [
            84.3967822,
            28.56258
          ],
          [
            84.3967929,
            28.5624693
          ],
          [
            84.3967742,
            28.5623373
          ],
          [
            84.3967152,
            28.5622361
          ],
          [
            84.3967167,
            28.5620781
          ],
          [
            84.396691,
            28.5619651
          ],
          [
            84.396683,
            28.5618685
          ],
          [
            84.3967071,
            28.5617649
          ],
          [
            84.3967125,
            28.5616188
          ],
          [
            84.3966454,
            28.5615316
          ],
          [
            84.3963557,
            28.5611453
          ],
          [
            84.3961412,
            28.560971
          ],
          [
            84.3959527,
            28.5607768
          ],
          [
            84.3958032,
            28.5606506
          ],
          [
            84.3956866,
            28.5605186
          ],
          [
            84.3955886,
            28.5603915
          ],
          [
            84.3954207,
            28.5603305
          ],
          [
            84.3953419,
            28.5602171
          ],
          [
            84.3951855,
            28.5601574
          ],
          [
            84.395147,
            28.5600428
          ],
          [
            84.3950361,
            28.559958
          ],
          [
            84.3949234,
            28.5599156
          ],
          [
            84.3948054,
            28.559859
          ],
          [
            84.3946972,
            28.5597958
          ],
          [
            84.3945748,
            28.5597177
          ],
          [
            84.3944402,
            28.5596856
          ],
          [
            84.3943447,
            28.5595928
          ],
          [
            84.3943092,
            28.5594821
          ],
          [
            84.3944235,
            28.5593479
          ],
          [
            84.3944296,
            28.5591944
          ],
          [
            84.3944031,
            28.5590533
          ],
          [
            84.3943334,
            28.5589356
          ],
          [
            84.394263,
            28.5588206
          ],
          [
            84.394151,
            28.5586858
          ],
          [
            84.39404,
            28.5586016
          ],
          [
            84.3938834,
            28.5585187
          ],
          [
            84.3937826,
            28.5584376
          ],
          [
            84.3937033,
            28.558378
          ],
          [
            84.3934172,
            28.5582644
          ],
          [
            84.3933168,
            28.558187
          ],
          [
            84.3931926,
            28.5580552
          ],
          [
            84.3930352,
            28.5578896
          ],
          [
            84.3927856,
            28.5576834
          ],
          [
            84.392673,
            28.5575477
          ],
          [
            84.3925592,
            28.5574034
          ],
          [
            84.3924183,
            28.5572629
          ],
          [
            84.3922781,
            28.5571154
          ],
          [
            84.3921741,
            28.5569688
          ],
          [
            84.3919979,
            28.5568229
          ],
          [
            84.3919178,
            28.556735
          ],
          [
            84.3918228,
            28.5565844
          ],
          [
            84.3916218,
            28.5564503
          ],
          [
            84.391458,
            28.5564053
          ],
          [
            84.3913174,
            28.5563605
          ],
          [
            84.3911973,
            28.5563057
          ],
          [
            84.3911177,
            28.5561836
          ],
          [
            84.3911415,
            28.556059
          ],
          [
            84.3911118,
            28.5559458
          ],
          [
            84.3909762,
            28.5556959
          ],
          [
            84.3908826,
            28.5555686
          ],
          [
            84.3907649,
            28.5553965
          ],
          [
            84.3906929,
            28.5553248
          ],
          [
            84.3906603,
            28.5551737
          ],
          [
            84.3905542,
            28.5550472
          ],
          [
            84.3904271,
            28.5549254
          ],
          [
            84.390313,
            28.5548398
          ],
          [
            84.3902054,
            28.554768
          ],
          [
            84.3901286,
            28.554674
          ],
          [
            84.3900547,
            28.5545873
          ],
          [
            84.3899669,
            28.5545139
          ],
          [
            84.3898719,
            28.5544318
          ],
          [
            84.3897819,
            28.5543553
          ],
          [
            84.3895982,
            28.5542198
          ],
          [
            84.3895,
            28.5541601
          ],
          [
            84.3894242,
            28.5541005
          ],
          [
            84.3893563,
            28.5540362
          ],
          [
            84.3893273,
            28.5539452
          ],
          [
            84.3892333,
            28.5538782
          ],
          [
            84.3891996,
            28.5538258
          ],
          [
            84.3891355,
            28.5537373
          ],
          [
            84.3890923,
            28.5536607
          ],
          [
            84.3889548,
            28.5535451
          ],
          [
            84.3888636,
            28.5534903
          ],
          [
            84.3888348,
            28.5534017
          ],
          [
            84.3886859,
            28.553271
          ],
          [
            84.3886203,
            28.5531989
          ],
          [
            84.3885425,
            28.5531353
          ],
          [
            84.3884647,
            28.5531259
          ],
          [
            84.388402,
            28.5531247
          ],
          [
            84.3883211,
            28.5530924
          ],
          [
            84.3882778,
            28.5530454
          ],
          [
            84.3882421,
            28.5529939
          ],
          [
            84.3882134,
            28.5529237
          ],
          [
            84.3881639,
            28.5528235
          ],
          [
            84.3881027,
            28.5526904
          ],
          [
            84.3880529,
            28.5526176
          ],
          [
            84.3879733,
            28.5525358
          ],
          [
            84.3878584,
            28.5523757
          ],
          [
            84.3877645,
            28.552269
          ],
          [
            84.3876316,
            28.5521728
          ],
          [
            84.3875631,
            28.5520934
          ],
          [
            84.387486,
            28.5520005
          ],
          [
            84.3874374,
            28.5518819
          ],
          [
            84.3873611,
            28.5517582
          ],
          [
            84.3873111,
            28.551655
          ],
          [
            84.387255,
            28.5515716
          ],
          [
            84.3872099,
            28.5514518
          ],
          [
            84.3871639,
            28.5513352
          ],
          [
            84.3871314,
            28.5512667
          ],
          [
            84.3871111,
            28.5511623
          ],
          [
            84.3870673,
            28.5510573
          ],
          [
            84.3870089,
            28.5509245
          ],
          [
            84.3869144,
            28.5508028
          ],
          [
            84.3868337,
            28.5507094
          ],
          [
            84.3867213,
            28.5506096
          ],
          [
            84.3866663,
            28.5505437
          ],
          [
            84.3865543,
            28.5505283
          ],
          [
            84.3864503,
            28.5505071
          ],
          [
            84.3863934,
            28.5504609
          ],
          [
            84.386299,
            28.5504255
          ],
          [
            84.3862666,
            28.5503799
          ],
          [
            84.3862344,
            28.5503399
          ],
          [
            84.3861873,
            28.5503064
          ],
          [
            84.3860884,
            28.5502724
          ],
          [
            84.38604,
            28.5502421
          ],
          [
            84.385985,
            28.5501747
          ],
          [
            84.3859488,
            28.5501191
          ],
          [
            84.3859206,
            28.5500689
          ],
          [
            84.3858758,
            28.549972
          ],
          [
            84.3858085,
            28.5499062
          ],
          [
            84.3857829,
            28.5498214
          ],
          [
            84.3857372,
            28.5497557
          ],
          [
            84.3856929,
            28.5496899
          ],
          [
            84.3856484,
            28.5496012
          ],
          [
            84.3855627,
            28.549525
          ],
          [
            84.3854177,
            28.5494646
          ],
          [
            84.3853238,
            28.5494198
          ],
          [
            84.3852421,
            28.5494039
          ],
          [
            84.3851408,
            28.5493946
          ],
          [
            84.3849912,
            28.549401
          ],
          [
            84.3848759,
            28.5494528
          ],
          [
            84.3847099,
            28.5495623
          ],
          [
            84.3846392,
            28.5495065
          ],
          [
            84.3845818,
            28.5494164
          ],
          [
            84.3845084,
            28.5493232
          ],
          [
            84.3844521,
            28.5492537
          ],
          [
            84.3843651,
            28.5491798
          ],
          [
            84.384262,
            28.5491686
          ],
          [
            84.3841383,
            28.5491689
          ],
          [
            84.3839887,
            28.5491321
          ],
          [
            84.3838848,
            28.5490464
          ],
          [
            84.3837494,
            28.5489392
          ],
          [
            84.3836825,
            28.5487714
          ],
          [
            84.3836622,
            28.5486588
          ],
          [
            84.3836872,
            28.5485087
          ],
          [
            84.383689,
            28.5483763
          ],
          [
            84.3836609,
            28.5482925
          ],
          [
            84.3836145,
            28.5481943
          ],
          [
            84.3835689,
            28.5481277
          ],
          [
            84.3835468,
            28.5480867
          ],
          [
            84.3835348,
            28.5480463
          ],
          [
            84.3835153,
            28.5480141
          ],
          [
            84.3834852,
            28.5479649
          ],
          [
            84.383481,
            28.547911
          ],
          [
            84.3834007,
            28.5478405
          ],
          [
            84.3834087,
            28.547813
          ],
          [
            84.3834713,
            28.5477824
          ],
          [
            84.3835487,
            28.5478343
          ],
          [
            84.3836277,
            28.5478436
          ],
          [
            84.3837409,
            28.5478671
          ],
          [
            84.38384,
            28.5479154
          ],
          [
            84.3839015,
            28.5479886
          ],
          [
            84.3839719,
            28.5480157
          ],
          [
            84.384023,
            28.5479897
          ],
          [
            84.3840299,
            28.54797
          ],
          [
            84.3840446,
            28.547928
          ],
          [
            84.3840511,
            28.5479096
          ],
          [
            84.3840093,
            28.547896
          ],
          [
            84.3839934,
            28.5478908
          ],
          [
            84.3839626,
            28.5478448
          ],
          [
            84.3839197,
            28.5477835
          ],
          [
            84.3838794,
            28.5477281
          ],
          [
            84.3838245,
            28.5476776
          ],
          [
            84.3837373,
            28.5476151
          ],
          [
            84.3836703,
            28.5475774
          ],
          [
            84.3835951,
            28.5475008
          ],
          [
            84.3835026,
            28.5474595
          ],
          [
            84.3834302,
            28.5473877
          ],
          [
            84.3833698,
            28.5473406
          ],
          [
            84.3833148,
            28.54731
          ],
          [
            84.3832295,
            28.5472832
          ],
          [
            84.383119,
            28.5472675
          ],
          [
            84.383052,
            28.5472746
          ],
          [
            84.3829983,
            28.547284
          ],
          [
            84.3828941,
            28.5473043
          ],
          [
            84.3827717,
            28.5472935
          ],
          [
            84.382651,
            28.5472651
          ],
          [
            84.3825391,
            28.5472233
          ],
          [
            84.3824485,
            28.5471674
          ],
          [
            84.3823626,
            28.5471179
          ],
          [
            84.3822582,
            28.5470035
          ],
          [
            84.3822312,
            28.54692
          ],
          [
            84.3822364,
            28.5468587
          ],
          [
            84.3821829,
            28.5467987
          ],
          [
            84.3822097,
            28.5467021
          ],
          [
            84.3822285,
            28.5466314
          ],
          [
            84.3822168,
            28.5465547
          ],
          [
            84.3821695,
            28.5462968
          ],
          [
            84.3820005,
            28.5461696
          ],
          [
            84.3818313,
            28.5460399
          ],
          [
            84.3817762,
            28.5459699
          ],
          [
            84.3817475,
            28.5458899
          ],
          [
            84.3817049,
            28.5457953
          ],
          [
            84.3815096,
            28.5456628
          ],
          [
            84.3813171,
            28.5455644
          ],
          [
            84.3814111,
            28.5453516
          ],
          [
            84.3813911,
            28.5453246
          ],
          [
            84.3814308,
            28.545268
          ],
          [
            84.3813828,
            28.5452451
          ],
          [
            84.381339,
            28.5452571
          ],
          [
            84.3812666,
            28.545255
          ],
          [
            84.381222,
            28.5451418
          ],
          [
            84.3811416,
            28.5450525
          ],
          [
            84.3811266,
            28.5449285
          ],
          [
            84.3810802,
            28.5448131
          ],
          [
            84.3809759,
            28.5446263
          ],
          [
            84.3809118,
            28.5444821
          ],
          [
            84.3809033,
            28.5444637
          ],
          [
            84.3807807,
            28.5444734
          ],
          [
            84.3807647,
            28.5444452
          ],
          [
            84.3808585,
            28.5440645
          ],
          [
            84.380874,
            28.5440043
          ],
          [
            84.3806825,
            28.5438052
          ],
          [
            84.3805167,
            28.5437787
          ],
          [
            84.3803912,
            28.5436944
          ],
          [
            84.3799379,
            28.543447
          ],
          [
            84.3796778,
            28.5433493
          ],
          [
            84.379502,
            28.5432608
          ],
          [
            84.3793271,
            28.5431768
          ],
          [
            84.3792339,
            28.5431905
          ],
          [
            84.3792165,
            28.5432197
          ],
          [
            84.3791668,
            28.5432152
          ],
          [
            84.3791071,
            28.5431957
          ],
          [
            84.3790672,
            28.5432264
          ],
          [
            84.3789509,
            28.5431419
          ],
          [
            84.3789114,
            28.5430993
          ],
          [
            84.3788262,
            28.5429274
          ],
          [
            84.3787619,
            28.5428164
          ],
          [
            84.378689,
            28.5427693
          ],
          [
            84.3786102,
            28.5427495
          ],
          [
            84.3783984,
            28.5426648
          ],
          [
            84.3781677,
            28.5425541
          ],
          [
            84.3779772,
            28.542481
          ],
          [
            84.3777928,
            28.5424604
          ],
          [
            84.3775883,
            28.5421629
          ],
          [
            84.3774837,
            28.542038
          ],
          [
            84.3773496,
            28.5419108
          ],
          [
            84.3772423,
            28.5418118
          ],
          [
            84.3771019,
            28.5416892
          ],
          [
            84.3768749,
            28.5417364
          ],
          [
            84.3766927,
            28.5416156
          ],
          [
            84.3766549,
            28.5414371
          ],
          [
            84.3765905,
            28.5412698
          ],
          [
            84.3765798,
            28.541112
          ],
          [
            84.3766037,
            28.5410275
          ],
          [
            84.3765664,
            28.5409565
          ],
          [
            84.3765041,
            28.5409055
          ],
          [
            84.3762767,
            28.5407798
          ],
          [
            84.3760702,
            28.5406525
          ],
          [
            84.3758802,
            28.5404685
          ],
          [
            84.3757108,
            28.5402755
          ],
          [
            84.3756652,
            28.5401836
          ],
          [
            84.375641,
            28.5400847
          ],
          [
            84.3755972,
            28.5399576
          ],
          [
            84.3756196,
            28.5398844
          ],
          [
            84.3756813,
            28.5398066
          ],
          [
            84.3757215,
            28.5397477
          ],
          [
            84.3756105,
            28.5397004
          ],
          [
            84.3755526,
            28.5396582
          ],
          [
            84.3753709,
            28.5395889
          ],
          [
            84.3752977,
            28.5394367
          ],
          [
            84.3750939,
            28.539432
          ],
          [
            84.3749383,
            28.5394014
          ],
          [
            84.374835,
            28.5393686
          ],
          [
            84.3746379,
            28.5392741
          ],
          [
            84.3746358,
            28.5392732
          ],
          [
            84.3746511,
            28.5391902
          ],
          [
            84.3745279,
            28.5392293
          ],
          [
            84.3743536,
            28.5391799
          ],
          [
            84.3742597,
            28.539121
          ],
          [
            84.3741444,
            28.5390644
          ],
          [
            84.3740389,
            28.5389828
          ],
          [
            84.3738788,
            28.5388382
          ],
          [
            84.3737528,
            28.5386521
          ],
          [
            84.3736616,
            28.5385319
          ],
          [
            84.3734792,
            28.5384447
          ],
          [
            84.3733665,
            28.5383363
          ],
          [
            84.3732613,
            28.5382418
          ],
          [
            84.3731385,
            28.5381219
          ],
          [
            84.3729991,
            28.5380088
          ],
          [
            84.3729266,
            28.5379381
          ],
          [
            84.3728918,
            28.537865
          ],
          [
            84.372794,
            28.5377867
          ],
          [
            84.3726745,
            28.5377519
          ],
          [
            84.3725373,
            28.5377425
          ],
          [
            84.372417,
            28.5376671
          ],
          [
            84.3722802,
            28.5375799
          ],
          [
            84.372071,
            28.5374739
          ],
          [
            84.3719153,
            28.5374162
          ],
          [
            84.3716472,
            28.5373113
          ],
          [
            84.3713978,
            28.5372524
          ],
          [
            84.3711939,
            28.5371911
          ],
          [
            84.3710491,
            28.537144
          ],
          [
            84.3709257,
            28.5370403
          ],
          [
            84.3708016,
            28.5369684
          ],
          [
            84.3706253,
            28.5368565
          ],
          [
            84.3705663,
            28.5367434
          ],
          [
            84.3705234,
            28.5366162
          ],
          [
            84.3704778,
            28.5365361
          ],
          [
            84.3702449,
            28.5363315
          ],
          [
            84.370172,
            28.5362651
          ],
          [
            84.3700889,
            28.5360954
          ],
          [
            84.3699977,
            28.5359918
          ],
          [
            84.3699065,
            28.5359352
          ],
          [
            84.3697992,
            28.5358786
          ],
          [
            84.3696777,
            28.5358026
          ],
          [
            84.3694586,
            28.5357066
          ],
          [
            84.3693459,
            28.535643
          ],
          [
            84.3691961,
            28.5355776
          ],
          [
            84.3691555,
            28.5355935
          ],
          [
            84.3691554,
            28.5356275
          ],
          [
            84.3692105,
            28.535676
          ],
          [
            84.369307,
            28.535729
          ],
          [
            84.3693781,
            28.5357844
          ],
          [
            84.3694518,
            28.5358337
          ],
          [
            84.3695042,
            28.5358892
          ],
          [
            84.3695511,
            28.5359446
          ],
          [
            84.3695927,
            28.5359953
          ],
          [
            84.3696114,
            28.5360389
          ],
          [
            84.36959,
            28.5360636
          ],
          [
            84.3695565,
            28.5360636
          ],
          [
            84.3694988,
            28.5360389
          ],
          [
            84.3694586,
            28.5360153
          ],
          [
            84.3694129,
            28.5359751
          ],
          [
            84.3692735,
            28.5359093
          ],
          [
            84.3691125,
            28.5358315
          ],
          [
            84.3689369,
            28.5357373
          ],
          [
            84.3688618,
            28.5357007
          ],
          [
            84.3688001,
            28.5356713
          ],
          [
            84.3687445,
            28.5356651
          ],
          [
            84.3686713,
            28.5356713
          ],
          [
            84.3685949,
            28.535656
          ],
          [
            84.3684956,
            28.5356147
          ],
          [
            84.3684138,
            28.5355652
          ],
          [
            84.3683495,
            28.535504
          ],
          [
            84.368269,
            28.5354274
          ],
          [
            84.3682019,
            28.535385
          ],
          [
            84.3681698,
            28.5353237
          ],
          [
            84.3681373,
            28.5352496
          ],
          [
            84.3681563,
            28.5352071
          ],
          [
            84.3681443,
            28.5351458
          ],
          [
            84.3680853,
            28.535061
          ],
          [
            84.3680182,
            28.5349985
          ],
          [
            84.3679324,
            28.5349172
          ],
          [
            84.3678492,
            28.5348336
          ],
          [
            84.3678103,
            28.5347876
          ],
          [
            84.3677875,
            28.5347287
          ],
          [
            84.3677486,
            28.534684
          ],
          [
            84.3677218,
            28.5346474
          ],
          [
            84.3676576,
            28.5345958
          ],
          [
            84.3675971,
            28.534552
          ],
          [
            84.367526,
            28.5345461
          ],
          [
            84.3674791,
            28.5345685
          ],
          [
            84.3674241,
            28.5345591
          ],
          [
            84.3673503,
            28.5345284
          ],
          [
            84.3672833,
            28.5344613
          ],
          [
            84.3672256,
            28.5344153
          ],
          [
            84.3671814,
            28.5343753
          ],
          [
            84.3671612,
            28.5343317
          ],
          [
            84.3670808,
            28.5342775
          ],
          [
            84.367003,
            28.5342692
          ],
          [
            84.3669277,
            28.5342479
          ],
          [
            84.3668273,
            28.534208
          ],
          [
            84.36672,
            28.5341408
          ],
          [
            84.3666489,
            28.5340701
          ],
          [
            84.3665591,
            28.5339794
          ],
          [
            84.366433,
            28.5338663
          ],
          [
            84.3662292,
            28.5337673
          ],
          [
            84.366138,
            28.5336613
          ],
          [
            84.3660076,
            28.5335515
          ],
          [
            84.3658335,
            28.533481
          ],
          [
            84.3657006,
            28.5333928
          ],
          [
            84.365686,
            28.5333113
          ],
          [
            84.3656994,
            28.5332253
          ],
          [
            84.3656592,
            28.533124
          ],
          [
            84.3656217,
            28.5331087
          ],
          [
            84.3654769,
            28.5330481
          ],
          [
            84.365349,
            28.5329581
          ],
          [
            84.3653279,
            28.5327965
          ],
          [
            84.3653011,
            28.5326881
          ],
          [
            84.3652397,
            28.532485
          ],
          [
            84.3649977,
            28.5322852
          ],
          [
            84.3648076,
            28.5322875
          ],
          [
            84.3646681,
            28.5322309
          ],
          [
            84.3646118,
            28.5321909
          ],
          [
            84.3645955,
            28.5321033
          ],
          [
            84.364542,
            28.5319105
          ],
          [
            84.3644804,
            28.5317549
          ],
          [
            84.3644562,
            28.5316442
          ],
          [
            84.3643865,
            28.5315923
          ],
          [
            84.3643382,
            28.5315358
          ],
          [
            84.3642877,
            28.5314532
          ],
          [
            84.3642631,
            28.5312931
          ],
          [
            84.364247,
            28.5311988
          ],
          [
            84.3641424,
            28.5310574
          ],
          [
            84.3640485,
            28.5309537
          ],
          [
            84.3639525,
            28.5308314
          ],
          [
            84.3639117,
            28.5307346
          ],
          [
            84.3638957,
            28.5306733
          ],
          [
            84.3638903,
            28.5306097
          ],
          [
            84.3638474,
            28.5305743
          ],
          [
            84.3638822,
            28.5305177
          ],
          [
            84.3638742,
            28.5304565
          ],
          [
            84.3638025,
            28.5303717
          ],
          [
            84.3637267,
            28.5303128
          ],
          [
            84.363665,
            28.5302515
          ],
          [
            84.3635711,
            28.5301989
          ],
          [
            84.3635336,
            28.5300936
          ],
          [
            84.3635309,
            28.5299828
          ],
          [
            84.3635121,
            28.5299004
          ],
          [
            84.3634692,
            28.5298132
          ],
          [
            84.3633923,
            28.5297482
          ],
          [
            84.3633498,
            28.5297331
          ],
          [
            84.3633163,
            28.5297566
          ],
          [
            84.3633165,
            28.5298171
          ],
          [
            84.3633471,
            28.5299157
          ],
          [
            84.3633847,
            28.5300394
          ],
          [
            84.3634115,
            28.5301242
          ],
          [
            84.3634316,
            28.530182
          ],
          [
            84.3634129,
            28.5302326
          ],
          [
            84.3633751,
            28.5302553
          ],
          [
            84.3633139,
            28.5302378
          ],
          [
            84.3632466,
            28.5301101
          ],
          [
            84.3632358,
            28.5299522
          ],
          [
            84.3632224,
            28.5298391
          ],
          [
            84.3631849,
            28.5297331
          ],
          [
            84.3631567,
            28.5296871
          ],
          [
            84.3631297,
            28.5296276
          ],
          [
            84.3630722,
            28.5295787
          ],
          [
            84.3630036,
            28.5295393
          ],
          [
            84.3629166,
            28.5294868
          ],
          [
            84.3628643,
            28.5294432
          ],
          [
            84.3628174,
            28.5294102
          ],
          [
            84.3627522,
            28.5293634
          ],
          [
            84.36269,
            28.5293148
          ],
          [
            84.3626313,
            28.5292601
          ],
          [
            84.3625733,
            28.5291958
          ],
          [
            84.3625237,
            28.5291333
          ],
          [
            84.3624794,
            28.5290897
          ],
          [
            84.3624526,
            28.5290214
          ],
          [
            84.3624017,
            28.5289578
          ],
          [
            84.3623601,
            28.5289212
          ],
          [
            84.3623164,
            28.5288599
          ],
          [
            84.3622796,
            28.5288011
          ],
          [
            84.3622528,
            28.5287268
          ],
          [
            84.3621951,
            28.5286538
          ],
          [
            84.3621469,
            28.5285689
          ],
          [
            84.3620369,
            28.5284228
          ],
          [
            84.3619323,
            28.5283498
          ],
          [
            84.3617767,
            28.528338
          ],
          [
            84.3617767,
            28.5283757
          ],
          [
            84.3618411,
            28.528444
          ],
          [
            84.3617821,
            28.5284582
          ],
          [
            84.3616801,
            28.5283969
          ],
          [
            84.3616292,
            28.5283946
          ],
          [
            84.3614607,
            28.5283923
          ],
          [
            84.361326,
            28.528352
          ],
          [
            84.3612177,
            28.5283381
          ],
          [
            84.3610767,
            28.5283851
          ],
          [
            84.3609546,
            28.5284181
          ],
          [
            84.3608487,
            28.5284016
          ],
          [
            84.3607709,
            28.528305
          ],
          [
            84.3606762,
            28.5282183
          ],
          [
            84.3605027,
            28.528206
          ],
          [
            84.3603471,
            28.528206
          ],
          [
            84.3602049,
            28.5281424
          ],
          [
            84.3600896,
            28.5280929
          ],
          [
            84.3600064,
            28.5280458
          ],
          [
            84.3598589,
            28.5279963
          ],
          [
            84.3597302,
            28.5279256
          ],
          [
            84.3596256,
            28.5278478
          ],
          [
            84.35958,
            28.5278078
          ],
          [
            84.3594975,
            28.5277662
          ],
          [
            84.3594271,
            28.5277441
          ],
          [
            84.3593922,
            28.527664
          ],
          [
            84.3593305,
            28.527631
          ],
          [
            84.3592662,
            28.5275627
          ],
          [
            84.3591669,
            28.5275085
          ],
          [
            84.3590355,
            28.5274614
          ],
          [
            84.3589631,
            28.5274213
          ],
          [
            84.3589416,
            28.5273742
          ],
          [
            84.358935,
            28.5273447
          ],
          [
            84.3585567,
            28.5277524
          ],
          [
            84.3581227,
            28.5282176
          ],
          [
            84.3580243,
            28.5282779
          ],
          [
            84.3578982,
            28.5282484
          ],
          [
            84.3578486,
            28.5282237
          ],
          [
            84.3577816,
            28.5281695
          ],
          [
            84.3577386,
            28.5281141
          ],
          [
            84.3576931,
            28.5280282
          ],
          [
            84.3576702,
            28.527968
          ],
          [
            84.3576173,
            28.5279024
          ],
          [
            84.3575871,
            28.5278431
          ],
          [
            84.3575603,
            28.52777
          ],
          [
            84.3575549,
            28.527697
          ],
          [
            84.3575817,
            28.5276405
          ],
          [
            84.3574154,
            28.5276593
          ],
          [
            84.3572974,
            28.5276735
          ],
          [
            84.3572008,
            28.5276358
          ],
          [
            84.3571391,
            28.5275556
          ],
          [
            84.3570863,
            28.5274324
          ],
          [
            84.3570292,
            28.5273435
          ],
          [
            84.356938,
            28.5272305
          ],
          [
            84.3568972,
            28.5271357
          ],
          [
            84.3567261,
            28.527082
          ],
          [
            84.3565599,
            28.527056
          ],
          [
            84.3564418,
            28.5269901
          ],
          [
            84.3563666,
            28.5269288
          ],
          [
            84.356297,
            28.5268133
          ],
          [
            84.3562292,
            28.526713
          ],
          [
            84.3561521,
            28.5266625
          ],
          [
            84.3560418,
            28.5266446
          ],
          [
            84.3559214,
            28.5265659
          ],
          [
            84.3557364,
            28.5265046
          ],
          [
            84.3555202,
            28.5264691
          ],
          [
            84.355308,
            28.5264635
          ],
          [
            84.354997,
            28.5264796
          ],
          [
            84.3548067,
            28.526539
          ],
          [
            84.3547214,
            28.5266151
          ],
          [
            84.3546501,
            28.5266106
          ],
          [
            84.3546221,
            28.5266
          ],
          [
            84.3544834,
            28.526672
          ],
          [
            84.354417,
            28.5267688
          ],
          [
            84.3543407,
            28.5268564
          ],
          [
            84.3542632,
            28.5269639
          ],
          [
            84.354186,
            28.5270678
          ],
          [
            84.3540935,
            28.5271503
          ],
          [
            84.3539933,
            28.5272527
          ],
          [
            84.3538884,
            28.5273435
          ],
          [
            84.3537771,
            28.5274366
          ],
          [
            84.3536376,
            28.5275103
          ],
          [
            84.3535624,
            28.527591
          ],
          [
            84.3535463,
            28.5277124
          ],
          [
            84.3534806,
            28.5277795
          ],
          [
            84.3533573,
            28.5279232
          ],
          [
            84.3532032,
            28.5279979
          ],
          [
            84.3530917,
            28.5281071
          ],
          [
            84.3529165,
            28.5281811
          ],
          [
            84.3527655,
            28.5282843
          ],
          [
            84.3526877,
            28.5284663
          ],
          [
            84.352742,
            28.5287721
          ],
          [
            84.3528047,
            28.5289107
          ],
          [
            84.3526706,
            28.528986
          ],
          [
            84.3526299,
            28.52912
          ],
          [
            84.3526457,
            28.5292796
          ],
          [
            84.3524958,
            28.5296703
          ],
          [
            84.3523172,
            28.5302425
          ],
          [
            84.3519616,
            28.5304542
          ],
          [
            84.3517647,
            28.5305455
          ],
          [
            84.3516269,
            28.5307398
          ],
          [
            84.3514426,
            28.531094
          ],
          [
            84.3511797,
            28.5313965
          ],
          [
            84.3509352,
            28.5315947
          ],
          [
            84.3506268,
            28.5317879
          ],
          [
            84.3504504,
            28.5318418
          ],
          [
            84.3502104,
            28.5317998
          ],
          [
            84.3501271,
            28.531816
          ],
          [
            84.3500682,
            28.5317262
          ],
          [
            84.3497982,
            28.5314599
          ],
          [
            84.3496397,
            28.5315546
          ],
          [
            84.3495512,
            28.531564
          ],
          [
            84.349401,
            28.5316842
          ],
          [
            84.3491864,
            28.5318044
          ],
          [
            84.3491194,
            28.5317219
          ],
          [
            84.3491542,
            28.5315711
          ],
          [
            84.3493661,
            28.5313167
          ],
          [
            84.3494761,
            28.5311941
          ],
          [
            84.3494752,
            28.5309567
          ],
          [
            84.3494644,
            28.5307213
          ],
          [
            84.3495263,
            28.5304826
          ],
          [
            84.3496799,
            28.5302138
          ],
          [
            84.3497295,
            28.5298499
          ]
        ]
      }
    }
  ]
}