{
  "type": "FeatureCollection",
  "features": [
    {
      "type": "Feature",
      "properties": {},
      "geometry": {
        "type": "LineString",
        "coordinates": [
          [
            82.81999,
            28.9799
          ],
          [
            82.82006,
            28.97994
          ],
          [
            82.82017,
            28.98
          ],
          [
            82.82022,
            28.98007
          ],
          [
            82.82028,
            28.98012
          ],
          [
            82.82036,
            28.98027
          ],
          [
            82.82028,
            28.98045
          ],
          [
            82.82015,
            28.98075
          ],
          [
            82.82,
            28.98092
          ],
          [
            82.81996,
            28.981
          ],
          [
            82.81993,
            28.98103
          ],
          [
            82.8199,
            28.98119
          ],
          [
            82.81988,
            28.98126
          ],
          [
            82.81989,
            28.98135
          ],
          [
            82.81987,
            28.98152
          ],
          [
            82.81985,
            28.98165
          ],
          [
            82.81982,
            28.98197
          ],
          [
            82.81987,
            28.9822
          ],
          [
            82.8199,
            28.98224
          ],
          [
            82.81996,
            28.9824
          ],
          [
            82.81999,
            28.98255
          ],
          [
            82.82001,
            28.98261
          ],
          [
            82.82014,
            28.98269
          ],
          [
            82.82024,
            28.98276
          ],
          [
            82.82045,
            28.9829
          ],
          [
            82.82054,
            28.98302
          ],
          [
            82.82059,
            28.98315
          ],
          [
            82.82059,
            28.98319
          ],
          [
            82.82059,
            28.98323
          ],
          [
            82.82058,
            28.98332
          ],
          [
            82.82056,
            28.98341
          ],
          [
            82.82054,
            28.98347
          ],
          [
            82.82048,
            28.98353
          ],
          [
            82.82038,
            28.98354
          ],
          [
            82.8204,
            28.98362
          ],
          [
            82.82041,
            28.98368
          ],
          [
            82.82045,
            28.98373
          ],
          [
            82.8205,
            28.98376
          ],
          [
            82.82055,
            28.98378
          ],
          [
            82.82055,
            28.98383
          ],
          [
            82.8206,
            28.98387
          ],
          [
            82.82063,
            28.98386
          ],
          [
            82.82064,
            28.98386
          ],
          [
            82.82064,
            28.98386
          ],
          [
            82.8207,
            28.98385
          ],
          [
            82.82072,
            28.98385
          ],
          [
            82.82075,
            28.98386
          ],
          [
            82.82077,
            28.98381
          ],
          [
            82.82079,
            28.98376
          ],
          [
            82.8208,
            28.9837
          ],
          [
            82.82084,
            28.9837
          ],
          [
            82.82088,
            28.98366
          ],
          [
            82.82097,
            28.98367
          ],
          [
            82.82107,
            28.98367
          ],
          [
            82.82112,
            28.98368
          ],
          [
            82.82114,
            28.98371
          ],
          [
            82.82119,
            28.98372
          ],
          [
            82.82124,
            28.98373
          ],
          [
            82.82127,
            28.98376
          ],
          [
            82.82129,
            28.98378
          ],
          [
            82.82141,
            28.98377
          ],
          [
            82.82146,
            28.98374
          ],
          [
            82.82153,
            28.98356
          ],
          [
            82.82168,
            28.98353
          ],
          [
            82.8217,
            28.98339
          ],
          [
            82.82174,
            28.98327
          ],
          [
            82.82198,
            28.98297
          ],
          [
            82.82217,
            28.98292
          ],
          [
            82.82223,
            28.98289
          ],
          [
            82.82227,
            28.98286
          ],
          [
            82.82234,
            28.98282
          ],
          [
            82.82234,
            28.98282
          ],
          [
            82.8223,
            28.98278
          ],
          [
            82.82228,
            28.98269
          ],
          [
            82.82227,
            28.98264
          ],
          [
            82.82221,
            28.98249
          ],
          [
            82.82204,
            28.98214
          ],
          [
            82.82189,
            28.98194
          ],
          [
            82.8218,
            28.9818
          ],
          [
            82.82179,
            28.98171
          ],
          [
            82.82177,
            28.98161
          ],
          [
            82.8217,
            28.98142
          ],
          [
            82.8217,
            28.98142
          ],
          [
            82.82169,
            28.98124
          ],
          [
            82.82166,
            28.98116
          ],
          [
            82.82166,
            28.98098
          ],
          [
            82.82168,
            28.98091
          ],
          [
            82.82175,
            28.98086
          ],
          [
            82.822,
            28.98074
          ],
          [
            82.82219,
            28.98058
          ],
          [
            82.8224,
            28.9805
          ],
          [
            82.8225,
            28.9804
          ],
          [
            82.82255,
            28.98031
          ],
          [
            82.82253,
            28.98024
          ],
          [
            82.82245,
            28.98012
          ],
          [
            82.82237,
            28.98004
          ],
          [
            82.82227,
            28.9799
          ],
          [
            82.82228,
            28.97962
          ],
          [
            82.82223,
            28.97953
          ],
          [
            82.82236,
            28.97942
          ],
          [
            82.8225,
            28.97919
          ],
          [
            82.82255,
            28.97915
          ],
          [
            82.82259,
            28.97915
          ],
          [
            82.82266,
            28.9792
          ],
          [
            82.82268,
            28.97921
          ],
          [
            82.82273,
            28.97918
          ],
          [
            82.82272,
            28.97872
          ],
          [
            82.82273,
            28.97867
          ],
          [
            82.82278,
            28.97861
          ],
          [
            82.82287,
            28.97857
          ],
          [
            82.82287,
            28.97855
          ],
          [
            82.82279,
            28.97837
          ],
          [
            82.82279,
            28.97832
          ],
          [
            82.82275,
            28.9782
          ],
          [
            82.8228,
            28.97817
          ],
          [
            82.82283,
            28.97794
          ],
          [
            82.82276,
            28.9775
          ],
          [
            82.82279,
            28.97742
          ],
          [
            82.82291,
            28.9772
          ],
          [
            82.82295,
            28.97715
          ],
          [
            82.82304,
            28.9771
          ],
          [
            82.82309,
            28.97694
          ],
          [
            82.82316,
            28.97683
          ],
          [
            82.82333,
            28.97673
          ],
          [
            82.82356,
            28.97655
          ],
          [
            82.82369,
            28.97632
          ],
          [
            82.82385,
            28.9762
          ],
          [
            82.82405,
            28.97613
          ],
          [
            82.82425,
            28.97611
          ],
          [
            82.82438,
            28.97612
          ],
          [
            82.82461,
            28.97619
          ],
          [
            82.82471,
            28.9762
          ],
          [
            82.82497,
            28.97617
          ],
          [
            82.8251,
            28.97614
          ],
          [
            82.8251,
            28.97614
          ],
          [
            82.82526,
            28.97616
          ],
          [
            82.82533,
            28.97617
          ],
          [
            82.82544,
            28.97615
          ],
          [
            82.82556,
            28.97614
          ],
          [
            82.82567,
            28.97618
          ],
          [
            82.82576,
            28.97624
          ],
          [
            82.82585,
            28.9763
          ],
          [
            82.82596,
            28.97634
          ],
          [
            82.82609,
            28.97638
          ],
          [
            82.82622,
            28.97637
          ],
          [
            82.82631,
            28.97637
          ],
          [
            82.82644,
            28.97633
          ],
          [
            82.82665,
            28.97626
          ],
          [
            82.82678,
            28.97621
          ],
          [
            82.82701,
            28.97616
          ],
          [
            82.82711,
            28.97613
          ],
          [
            82.82718,
            28.97611
          ],
          [
            82.82727,
            28.97608
          ],
          [
            82.82738,
            28.97605
          ],
          [
            82.82747,
            28.97607
          ],
          [
            82.8276,
            28.9761
          ],
          [
            82.82772,
            28.97615
          ],
          [
            82.82785,
            28.97621
          ],
          [
            82.82798,
            28.97632
          ],
          [
            82.82806,
            28.97638
          ],
          [
            82.82815,
            28.97644
          ],
          [
            82.82823,
            28.97647
          ],
          [
            82.82833,
            28.97649
          ],
          [
            82.82848,
            28.97652
          ],
          [
            82.82856,
            28.97654
          ],
          [
            82.82873,
            28.97656
          ],
          [
            82.82886,
            28.97659
          ],
          [
            82.82896,
            28.9766
          ],
          [
            82.82909,
            28.97661
          ],
          [
            82.82915,
            28.97665
          ],
          [
            82.82922,
            28.97666
          ],
          [
            82.82928,
            28.97666
          ],
          [
            82.82937,
            28.97664
          ],
          [
            82.82946,
            28.97661
          ],
          [
            82.82953,
            28.97659
          ],
          [
            82.8297,
            28.97652
          ],
          [
            82.82994,
            28.97651
          ],
          [
            82.83004,
            28.97654
          ],
          [
            82.83014,
            28.97656
          ],
          [
            82.83022,
            28.97653
          ],
          [
            82.83026,
            28.97652
          ],
          [
            82.83037,
            28.97649
          ],
          [
            82.83058,
            28.97646
          ],
          [
            82.83069,
            28.97648
          ],
          [
            82.83085,
            28.97652
          ],
          [
            82.83094,
            28.97653
          ],
          [
            82.83108,
            28.97655
          ],
          [
            82.8312,
            28.97657
          ],
          [
            82.83135,
            28.97661
          ],
          [
            82.83145,
            28.97663
          ],
          [
            82.83159,
            28.97668
          ],
          [
            82.83163,
            28.97672
          ],
          [
            82.83171,
            28.97679
          ],
          [
            82.83182,
            28.97686
          ],
          [
            82.83191,
            28.97691
          ],
          [
            82.83198,
            28.97694
          ],
          [
            82.83204,
            28.977
          ],
          [
            82.83222,
            28.97717
          ],
          [
            82.83227,
            28.97728
          ],
          [
            82.83233,
            28.97735
          ],
          [
            82.83239,
            28.9774
          ],
          [
            82.83246,
            28.97739
          ],
          [
            82.83257,
            28.97737
          ],
          [
            82.83268,
            28.97733
          ],
          [
            82.83284,
            28.97724
          ],
          [
            82.83289,
            28.97719
          ],
          [
            82.83296,
            28.97709
          ],
          [
            82.83299,
            28.97707
          ],
          [
            82.8331,
            28.97701
          ],
          [
            82.83326,
            28.97691
          ],
          [
            82.83331,
            28.97686
          ],
          [
            82.83337,
            28.97675
          ],
          [
            82.83345,
            28.9766
          ],
          [
            82.83353,
            28.9765
          ],
          [
            82.83359,
            28.97641
          ],
          [
            82.83366,
            28.97627
          ],
          [
            82.83371,
            28.97617
          ],
          [
            82.83374,
            28.97602
          ],
          [
            82.83376,
            28.97593
          ],
          [
            82.83383,
            28.97581
          ],
          [
            82.83393,
            28.9757
          ],
          [
            82.834,
            28.97563
          ],
          [
            82.83406,
            28.97556
          ],
          [
            82.83412,
            28.97552
          ],
          [
            82.83424,
            28.97547
          ],
          [
            82.8343,
            28.97542
          ],
          [
            82.83433,
            28.97536
          ],
          [
            82.83437,
            28.97535
          ],
          [
            82.83459,
            28.97539
          ],
          [
            82.8347,
            28.97541
          ],
          [
            82.8348,
            28.97541
          ],
          [
            82.83496,
            28.97542
          ],
          [
            82.83502,
            28.97542
          ],
          [
            82.83509,
            28.97539
          ],
          [
            82.83517,
            28.97534
          ],
          [
            82.83531,
            28.97527
          ],
          [
            82.83542,
            28.97523
          ],
          [
            82.83555,
            28.97518
          ],
          [
            82.83559,
            28.97516
          ],
          [
            82.83575,
            28.97511
          ],
          [
            82.8359,
            28.97507
          ],
          [
            82.83602,
            28.97487
          ],
          [
            82.83604,
            28.97481
          ],
          [
            82.83609,
            28.9747
          ],
          [
            82.83613,
            28.97464
          ],
          [
            82.83626,
            28.97454
          ],
          [
            82.83634,
            28.97444
          ],
          [
            82.83644,
            28.97421
          ],
          [
            82.83647,
            28.97412
          ],
          [
            82.83661,
            28.97394
          ],
          [
            82.83674,
            28.97384
          ],
          [
            82.83684,
            28.9738
          ],
          [
            82.83695,
            28.97372
          ],
          [
            82.83701,
            28.97367
          ],
          [
            82.83712,
            28.9736
          ],
          [
            82.83721,
            28.97356
          ],
          [
            82.83729,
            28.97353
          ],
          [
            82.83737,
            28.97345
          ],
          [
            82.83746,
            28.97332
          ],
          [
            82.83751,
            28.9732
          ],
          [
            82.8376,
            28.97315
          ],
          [
            82.83784,
            28.97303
          ],
          [
            82.83807,
            28.97296
          ],
          [
            82.83822,
            28.97286
          ],
          [
            82.8384,
            28.97279
          ],
          [
            82.83875,
            28.97272
          ],
          [
            82.83895,
            28.97265
          ],
          [
            82.8391,
            28.97264
          ],
          [
            82.83925,
            28.97266
          ],
          [
            82.83946,
            28.97265
          ],
          [
            82.83961,
            28.97266
          ],
          [
            82.83974,
            28.97265
          ],
          [
            82.83994,
            28.97265
          ],
          [
            82.84003,
            28.97263
          ],
          [
            82.84011,
            28.97261
          ],
          [
            82.84025,
            28.97259
          ],
          [
            82.84035,
            28.97257
          ],
          [
            82.84051,
            28.97255
          ],
          [
            82.8406,
            28.97257
          ],
          [
            82.84088,
            28.97263
          ],
          [
            82.84106,
            28.97257
          ],
          [
            82.84118,
            28.97251
          ],
          [
            82.84121,
            28.97258
          ],
          [
            82.84157,
            28.97261
          ],
          [
            82.84196,
            28.97264
          ],
          [
            82.84248,
            28.97278
          ],
          [
            82.84295,
            28.97281
          ],
          [
            82.84343,
            28.97296
          ],
          [
            82.84389,
            28.97304
          ],
          [
            82.84417,
            28.97295
          ],
          [
            82.84446,
            28.97285
          ],
          [
            82.84497,
            28.97267
          ],
          [
            82.84525,
            28.97248
          ],
          [
            82.84562,
            28.97235
          ],
          [
            82.84584,
            28.97219
          ],
          [
            82.84608,
            28.97199
          ],
          [
            82.84666,
            28.97192
          ],
          [
            82.84739,
            28.97163
          ],
          [
            82.84792,
            28.97159
          ],
          [
            82.84835,
            28.97178
          ],
          [
            82.84848,
            28.97202
          ],
          [
            82.84847,
            28.97231
          ],
          [
            82.84869,
            28.97244
          ],
          [
            82.84869,
            28.97274
          ],
          [
            82.84898,
            28.97294
          ],
          [
            82.8497,
            28.97305
          ],
          [
            82.85021,
            28.97337
          ],
          [
            82.8507,
            28.97311
          ],
          [
            82.85117,
            28.97299
          ],
          [
            82.85151,
            28.97304
          ],
          [
            82.8518,
            28.97314
          ],
          [
            82.85191,
            28.9735
          ],
          [
            82.85199,
            28.97389
          ],
          [
            82.8522,
            28.97407
          ],
          [
            82.8522,
            28.97407
          ],
          [
            82.85199,
            28.9744
          ],
          [
            82.85143,
            28.97477
          ],
          [
            82.85137,
            28.97495
          ],
          [
            82.85136,
            28.97517
          ],
          [
            82.8516,
            28.97545
          ],
          [
            82.8515,
            28.97589
          ],
          [
            82.85144,
            28.97629
          ],
          [
            82.85186,
            28.97668
          ],
          [
            82.85206,
            28.97688
          ],
          [
            82.85168,
            28.97765
          ],
          [
            82.85165,
            28.97812
          ],
          [
            82.85161,
            28.97846
          ],
          [
            82.85177,
            28.97869
          ],
          [
            82.85177,
            28.97869
          ],
          [
            82.85185,
            28.97874
          ],
          [
            82.85194,
            28.9788
          ],
          [
            82.85211,
            28.97881
          ],
          [
            82.85221,
            28.97883
          ],
          [
            82.85238,
            28.97898
          ],
          [
            82.85264,
            28.97913
          ],
          [
            82.85295,
            28.97925
          ],
          [
            82.85319,
            28.97932
          ],
          [
            82.85336,
            28.97941
          ],
          [
            82.8535,
            28.97955
          ],
          [
            82.8536,
            28.97966
          ],
          [
            82.85389,
            28.97975
          ],
          [
            82.85404,
            28.97977
          ],
          [
            82.8547,
            28.97972
          ],
          [
            82.85515,
            28.97964
          ],
          [
            82.85532,
            28.97964
          ],
          [
            82.85632,
            28.9797
          ],
          [
            82.85745,
            28.97985
          ],
          [
            82.85767,
            28.97985
          ],
          [
            82.85902,
            28.97964
          ],
          [
            82.85921,
            28.97961
          ],
          [
            82.8594,
            28.97951
          ],
          [
            82.85956,
            28.97938
          ],
          [
            82.86018,
            28.97842
          ],
          [
            82.8608,
            28.97751
          ],
          [
            82.86116,
            28.97719
          ],
          [
            82.86172,
            28.97659
          ],
          [
            82.86193,
            28.97643
          ],
          [
            82.86216,
            28.97637
          ],
          [
            82.86318,
            28.97619
          ],
          [
            82.86366,
            28.97614
          ],
          [
            82.86385,
            28.97613
          ],
          [
            82.86411,
            28.97616
          ],
          [
            82.86427,
            28.97612
          ],
          [
            82.86442,
            28.97607
          ],
          [
            82.86468,
            28.976
          ],
          [
            82.86529,
            28.97554
          ],
          [
            82.86553,
            28.97532
          ],
          [
            82.86583,
            28.97509
          ],
          [
            82.86607,
            28.97478
          ],
          [
            82.86619,
            28.97448
          ],
          [
            82.8663,
            28.97422
          ],
          [
            82.86645,
            28.97411
          ],
          [
            82.86654,
            28.9741
          ],
          [
            82.86671,
            28.97391
          ],
          [
            82.86674,
            28.97392
          ],
          [
            82.86682,
            28.97397
          ],
          [
            82.86707,
            28.97382
          ],
          [
            82.8672,
            28.97376
          ],
          [
            82.86746,
            28.9737
          ],
          [
            82.86833,
            28.97356
          ],
          [
            82.86881,
            28.9735
          ],
          [
            82.86996,
            28.97322
          ],
          [
            82.87069,
            28.97302
          ],
          [
            82.87114,
            28.97283
          ],
          [
            82.87154,
            28.97264
          ],
          [
            82.87215,
            28.97255
          ],
          [
            82.87233,
            28.97257
          ],
          [
            82.87246,
            28.97259
          ],
          [
            82.87264,
            28.97257
          ],
          [
            82.87279,
            28.97251
          ],
          [
            82.87294,
            28.97242
          ],
          [
            82.87329,
            28.97225
          ],
          [
            82.87361,
            28.97218
          ],
          [
            82.8738,
            28.97217
          ],
          [
            82.87407,
            28.97215
          ],
          [
            82.87407,
            28.97215
          ],
          [
            82.8742,
            28.97206
          ],
          [
            82.87429,
            28.97204
          ],
          [
            82.87435,
            28.97203
          ],
          [
            82.87437,
            28.97203
          ],
          [
            82.87391,
            28.97283
          ],
          [
            82.87395,
            28.97286
          ],
          [
            82.87399,
            28.97288
          ],
          [
            82.8741,
            28.9727
          ],
          [
            82.8741,
            28.9727
          ],
          [
            82.87421,
            28.97262
          ],
          [
            82.87433,
            28.97263
          ],
          [
            82.87448,
            28.97269
          ],
          [
            82.87463,
            28.97288
          ],
          [
            82.87497,
            28.97317
          ],
          [
            82.87526,
            28.97378
          ],
          [
            82.8753,
            28.9739
          ],
          [
            82.87533,
            28.97398
          ],
          [
            82.87538,
            28.97417
          ],
          [
            82.87546,
            28.97437
          ],
          [
            82.87556,
            28.97449
          ],
          [
            82.87562,
            28.9746
          ],
          [
            82.87565,
            28.97481
          ],
          [
            82.87582,
            28.97501
          ],
          [
            82.87609,
            28.97529
          ],
          [
            82.87628,
            28.97565
          ],
          [
            82.87638,
            28.97581
          ],
          [
            82.87646,
            28.97586
          ],
          [
            82.87654,
            28.97596
          ],
          [
            82.87666,
            28.97606
          ],
          [
            82.8769,
            28.97633
          ],
          [
            82.87707,
            28.97642
          ],
          [
            82.87738,
            28.97665
          ],
          [
            82.87754,
            28.97669
          ],
          [
            82.87765,
            28.9767
          ],
          [
            82.87808,
            28.97668
          ],
          [
            82.87823,
            28.9767
          ],
          [
            82.87842,
            28.97676
          ],
          [
            82.8788,
            28.97675
          ],
          [
            82.87899,
            28.97674
          ],
          [
            82.8791,
            28.97672
          ],
          [
            82.87919,
            28.97675
          ],
          [
            82.8792,
            28.9768
          ],
          [
            82.87923,
            28.97683
          ],
          [
            82.87927,
            28.97678
          ],
          [
            82.87967,
            28.97649
          ],
          [
            82.8798,
            28.97639
          ],
          [
            82.8798,
            28.97639
          ],
          [
            82.88,
            28.97662
          ],
          [
            82.88008,
            28.97669
          ],
          [
            82.88014,
            28.97672
          ],
          [
            82.88018,
            28.9768
          ],
          [
            82.88025,
            28.97687
          ],
          [
            82.88037,
            28.97703
          ],
          [
            82.88043,
            28.97709
          ],
          [
            82.88048,
            28.97712
          ],
          [
            82.88053,
            28.97716
          ],
          [
            82.88053,
            28.97716
          ],
          [
            82.88063,
            28.97712
          ],
          [
            82.8808,
            28.97711
          ],
          [
            82.88095,
            28.97717
          ],
          [
            82.88115,
            28.97726
          ],
          [
            82.88154,
            28.97736
          ],
          [
            82.88181,
            28.97747
          ],
          [
            82.88206,
            28.97765
          ],
          [
            82.88235,
            28.97781
          ],
          [
            82.88248,
            28.97794
          ],
          [
            82.88256,
            28.97798
          ],
          [
            82.88269,
            28.9781
          ],
          [
            82.88271,
            28.97819
          ],
          [
            82.88294,
            28.97836
          ],
          [
            82.88301,
            28.97849
          ],
          [
            82.88315,
            28.97859
          ],
          [
            82.88334,
            28.97873
          ],
          [
            82.88356,
            28.97897
          ],
          [
            82.88366,
            28.97918
          ],
          [
            82.88379,
            28.97924
          ],
          [
            82.88408,
            28.97935
          ],
          [
            82.88436,
            28.97948
          ],
          [
            82.88466,
            28.97961
          ],
          [
            82.88487,
            28.97978
          ],
          [
            82.88508,
            28.9799
          ],
          [
            82.88518,
            28.98001
          ],
          [
            82.88537,
            28.98012
          ],
          [
            82.88555,
            28.98031
          ],
          [
            82.88567,
            28.98037
          ],
          [
            82.88573,
            28.98045
          ],
          [
            82.88591,
            28.98061
          ],
          [
            82.88596,
            28.98085
          ],
          [
            82.88608,
            28.98094
          ],
          [
            82.88614,
            28.98118
          ],
          [
            82.88635,
            28.98129
          ],
          [
            82.88662,
            28.98163
          ],
          [
            82.88681,
            28.98198
          ],
          [
            82.88687,
            28.98187
          ],
          [
            82.88696,
            28.98194
          ],
          [
            82.88712,
            28.98199
          ],
          [
            82.88735,
            28.98207
          ],
          [
            82.8874,
            28.98205
          ],
          [
            82.88777,
            28.9821
          ],
          [
            82.88812,
            28.98206
          ],
          [
            82.88827,
            28.98215
          ],
          [
            82.88833,
            28.98231
          ],
          [
            82.8884,
            28.98248
          ],
          [
            82.88857,
            28.98269
          ],
          [
            82.88874,
            28.98275
          ],
          [
            82.88873,
            28.98263
          ],
          [
            82.88887,
            28.98267
          ],
          [
            82.88894,
            28.9828
          ],
          [
            82.88904,
            28.98286
          ],
          [
            82.88914,
            28.98281
          ],
          [
            82.88935,
            28.98282
          ],
          [
            82.8895,
            28.98291
          ],
          [
            82.88976,
            28.98295
          ],
          [
            82.89031,
            28.98285
          ],
          [
            82.89029,
            28.98291
          ],
          [
            82.89031,
            28.98296
          ],
          [
            82.8903,
            28.98305
          ],
          [
            82.89036,
            28.98313
          ],
          [
            82.89042,
            28.98314
          ],
          [
            82.89062,
            28.98318
          ],
          [
            82.89076,
            28.98325
          ],
          [
            82.89079,
            28.98339
          ],
          [
            82.89078,
            28.98353
          ],
          [
            82.89082,
            28.9836
          ],
          [
            82.89087,
            28.98373
          ],
          [
            82.89086,
            28.98379
          ],
          [
            82.8909,
            28.98394
          ],
          [
            82.89097,
            28.98406
          ],
          [
            82.89106,
            28.9841
          ],
          [
            82.89119,
            28.98412
          ],
          [
            82.89134,
            28.98414
          ],
          [
            82.89151,
            28.98409
          ],
          [
            82.8916,
            28.98402
          ],
          [
            82.89165,
            28.98399
          ],
          [
            82.89175,
            28.98387
          ],
          [
            82.89182,
            28.98379
          ],
          [
            82.8919,
            28.98378
          ],
          [
            82.892,
            28.98373
          ],
          [
            82.89215,
            28.98367
          ],
          [
            82.89222,
            28.98366
          ],
          [
            82.89227,
            28.98362
          ],
          [
            82.89239,
            28.98356
          ],
          [
            82.89249,
            28.98354
          ],
          [
            82.8926,
            28.98355
          ],
          [
            82.89267,
            28.9835
          ],
          [
            82.89278,
            28.98345
          ],
          [
            82.89289,
            28.98344
          ],
          [
            82.893,
            28.98354
          ],
          [
            82.89321,
            28.98348
          ],
          [
            82.89332,
            28.98342
          ],
          [
            82.89351,
            28.98334
          ],
          [
            82.89369,
            28.9832
          ],
          [
            82.89387,
            28.98307
          ],
          [
            82.89405,
            28.98311
          ],
          [
            82.89425,
            28.98316
          ],
          [
            82.89446,
            28.98317
          ],
          [
            82.89474,
            28.98312
          ],
          [
            82.89493,
            28.98311
          ],
          [
            82.89536,
            28.9831
          ],
          [
            82.89554,
            28.98312
          ],
          [
            82.89554,
            28.98312
          ],
          [
            82.89549,
            28.98306
          ],
          [
            82.89535,
            28.98299
          ],
          [
            82.89512,
            28.98288
          ],
          [
            82.89503,
            28.98278
          ],
          [
            82.89496,
            28.98268
          ],
          [
            82.89502,
            28.98269
          ],
          [
            82.89515,
            28.98269
          ],
          [
            82.89527,
            28.98267
          ],
          [
            82.89539,
            28.98264
          ],
          [
            82.89549,
            28.98263
          ],
          [
            82.89567,
            28.98263
          ],
          [
            82.89578,
            28.98262
          ],
          [
            82.89591,
            28.98255
          ],
          [
            82.896,
            28.98246
          ],
          [
            82.89622,
            28.98228
          ],
          [
            82.89622,
            28.98228
          ],
          [
            82.89627,
            28.98225
          ],
          [
            82.89643,
            28.98221
          ],
          [
            82.89655,
            28.98225
          ],
          [
            82.89663,
            28.98229
          ],
          [
            82.89671,
            28.9823
          ],
          [
            82.89687,
            28.98232
          ],
          [
            82.89703,
            28.98231
          ],
          [
            82.89717,
            28.9823
          ],
          [
            82.89725,
            28.98232
          ],
          [
            82.89732,
            28.98233
          ],
          [
            82.89742,
            28.98234
          ],
          [
            82.89753,
            28.98232
          ],
          [
            82.89762,
            28.9823
          ],
          [
            82.89775,
            28.98228
          ],
          [
            82.89792,
            28.98231
          ],
          [
            82.89801,
            28.9823
          ],
          [
            82.89812,
            28.98233
          ],
          [
            82.89824,
            28.98235
          ],
          [
            82.89838,
            28.98244
          ],
          [
            82.89855,
            28.98255
          ],
          [
            82.89868,
            28.98263
          ],
          [
            82.8988,
            28.98268
          ],
          [
            82.89895,
            28.98274
          ],
          [
            82.89904,
            28.98281
          ],
          [
            82.89912,
            28.98287
          ],
          [
            82.89928,
            28.98289
          ],
          [
            82.89936,
            28.98293
          ],
          [
            82.89946,
            28.98301
          ],
          [
            82.89945,
            28.98314
          ],
          [
            82.8995,
            28.98328
          ],
          [
            82.89951,
            28.98342
          ],
          [
            82.89954,
            28.98357
          ],
          [
            82.89947,
            28.98374
          ],
          [
            82.89951,
            28.98377
          ],
          [
            82.89954,
            28.98381
          ],
          [
            82.89954,
            28.9839
          ],
          [
            82.89954,
            28.984
          ],
          [
            82.89947,
            28.9841
          ],
          [
            82.8994,
            28.98419
          ],
          [
            82.89933,
            28.98426
          ],
          [
            82.89939,
            28.98427
          ],
          [
            82.89935,
            28.98434
          ],
          [
            82.89935,
            28.98438
          ],
          [
            82.89943,
            28.98437
          ],
          [
            82.89949,
            28.9844
          ],
          [
            82.89946,
            28.98445
          ],
          [
            82.89947,
            28.98455
          ],
          [
            82.89951,
            28.98463
          ],
          [
            82.89952,
            28.98471
          ],
          [
            82.89955,
            28.98482
          ],
          [
            82.89957,
            28.98489
          ],
          [
            82.89963,
            28.98502
          ],
          [
            82.8996,
            28.98507
          ],
          [
            82.89967,
            28.98521
          ],
          [
            82.89971,
            28.98533
          ],
          [
            82.89971,
            28.98538
          ],
          [
            82.89973,
            28.98546
          ],
          [
            82.89971,
            28.98554
          ],
          [
            82.89969,
            28.9856
          ],
          [
            82.89967,
            28.9857
          ],
          [
            82.89956,
            28.98579
          ],
          [
            82.8995,
            28.98586
          ],
          [
            82.89942,
            28.98595
          ],
          [
            82.89937,
            28.98603
          ],
          [
            82.89933,
            28.98611
          ],
          [
            82.89928,
            28.98619
          ],
          [
            82.89917,
            28.98626
          ],
          [
            82.89912,
            28.9863
          ],
          [
            82.8991,
            28.98632
          ],
          [
            82.89912,
            28.98632
          ],
          [
            82.8991,
            28.9864
          ],
          [
            82.89908,
            28.98648
          ],
          [
            82.89905,
            28.98656
          ],
          [
            82.899,
            28.98663
          ],
          [
            82.89893,
            28.98668
          ],
          [
            82.8988,
            28.98675
          ],
          [
            82.89871,
            28.98675
          ],
          [
            82.89868,
            28.98679
          ],
          [
            82.89863,
            28.9869
          ],
          [
            82.89858,
            28.98701
          ],
          [
            82.89858,
            28.98701
          ],
          [
            82.89853,
            28.98704
          ],
          [
            82.89849,
            28.98708
          ],
          [
            82.89851,
            28.98713
          ],
          [
            82.89853,
            28.98716
          ],
          [
            82.89855,
            28.98718
          ],
          [
            82.89861,
            28.98724
          ],
          [
            82.89866,
            28.98726
          ],
          [
            82.89875,
            28.98726
          ],
          [
            82.8988,
            28.98721
          ],
          [
            82.89887,
            28.98718
          ],
          [
            82.89891,
            28.98719
          ],
          [
            82.89892,
            28.98723
          ],
          [
            82.89894,
            28.98726
          ],
          [
            82.89896,
            28.98728
          ],
          [
            82.89898,
            28.98732
          ],
          [
            82.89901,
            28.98737
          ],
          [
            82.89906,
            28.98745
          ],
          [
            82.8991,
            28.98749
          ],
          [
            82.89911,
            28.98752
          ],
          [
            82.89913,
            28.98754
          ],
          [
            82.89914,
            28.98756
          ],
          [
            82.89915,
            28.98755
          ],
          [
            82.89917,
            28.98753
          ],
          [
            82.89917,
            28.98752
          ],
          [
            82.89919,
            28.98751
          ],
          [
            82.8992,
            28.98752
          ],
          [
            82.89923,
            28.98755
          ],
          [
            82.89925,
            28.98759
          ],
          [
            82.89929,
            28.98763
          ],
          [
            82.89934,
            28.98769
          ],
          [
            82.89936,
            28.98774
          ],
          [
            82.89937,
            28.98779
          ],
          [
            82.89939,
            28.98783
          ],
          [
            82.8994,
            28.98789
          ],
          [
            82.89941,
            28.98794
          ],
          [
            82.89944,
            28.98796
          ],
          [
            82.89946,
            28.98799
          ],
          [
            82.89947,
            28.98804
          ],
          [
            82.89947,
            28.98807
          ],
          [
            82.89948,
            28.98809
          ],
          [
            82.8995,
            28.98809
          ],
          [
            82.89952,
            28.98805
          ],
          [
            82.89955,
            28.988
          ],
          [
            82.89958,
            28.98797
          ],
          [
            82.89961,
            28.98803
          ],
          [
            82.89961,
            28.98808
          ],
          [
            82.8996,
            28.98816
          ],
          [
            82.89958,
            28.98823
          ],
          [
            82.89958,
            28.98829
          ],
          [
            82.89958,
            28.98835
          ],
          [
            82.89958,
            28.98839
          ],
          [
            82.89959,
            28.98841
          ],
          [
            82.89961,
            28.98845
          ],
          [
            82.89962,
            28.98849
          ],
          [
            82.89961,
            28.98856
          ],
          [
            82.89961,
            28.98864
          ],
          [
            82.89959,
            28.98869
          ],
          [
            82.89957,
            28.98873
          ],
          [
            82.89951,
            28.98876
          ],
          [
            82.89944,
            28.9888
          ],
          [
            82.89943,
            28.98883
          ],
          [
            82.89944,
            28.98885
          ],
          [
            82.89944,
            28.98887
          ],
          [
            82.89938,
            28.98889
          ],
          [
            82.89938,
            28.98892
          ],
          [
            82.89943,
            28.98898
          ],
          [
            82.89948,
            28.98906
          ],
          [
            82.89951,
            28.98914
          ],
          [
            82.89953,
            28.98921
          ],
          [
            82.89952,
            28.98928
          ],
          [
            82.89951,
            28.98936
          ],
          [
            82.89952,
            28.98942
          ],
          [
            82.89962,
            28.98947
          ],
          [
            82.89967,
            28.98953
          ],
          [
            82.89978,
            28.98955
          ],
          [
            82.89985,
            28.98959
          ],
          [
            82.89996,
            28.98963
          ],
          [
            82.90005,
            28.98969
          ],
          [
            82.90009,
            28.98979
          ],
          [
            82.90007,
            28.98995
          ],
          [
            82.90004,
            28.99009
          ],
          [
            82.90005,
            28.9902
          ],
          [
            82.90006,
            28.99038
          ],
          [
            82.90004,
            28.99053
          ],
          [
            82.90003,
            28.99058
          ],
          [
            82.90003,
            28.99061
          ],
          [
            82.90008,
            28.9907
          ],
          [
            82.90015,
            28.99082
          ],
          [
            82.90021,
            28.99089
          ],
          [
            82.90025,
            28.99094
          ],
          [
            82.9003,
            28.991
          ],
          [
            82.90034,
            28.99106
          ],
          [
            82.90041,
            28.9911
          ],
          [
            82.90047,
            28.99114
          ],
          [
            82.90048,
            28.99118
          ],
          [
            82.9005,
            28.99127
          ],
          [
            82.90053,
            28.99131
          ],
          [
            82.90056,
            28.99136
          ],
          [
            82.90057,
            28.9914
          ],
          [
            82.90059,
            28.99143
          ],
          [
            82.90062,
            28.99145
          ],
          [
            82.90077,
            28.99149
          ],
          [
            82.90086,
            28.99151
          ],
          [
            82.901,
            28.9916
          ],
          [
            82.90107,
            28.99164
          ],
          [
            82.90113,
            28.99171
          ],
          [
            82.90118,
            28.99184
          ],
          [
            82.9012,
            28.99196
          ],
          [
            82.90123,
            28.99204
          ],
          [
            82.90125,
            28.99208
          ],
          [
            82.90129,
            28.99215
          ],
          [
            82.90133,
            28.99216
          ],
          [
            82.90143,
            28.99213
          ],
          [
            82.90149,
            28.99211
          ],
          [
            82.90157,
            28.99211
          ],
          [
            82.90165,
            28.99208
          ],
          [
            82.90171,
            28.99208
          ],
          [
            82.9019,
            28.99212
          ],
          [
            82.90196,
            28.99217
          ],
          [
            82.90199,
            28.99224
          ],
          [
            82.90202,
            28.99231
          ],
          [
            82.90206,
            28.99239
          ],
          [
            82.90213,
            28.9925
          ],
          [
            82.90218,
            28.99257
          ],
          [
            82.90221,
            28.99269
          ],
          [
            82.90223,
            28.99279
          ],
          [
            82.90227,
            28.99288
          ],
          [
            82.90232,
            28.99295
          ],
          [
            82.90233,
            28.99298
          ],
          [
            82.9024,
            28.99302
          ],
          [
            82.90252,
            28.99303
          ],
          [
            82.90265,
            28.99311
          ],
          [
            82.90273,
            28.99322
          ],
          [
            82.9028,
            28.99329
          ],
          [
            82.90285,
            28.99333
          ],
          [
            82.90288,
            28.99335
          ],
          [
            82.90301,
            28.9934
          ],
          [
            82.90308,
            28.99339
          ],
          [
            82.90316,
            28.99344
          ],
          [
            82.90327,
            28.9935
          ],
          [
            82.90334,
            28.99355
          ],
          [
            82.90337,
            28.9936
          ],
          [
            82.90343,
            28.99361
          ],
          [
            82.90351,
            28.99365
          ],
          [
            82.90363,
            28.99376
          ],
          [
            82.90372,
            28.99387
          ],
          [
            82.90375,
            28.99399
          ],
          [
            82.90375,
            28.99407
          ],
          [
            82.90375,
            28.99418
          ],
          [
            82.90375,
            28.99425
          ],
          [
            82.90374,
            28.99431
          ],
          [
            82.90377,
            28.99434
          ],
          [
            82.90383,
            28.99437
          ],
          [
            82.90393,
            28.99448
          ],
          [
            82.90394,
            28.99457
          ],
          [
            82.90394,
            28.99466
          ],
          [
            82.90394,
            28.99475
          ],
          [
            82.90395,
            28.99482
          ],
          [
            82.90397,
            28.99489
          ],
          [
            82.904,
            28.99498
          ],
          [
            82.90405,
            28.9951
          ],
          [
            82.90406,
            28.99521
          ],
          [
            82.90409,
            28.99529
          ],
          [
            82.90409,
            28.99535
          ],
          [
            82.90413,
            28.99541
          ],
          [
            82.90416,
            28.99549
          ],
          [
            82.90416,
            28.99558
          ],
          [
            82.90417,
            28.99565
          ],
          [
            82.90417,
            28.99573
          ],
          [
            82.90422,
            28.99584
          ],
          [
            82.90423,
            28.99597
          ],
          [
            82.90423,
            28.99603
          ],
          [
            82.90423,
            28.99612
          ],
          [
            82.90427,
            28.99621
          ],
          [
            82.90432,
            28.99637
          ],
          [
            82.90431,
            28.99647
          ],
          [
            82.90439,
            28.99656
          ],
          [
            82.90438,
            28.99669
          ],
          [
            82.90442,
            28.99679
          ],
          [
            82.90444,
            28.99685
          ],
          [
            82.90448,
            28.9969
          ],
          [
            82.90453,
            28.99695
          ],
          [
            82.90456,
            28.997
          ],
          [
            82.9046,
            28.99707
          ],
          [
            82.90459,
            28.9971
          ],
          [
            82.90463,
            28.99718
          ],
          [
            82.90465,
            28.99727
          ],
          [
            82.90468,
            28.99735
          ],
          [
            82.90471,
            28.99738
          ],
          [
            82.90472,
            28.99753
          ],
          [
            82.90478,
            28.99759
          ],
          [
            82.90483,
            28.99769
          ],
          [
            82.90483,
            28.99788
          ],
          [
            82.90481,
            28.99798
          ],
          [
            82.90483,
            28.99802
          ],
          [
            82.90487,
            28.99808
          ],
          [
            82.9049,
            28.99816
          ],
          [
            82.90494,
            28.99823
          ],
          [
            82.90496,
            28.99828
          ],
          [
            82.90496,
            28.99841
          ],
          [
            82.90497,
            28.99851
          ],
          [
            82.90499,
            28.99861
          ],
          [
            82.90501,
            28.99872
          ],
          [
            82.90495,
            28.99868
          ],
          [
            82.90489,
            28.99868
          ],
          [
            82.90485,
            28.9987
          ],
          [
            82.90485,
            28.9987
          ],
          [
            82.90488,
            28.99881
          ],
          [
            82.90491,
            28.9989
          ],
          [
            82.90493,
            28.99901
          ],
          [
            82.90497,
            28.99917
          ],
          [
            82.905,
            28.99923
          ],
          [
            82.90504,
            28.99936
          ],
          [
            82.90504,
            28.99944
          ],
          [
            82.90503,
            28.99958
          ],
          [
            82.90502,
            28.99969
          ],
          [
            82.90509,
            28.99974
          ],
          [
            82.90519,
            28.99981
          ],
          [
            82.90526,
            28.99985
          ],
          [
            82.90543,
            28.99989
          ],
          [
            82.90554,
            28.9999
          ],
          [
            82.90569,
            28.99994
          ],
          [
            82.90579,
            28.99997
          ],
          [
            82.90594,
            29.00001
          ],
          [
            82.90599,
            29.00003
          ],
          [
            82.90614,
            29
          ],
          [
            82.90623,
            28.99997
          ],
          [
            82.90629,
            28.9999
          ],
          [
            82.90639,
            28.99983
          ],
          [
            82.90647,
            28.9998
          ],
          [
            82.90658,
            28.99976
          ],
          [
            82.90668,
            28.99972
          ],
          [
            82.90675,
            28.99973
          ],
          [
            82.90685,
            28.99971
          ],
          [
            82.90691,
            28.99971
          ],
          [
            82.907,
            28.99969
          ],
          [
            82.90709,
            28.99968
          ],
          [
            82.90721,
            28.99961
          ],
          [
            82.90736,
            28.99955
          ],
          [
            82.90745,
            28.99949
          ],
          [
            82.90754,
            28.99943
          ],
          [
            82.90765,
            28.99934
          ],
          [
            82.9077,
            28.99929
          ],
          [
            82.90779,
            28.99929
          ],
          [
            82.90785,
            28.99927
          ],
          [
            82.90813,
            28.99914
          ],
          [
            82.90825,
            28.99914
          ],
          [
            82.90835,
            28.99915
          ],
          [
            82.90856,
            28.9992
          ],
          [
            82.90862,
            28.99922
          ],
          [
            82.90871,
            28.99922
          ],
          [
            82.90874,
            28.99924
          ],
          [
            82.90887,
            28.99923
          ],
          [
            82.90897,
            28.99923
          ],
          [
            82.90904,
            28.99921
          ],
          [
            82.90918,
            28.99922
          ],
          [
            82.90916,
            28.99931
          ],
          [
            82.90916,
            28.99931
          ],
          [
            82.90943,
            28.9993
          ],
          [
            82.90965,
            28.99931
          ],
          [
            82.90998,
            28.99925
          ],
          [
            82.91022,
            28.99923
          ],
          [
            82.91024,
            28.99924
          ],
          [
            82.91038,
            28.99939
          ],
          [
            82.91103,
            28.99975
          ],
          [
            82.91125,
            28.9999
          ],
          [
            82.91144,
            28.99998
          ],
          [
            82.91177,
            29.0002
          ],
          [
            82.91186,
            29.00023
          ],
          [
            82.91213,
            29.00024
          ],
          [
            82.9124,
            29.00038
          ],
          [
            82.91257,
            29.00037
          ],
          [
            82.91307,
            29.00021
          ],
          [
            82.91323,
            29.00014
          ],
          [
            82.91325,
            29.0001
          ],
          [
            82.91344,
            28.99999
          ],
          [
            82.91364,
            29
          ],
          [
            82.91393,
            29.00006
          ],
          [
            82.91416,
            29.00005
          ],
          [
            82.91432,
            29.00009
          ],
          [
            82.91474,
            29.00008
          ],
          [
            82.91494,
            29.0001
          ],
          [
            82.91514,
            29.00021
          ],
          [
            82.91542,
            29.00047
          ],
          [
            82.91549,
            29.00059
          ],
          [
            82.91554,
            29.00061
          ],
          [
            82.91561,
            29.00062
          ],
          [
            82.91567,
            29.00065
          ],
          [
            82.91568,
            29.0007
          ],
          [
            82.91577,
            29.00071
          ],
          [
            82.91598,
            29.00066
          ],
          [
            82.91607,
            29.00066
          ],
          [
            82.91666,
            29.00086
          ],
          [
            82.91673,
            29.00084
          ],
          [
            82.91682,
            29.00088
          ],
          [
            82.91692,
            29.00087
          ],
          [
            82.91708,
            29.00076
          ],
          [
            82.9173,
            29.00075
          ],
          [
            82.91767,
            29.00063
          ],
          [
            82.91785,
            29.00065
          ],
          [
            82.91791,
            29.00063
          ],
          [
            82.91795,
            29.00064
          ],
          [
            82.9182,
            29.00052
          ],
          [
            82.91829,
            29.00056
          ],
          [
            82.9185,
            29.00054
          ],
          [
            82.91859,
            29.00056
          ],
          [
            82.91887,
            29.00047
          ],
          [
            82.91907,
            29.00045
          ],
          [
            82.91941,
            29.0005
          ],
          [
            82.91968,
            29.00068
          ],
          [
            82.91999,
            29.00078
          ],
          [
            82.91999,
            29.00088
          ],
          [
            82.91995,
            29.00105
          ],
          [
            82.91993,
            29.0012
          ],
          [
            82.92002,
            29.0014
          ],
          [
            82.92011,
            29.00147
          ],
          [
            82.92055,
            29.00138
          ],
          [
            82.92079,
            29.00142
          ],
          [
            82.92084,
            29.00142
          ],
          [
            82.92086,
            29.00144
          ],
          [
            82.92086,
            29.00148
          ],
          [
            82.92083,
            29.00152
          ],
          [
            82.9208,
            29.00156
          ],
          [
            82.92095,
            29.00185
          ],
          [
            82.92115,
            29.00227
          ],
          [
            82.92116,
            29.0023
          ],
          [
            82.92114,
            29.00235
          ],
          [
            82.92106,
            29.00249
          ],
          [
            82.9209,
            29.00272
          ],
          [
            82.92077,
            29.00282
          ],
          [
            82.92071,
            29.00283
          ],
          [
            82.92062,
            29.00288
          ],
          [
            82.92046,
            29.003
          ],
          [
            82.92035,
            29.0031
          ],
          [
            82.92026,
            29.00316
          ],
          [
            82.92019,
            29.00325
          ],
          [
            82.92014,
            29.00331
          ],
          [
            82.92011,
            29.0034
          ],
          [
            82.92005,
            29.00344
          ],
          [
            82.92011,
            29.00345
          ],
          [
            82.92007,
            29.00348
          ],
          [
            82.92,
            29.00354
          ],
          [
            82.91993,
            29.00365
          ],
          [
            82.91982,
            29.00383
          ],
          [
            82.91988,
            29.00384
          ],
          [
            82.91987,
            29.00387
          ],
          [
            82.91982,
            29.004
          ],
          [
            82.91978,
            29.00407
          ],
          [
            82.91964,
            29.00412
          ],
          [
            82.91962,
            29.00432
          ],
          [
            82.9197,
            29.00432
          ],
          [
            82.9197,
            29.00439
          ],
          [
            82.91978,
            29.00437
          ],
          [
            82.91974,
            29.00448
          ],
          [
            82.91977,
            29.00454
          ],
          [
            82.91978,
            29.00461
          ],
          [
            82.91979,
            29.00472
          ],
          [
            82.91976,
            29.00485
          ],
          [
            82.91973,
            29.00495
          ],
          [
            82.91971,
            29.00507
          ],
          [
            82.91963,
            29.00521
          ],
          [
            82.9196,
            29.00535
          ],
          [
            82.91955,
            29.00548
          ],
          [
            82.91947,
            29.00568
          ],
          [
            82.91946,
            29.00576
          ],
          [
            82.91937,
            29.00593
          ],
          [
            82.91934,
            29.00606
          ],
          [
            82.91935,
            29.00619
          ],
          [
            82.91928,
            29.00636
          ],
          [
            82.91916,
            29.00655
          ],
          [
            82.9191,
            29.00672
          ],
          [
            82.91907,
            29.00688
          ],
          [
            82.91911,
            29.00699
          ],
          [
            82.91916,
            29.00713
          ],
          [
            82.91903,
            29.00731
          ],
          [
            82.91896,
            29.00741
          ],
          [
            82.919,
            29.00751
          ],
          [
            82.91897,
            29.00755
          ],
          [
            82.91897,
            29.00755
          ],
          [
            82.91881,
            29.00769
          ],
          [
            82.91858,
            29.00778
          ],
          [
            82.91845,
            29.00785
          ],
          [
            82.91834,
            29.0079
          ],
          [
            82.91832,
            29.00791
          ],
          [
            82.91821,
            29.00796
          ],
          [
            82.91811,
            29.00803
          ],
          [
            82.91798,
            29.00818
          ],
          [
            82.91789,
            29.00825
          ],
          [
            82.91777,
            29.0084
          ],
          [
            82.91773,
            29.00855
          ],
          [
            82.9176,
            29.00868
          ],
          [
            82.91752,
            29.00881
          ],
          [
            82.91744,
            29.00893
          ],
          [
            82.91738,
            29.00901
          ],
          [
            82.91732,
            29.00915
          ],
          [
            82.9173,
            29.00932
          ],
          [
            82.91728,
            29.00944
          ],
          [
            82.91721,
            29.00955
          ],
          [
            82.9171,
            29.00964
          ],
          [
            82.91703,
            29.0097
          ],
          [
            82.91694,
            29.00977
          ],
          [
            82.91693,
            29.00981
          ],
          [
            82.91693,
            29.00981
          ],
          [
            82.91691,
            29.00985
          ],
          [
            82.917,
            29.00989
          ],
          [
            82.91705,
            29.00992
          ],
          [
            82.91714,
            29.01001
          ],
          [
            82.91725,
            29.01007
          ],
          [
            82.91736,
            29.01013
          ],
          [
            82.91751,
            29.01025
          ],
          [
            82.91766,
            29.0103
          ],
          [
            82.91784,
            29.01041
          ],
          [
            82.91801,
            29.01053
          ],
          [
            82.91812,
            29.01063
          ],
          [
            82.9182,
            29.01078
          ],
          [
            82.91816,
            29.01095
          ],
          [
            82.91815,
            29.01099
          ],
          [
            82.91801,
            29.0112
          ],
          [
            82.91786,
            29.01134
          ],
          [
            82.91772,
            29.01143
          ],
          [
            82.91773,
            29.01156
          ],
          [
            82.9177,
            29.01174
          ],
          [
            82.91777,
            29.01185
          ],
          [
            82.91788,
            29.01203
          ],
          [
            82.91798,
            29.01228
          ],
          [
            82.918,
            29.01246
          ],
          [
            82.91802,
            29.01256
          ],
          [
            82.91807,
            29.01264
          ],
          [
            82.91812,
            29.01269
          ],
          [
            82.91804,
            29.01273
          ],
          [
            82.91783,
            29.01282
          ],
          [
            82.91748,
            29.01297
          ],
          [
            82.91731,
            29.01311
          ],
          [
            82.91715,
            29.01317
          ],
          [
            82.91695,
            29.01322
          ],
          [
            82.91671,
            29.01331
          ],
          [
            82.91653,
            29.01348
          ],
          [
            82.91632,
            29.01367
          ],
          [
            82.91623,
            29.01369
          ],
          [
            82.91616,
            29.01368
          ],
          [
            82.91601,
            29.01361
          ],
          [
            82.91591,
            29.01368
          ],
          [
            82.91577,
            29.01382
          ],
          [
            82.91555,
            29.01397
          ],
          [
            82.91548,
            29.01403
          ],
          [
            82.91544,
            29.01414
          ],
          [
            82.91538,
            29.01418
          ],
          [
            82.91533,
            29.01421
          ],
          [
            82.91527,
            29.01427
          ],
          [
            82.91522,
            29.01435
          ],
          [
            82.91514,
            29.01445
          ],
          [
            82.91503,
            29.01457
          ],
          [
            82.91495,
            29.01463
          ],
          [
            82.9149,
            29.01468
          ],
          [
            82.91487,
            29.01473
          ],
          [
            82.91482,
            29.01477
          ],
          [
            82.91478,
            29.01482
          ],
          [
            82.91475,
            29.01485
          ],
          [
            82.91472,
            29.01491
          ],
          [
            82.91468,
            29.01496
          ],
          [
            82.91458,
            29.01514
          ],
          [
            82.91449,
            29.0152
          ],
          [
            82.91444,
            29.01529
          ],
          [
            82.9144,
            29.01534
          ],
          [
            82.91435,
            29.01538
          ],
          [
            82.9143,
            29.01543
          ],
          [
            82.91421,
            29.0155
          ],
          [
            82.91414,
            29.0156
          ],
          [
            82.91406,
            29.01573
          ],
          [
            82.914,
            29.0158
          ],
          [
            82.91396,
            29.01588
          ],
          [
            82.91387,
            29.01595
          ],
          [
            82.91379,
            29.016
          ],
          [
            82.91367,
            29.01611
          ],
          [
            82.91363,
            29.01615
          ],
          [
            82.91361,
            29.01618
          ],
          [
            82.91359,
            29.01624
          ],
          [
            82.91358,
            29.01629
          ],
          [
            82.91354,
            29.01636
          ],
          [
            82.91348,
            29.01645
          ],
          [
            82.91338,
            29.01658
          ],
          [
            82.91335,
            29.01662
          ],
          [
            82.91337,
            29.01667
          ],
          [
            82.91335,
            29.01672
          ],
          [
            82.91332,
            29.01675
          ],
          [
            82.91332,
            29.01678
          ],
          [
            82.9133,
            29.01685
          ],
          [
            82.91327,
            29.01696
          ],
          [
            82.91323,
            29.017
          ],
          [
            82.91319,
            29.0171
          ],
          [
            82.91315,
            29.01716
          ],
          [
            82.91311,
            29.01726
          ],
          [
            82.91305,
            29.01736
          ],
          [
            82.91301,
            29.01748
          ],
          [
            82.91296,
            29.01757
          ],
          [
            82.91293,
            29.01765
          ],
          [
            82.91289,
            29.01773
          ],
          [
            82.91288,
            29.01782
          ],
          [
            82.91285,
            29.01792
          ],
          [
            82.91281,
            29.01803
          ],
          [
            82.91279,
            29.01812
          ],
          [
            82.91277,
            29.0182
          ],
          [
            82.91274,
            29.01828
          ],
          [
            82.91271,
            29.01833
          ],
          [
            82.91273,
            29.01839
          ],
          [
            82.91271,
            29.01846
          ],
          [
            82.91267,
            29.01862
          ],
          [
            82.91266,
            29.01873
          ],
          [
            82.91264,
            29.01883
          ],
          [
            82.91262,
            29.01888
          ],
          [
            82.91257,
            29.01897
          ],
          [
            82.91254,
            29.01902
          ],
          [
            82.91255,
            29.01908
          ],
          [
            82.91252,
            29.01919
          ],
          [
            82.91252,
            29.01933
          ],
          [
            82.91251,
            29.01942
          ],
          [
            82.9125,
            29.01949
          ],
          [
            82.91248,
            29.01955
          ],
          [
            82.91248,
            29.01959
          ],
          [
            82.9125,
            29.01964
          ],
          [
            82.91249,
            29.01968
          ],
          [
            82.91246,
            29.01975
          ],
          [
            82.91244,
            29.01984
          ],
          [
            82.91239,
            29.01993
          ],
          [
            82.91237,
            29.02001
          ],
          [
            82.91236,
            29.02008
          ],
          [
            82.91227,
            29.02014
          ],
          [
            82.91219,
            29.02025
          ],
          [
            82.91218,
            29.02041
          ],
          [
            82.91221,
            29.02051
          ],
          [
            82.91223,
            29.02065
          ],
          [
            82.91224,
            29.02072
          ],
          [
            82.91224,
            29.02078
          ],
          [
            82.91219,
            29.02085
          ],
          [
            82.91218,
            29.02091
          ],
          [
            82.91213,
            29.02101
          ],
          [
            82.91209,
            29.02109
          ],
          [
            82.91203,
            29.02119
          ],
          [
            82.912,
            29.02123
          ],
          [
            82.912,
            29.02128
          ],
          [
            82.912,
            29.02132
          ],
          [
            82.91199,
            29.02137
          ],
          [
            82.91195,
            29.02145
          ],
          [
            82.91195,
            29.02154
          ],
          [
            82.91194,
            29.02162
          ],
          [
            82.91195,
            29.02166
          ],
          [
            82.91195,
            29.02173
          ],
          [
            82.91197,
            29.02185
          ],
          [
            82.91205,
            29.02196
          ],
          [
            82.91208,
            29.02205
          ],
          [
            82.9121,
            29.02216
          ],
          [
            82.91209,
            29.02227
          ],
          [
            82.91207,
            29.02237
          ],
          [
            82.91201,
            29.02251
          ],
          [
            82.91197,
            29.02263
          ],
          [
            82.91195,
            29.0227
          ],
          [
            82.91192,
            29.02278
          ],
          [
            82.9119,
            29.02283
          ],
          [
            82.91186,
            29.02293
          ],
          [
            82.91178,
            29.02298
          ],
          [
            82.91174,
            29.02303
          ],
          [
            82.9117,
            29.0231
          ],
          [
            82.91164,
            29.0232
          ],
          [
            82.91162,
            29.02331
          ],
          [
            82.91173,
            29.02348
          ],
          [
            82.91179,
            29.02367
          ],
          [
            82.91179,
            29.02367
          ],
          [
            82.91177,
            29.02375
          ],
          [
            82.91176,
            29.02384
          ],
          [
            82.91172,
            29.02396
          ],
          [
            82.91168,
            29.02404
          ],
          [
            82.91162,
            29.02406
          ],
          [
            82.91158,
            29.0241
          ],
          [
            82.91156,
            29.02415
          ],
          [
            82.91161,
            29.02432
          ],
          [
            82.91158,
            29.0245
          ],
          [
            82.91162,
            29.02465
          ],
          [
            82.91167,
            29.02482
          ],
          [
            82.91159,
            29.02505
          ],
          [
            82.9115,
            29.02517
          ],
          [
            82.91143,
            29.02517
          ],
          [
            82.91131,
            29.02523
          ],
          [
            82.91122,
            29.02536
          ],
          [
            82.91117,
            29.02555
          ],
          [
            82.91106,
            29.02577
          ],
          [
            82.91109,
            29.02595
          ],
          [
            82.91114,
            29.02613
          ],
          [
            82.91122,
            29.02631
          ],
          [
            82.91127,
            29.02651
          ],
          [
            82.91118,
            29.02668
          ],
          [
            82.91131,
            29.02685
          ],
          [
            82.91129,
            29.0272
          ],
          [
            82.9113,
            29.02737
          ],
          [
            82.9113,
            29.02753
          ],
          [
            82.91127,
            29.0277
          ],
          [
            82.91122,
            29.02785
          ],
          [
            82.91116,
            29.02799
          ],
          [
            82.91112,
            29.0281
          ],
          [
            82.9111,
            29.0282
          ],
          [
            82.91109,
            29.02828
          ],
          [
            82.91103,
            29.02835
          ],
          [
            82.91098,
            29.02844
          ],
          [
            82.91095,
            29.02849
          ],
          [
            82.91092,
            29.02856
          ],
          [
            82.91084,
            29.02866
          ],
          [
            82.91076,
            29.02873
          ],
          [
            82.91074,
            29.02878
          ],
          [
            82.91073,
            29.02884
          ],
          [
            82.91069,
            29.02891
          ],
          [
            82.91062,
            29.029
          ],
          [
            82.91052,
            29.02906
          ],
          [
            82.9104,
            29.02908
          ],
          [
            82.91034,
            29.02914
          ],
          [
            82.91031,
            29.02922
          ],
          [
            82.91031,
            29.02931
          ],
          [
            82.9103,
            29.02938
          ],
          [
            82.91028,
            29.02949
          ],
          [
            82.91026,
            29.02958
          ],
          [
            82.91022,
            29.02963
          ],
          [
            82.9102,
            29.0297
          ],
          [
            82.91014,
            29.02978
          ],
          [
            82.91015,
            29.02983
          ],
          [
            82.91017,
            29.02991
          ],
          [
            82.91017,
            29.02999
          ],
          [
            82.91019,
            29.03007
          ],
          [
            82.9102,
            29.0302
          ],
          [
            82.91021,
            29.0303
          ],
          [
            82.91025,
            29.03036
          ],
          [
            82.91032,
            29.0304
          ],
          [
            82.91059,
            29.03047
          ],
          [
            82.91072,
            29.03056
          ],
          [
            82.91073,
            29.03065
          ],
          [
            82.9107,
            29.03074
          ],
          [
            82.91067,
            29.03081
          ],
          [
            82.91067,
            29.03088
          ],
          [
            82.9107,
            29.03095
          ],
          [
            82.91068,
            29.03108
          ],
          [
            82.91069,
            29.0312
          ],
          [
            82.91068,
            29.03131
          ],
          [
            82.91065,
            29.03143
          ],
          [
            82.91064,
            29.03152
          ],
          [
            82.91061,
            29.0316
          ],
          [
            82.91056,
            29.03174
          ],
          [
            82.91055,
            29.03183
          ],
          [
            82.91053,
            29.03195
          ],
          [
            82.91047,
            29.03208
          ],
          [
            82.91046,
            29.03221
          ],
          [
            82.91047,
            29.03229
          ],
          [
            82.91046,
            29.03243
          ],
          [
            82.91042,
            29.03255
          ],
          [
            82.91042,
            29.03267
          ],
          [
            82.91039,
            29.03275
          ],
          [
            82.91036,
            29.03283
          ],
          [
            82.91035,
            29.03296
          ],
          [
            82.9103,
            29.03305
          ],
          [
            82.91025,
            29.03314
          ],
          [
            82.91018,
            29.03325
          ],
          [
            82.91006,
            29.03335
          ],
          [
            82.91,
            29.03346
          ],
          [
            82.90997,
            29.03354
          ],
          [
            82.90991,
            29.03359
          ],
          [
            82.90988,
            29.03369
          ],
          [
            82.90979,
            29.03379
          ],
          [
            82.9098,
            29.03388
          ],
          [
            82.90978,
            29.03399
          ],
          [
            82.90974,
            29.03408
          ],
          [
            82.90967,
            29.03417
          ],
          [
            82.9096,
            29.03424
          ],
          [
            82.90951,
            29.03431
          ],
          [
            82.9094,
            29.03437
          ],
          [
            82.90934,
            29.03445
          ],
          [
            82.90931,
            29.03455
          ],
          [
            82.90931,
            29.03467
          ],
          [
            82.90926,
            29.03477
          ],
          [
            82.90921,
            29.03495
          ],
          [
            82.90921,
            29.03515
          ],
          [
            82.90916,
            29.0353
          ],
          [
            82.90916,
            29.03544
          ],
          [
            82.90912,
            29.03562
          ],
          [
            82.90901,
            29.03568
          ],
          [
            82.9089,
            29.03587
          ],
          [
            82.90878,
            29.03612
          ],
          [
            82.90864,
            29.03615
          ],
          [
            82.90853,
            29.03622
          ],
          [
            82.90846,
            29.03631
          ],
          [
            82.90845,
            29.03638
          ],
          [
            82.90836,
            29.03643
          ],
          [
            82.90826,
            29.03651
          ],
          [
            82.9082,
            29.03655
          ],
          [
            82.90816,
            29.03661
          ],
          [
            82.90813,
            29.03663
          ],
          [
            82.90804,
            29.03674
          ],
          [
            82.9079,
            29.03682
          ],
          [
            82.90788,
            29.03693
          ],
          [
            82.90774,
            29.03704
          ],
          [
            82.90771,
            29.03708
          ],
          [
            82.90766,
            29.03719
          ],
          [
            82.90772,
            29.03728
          ],
          [
            82.90771,
            29.03746
          ],
          [
            82.90771,
            29.03776
          ],
          [
            82.90773,
            29.03781
          ],
          [
            82.90777,
            29.03803
          ],
          [
            82.90776,
            29.03811
          ],
          [
            82.90769,
            29.03817
          ],
          [
            82.90767,
            29.03826
          ],
          [
            82.90758,
            29.0384
          ],
          [
            82.90751,
            29.03859
          ],
          [
            82.90736,
            29.03885
          ],
          [
            82.90732,
            29.03899
          ],
          [
            82.90724,
            29.03911
          ],
          [
            82.90719,
            29.03928
          ],
          [
            82.90712,
            29.03945
          ],
          [
            82.90707,
            29.0395
          ],
          [
            82.90704,
            29.03968
          ],
          [
            82.907,
            29.03971
          ],
          [
            82.90697,
            29.03971
          ],
          [
            82.90692,
            29.03976
          ],
          [
            82.9068,
            29.03983
          ],
          [
            82.90665,
            29.03988
          ],
          [
            82.90654,
            29.03995
          ],
          [
            82.90652,
            29.03995
          ],
          [
            82.90641,
            29.04005
          ],
          [
            82.90639,
            29.04021
          ],
          [
            82.90638,
            29.0403
          ],
          [
            82.90642,
            29.04039
          ],
          [
            82.90653,
            29.0404
          ],
          [
            82.90664,
            29.0405
          ],
          [
            82.90674,
            29.04055
          ],
          [
            82.90696,
            29.04057
          ],
          [
            82.90699,
            29.04061
          ],
          [
            82.90698,
            29.04065
          ],
          [
            82.90713,
            29.0408
          ],
          [
            82.90739,
            29.04095
          ],
          [
            82.90751,
            29.04105
          ],
          [
            82.90767,
            29.04116
          ],
          [
            82.90777,
            29.04119
          ],
          [
            82.90799,
            29.04117
          ],
          [
            82.90809,
            29.04113
          ],
          [
            82.90819,
            29.04115
          ],
          [
            82.90835,
            29.04111
          ],
          [
            82.9084,
            29.04113
          ],
          [
            82.90841,
            29.04118
          ],
          [
            82.90838,
            29.04121
          ],
          [
            82.90827,
            29.04124
          ],
          [
            82.90825,
            29.04128
          ],
          [
            82.90842,
            29.04141
          ],
          [
            82.90858,
            29.04145
          ],
          [
            82.90874,
            29.04165
          ],
          [
            82.90875,
            29.04182
          ],
          [
            82.90882,
            29.04197
          ],
          [
            82.90889,
            29.04197
          ],
          [
            82.90867,
            29.04233
          ],
          [
            82.90858,
            29.04245
          ],
          [
            82.90858,
            29.04251
          ],
          [
            82.9085,
            29.04258
          ],
          [
            82.90847,
            29.04259
          ],
          [
            82.90847,
            29.04256
          ],
          [
            82.90842,
            29.04259
          ],
          [
            82.90826,
            29.04261
          ],
          [
            82.90821,
            29.04265
          ],
          [
            82.90818,
            29.0427
          ],
          [
            82.90808,
            29.04266
          ],
          [
            82.90787,
            29.04263
          ],
          [
            82.9078,
            29.04263
          ],
          [
            82.90766,
            29.04268
          ],
          [
            82.90742,
            29.04266
          ],
          [
            82.90728,
            29.04277
          ],
          [
            82.90714,
            29.04275
          ],
          [
            82.90703,
            29.04279
          ],
          [
            82.90701,
            29.04282
          ],
          [
            82.90691,
            29.04286
          ],
          [
            82.90682,
            29.043
          ],
          [
            82.90657,
            29.04306
          ],
          [
            82.90652,
            29.04311
          ],
          [
            82.90648,
            29.04322
          ],
          [
            82.90643,
            29.04327
          ],
          [
            82.9061,
            29.04331
          ],
          [
            82.90598,
            29.04341
          ],
          [
            82.90584,
            29.04346
          ],
          [
            82.90579,
            29.04345
          ],
          [
            82.90574,
            29.0435
          ],
          [
            82.90558,
            29.04355
          ],
          [
            82.90553,
            29.04356
          ],
          [
            82.90549,
            29.04355
          ],
          [
            82.90544,
            29.04359
          ],
          [
            82.90535,
            29.04374
          ],
          [
            82.90526,
            29.04382
          ],
          [
            82.90521,
            29.04395
          ],
          [
            82.90515,
            29.04401
          ],
          [
            82.90508,
            29.04414
          ],
          [
            82.90506,
            29.04421
          ],
          [
            82.90514,
            29.04418
          ],
          [
            82.90516,
            29.0442
          ],
          [
            82.90516,
            29.04422
          ],
          [
            82.90512,
            29.04435
          ],
          [
            82.90506,
            29.04442
          ],
          [
            82.90506,
            29.04449
          ],
          [
            82.90499,
            29.04455
          ],
          [
            82.90498,
            29.04465
          ],
          [
            82.90495,
            29.04469
          ],
          [
            82.90498,
            29.04475
          ],
          [
            82.90494,
            29.04477
          ],
          [
            82.90495,
            29.04483
          ],
          [
            82.90488,
            29.04489
          ],
          [
            82.9049,
            29.04495
          ],
          [
            82.90484,
            29.04504
          ],
          [
            82.90478,
            29.0452
          ],
          [
            82.90479,
            29.04531
          ],
          [
            82.90476,
            29.04536
          ],
          [
            82.90475,
            29.04555
          ],
          [
            82.90479,
            29.04559
          ],
          [
            82.90478,
            29.04562
          ],
          [
            82.90481,
            29.04565
          ],
          [
            82.9048,
            29.04572
          ],
          [
            82.90482,
            29.04581
          ],
          [
            82.90485,
            29.04584
          ],
          [
            82.90489,
            29.04586
          ],
          [
            82.90489,
            29.04592
          ],
          [
            82.90483,
            29.04608
          ],
          [
            82.90474,
            29.04616
          ],
          [
            82.90462,
            29.0463
          ],
          [
            82.90456,
            29.0465
          ],
          [
            82.90442,
            29.04663
          ],
          [
            82.90429,
            29.04667
          ],
          [
            82.90424,
            29.04676
          ],
          [
            82.90414,
            29.04687
          ],
          [
            82.90409,
            29.04692
          ],
          [
            82.90399,
            29.04698
          ],
          [
            82.90393,
            29.04705
          ],
          [
            82.90391,
            29.04712
          ],
          [
            82.90385,
            29.04719
          ],
          [
            82.90369,
            29.0473
          ],
          [
            82.90363,
            29.04738
          ],
          [
            82.90353,
            29.04745
          ],
          [
            82.90345,
            29.04753
          ],
          [
            82.90342,
            29.04758
          ],
          [
            82.90338,
            29.04769
          ],
          [
            82.90332,
            29.04776
          ],
          [
            82.90329,
            29.04782
          ],
          [
            82.90324,
            29.04784
          ],
          [
            82.9032,
            29.04779
          ],
          [
            82.90306,
            29.04786
          ],
          [
            82.903,
            29.04787
          ],
          [
            82.90282,
            29.04799
          ],
          [
            82.90261,
            29.04806
          ],
          [
            82.90256,
            29.0481
          ],
          [
            82.90253,
            29.04816
          ],
          [
            82.90248,
            29.04821
          ],
          [
            82.90241,
            29.04834
          ],
          [
            82.90234,
            29.04842
          ],
          [
            82.9023,
            29.04852
          ],
          [
            82.9023,
            29.04858
          ],
          [
            82.90233,
            29.04862
          ],
          [
            82.9022,
            29.04888
          ],
          [
            82.90215,
            29.04895
          ],
          [
            82.90213,
            29.04903
          ],
          [
            82.90215,
            29.04904
          ],
          [
            82.90216,
            29.04908
          ],
          [
            82.90212,
            29.04915
          ],
          [
            82.90219,
            29.04923
          ],
          [
            82.90219,
            29.04928
          ],
          [
            82.90214,
            29.04937
          ],
          [
            82.90213,
            29.04943
          ],
          [
            82.9021,
            29.04948
          ],
          [
            82.90205,
            29.04963
          ],
          [
            82.90207,
            29.04977
          ],
          [
            82.90201,
            29.0499
          ],
          [
            82.90193,
            29.04997
          ],
          [
            82.9019,
            29.05008
          ],
          [
            82.90188,
            29.05024
          ],
          [
            82.90183,
            29.05035
          ],
          [
            82.90183,
            29.05049
          ],
          [
            82.90187,
            29.05053
          ],
          [
            82.90186,
            29.0506
          ],
          [
            82.90178,
            29.05074
          ],
          [
            82.9018,
            29.05082
          ],
          [
            82.90174,
            29.05085
          ],
          [
            82.90172,
            29.0509
          ],
          [
            82.90169,
            29.0509
          ],
          [
            82.90167,
            29.05102
          ],
          [
            82.90171,
            29.05105
          ],
          [
            82.90161,
            29.05127
          ],
          [
            82.90161,
            29.05133
          ],
          [
            82.90157,
            29.05137
          ],
          [
            82.9015,
            29.05149
          ],
          [
            82.90149,
            29.05154
          ],
          [
            82.90143,
            29.05161
          ],
          [
            82.90136,
            29.05173
          ],
          [
            82.90138,
            29.05182
          ],
          [
            82.90134,
            29.05195
          ],
          [
            82.90134,
            29.05206
          ],
          [
            82.9013,
            29.05219
          ],
          [
            82.90124,
            29.0523
          ],
          [
            82.90128,
            29.05242
          ],
          [
            82.90127,
            29.05251
          ],
          [
            82.9013,
            29.05261
          ],
          [
            82.90128,
            29.05278
          ],
          [
            82.90125,
            29.05282
          ],
          [
            82.90118,
            29.05286
          ],
          [
            82.90111,
            29.05287
          ],
          [
            82.90096,
            29.05297
          ],
          [
            82.90089,
            29.05308
          ],
          [
            82.90067,
            29.05322
          ],
          [
            82.90066,
            29.05327
          ],
          [
            82.90071,
            29.05343
          ],
          [
            82.90072,
            29.05355
          ],
          [
            82.90067,
            29.05368
          ],
          [
            82.90054,
            29.05386
          ],
          [
            82.90053,
            29.05395
          ],
          [
            82.90055,
            29.05404
          ],
          [
            82.90046,
            29.05414
          ],
          [
            82.90046,
            29.05424
          ],
          [
            82.90041,
            29.05431
          ],
          [
            82.90042,
            29.05445
          ],
          [
            82.90038,
            29.05448
          ],
          [
            82.90037,
            29.05446
          ],
          [
            82.90036,
            29.05448
          ],
          [
            82.90035,
            29.05447
          ],
          [
            82.90034,
            29.05458
          ],
          [
            82.90031,
            29.05464
          ],
          [
            82.90026,
            29.05467
          ],
          [
            82.9001,
            29.05468
          ],
          [
            82.89998,
            29.05474
          ],
          [
            82.89987,
            29.05473
          ],
          [
            82.89969,
            29.05478
          ],
          [
            82.89966,
            29.05476
          ],
          [
            82.89959,
            29.05476
          ],
          [
            82.89955,
            29.05479
          ],
          [
            82.89933,
            29.05481
          ],
          [
            82.89925,
            29.05485
          ],
          [
            82.89922,
            29.05488
          ],
          [
            82.89919,
            29.05489
          ],
          [
            82.89915,
            29.05493
          ],
          [
            82.8991,
            29.05497
          ],
          [
            82.89909,
            29.055
          ],
          [
            82.89908,
            29.05506
          ],
          [
            82.89905,
            29.05512
          ],
          [
            82.89896,
            29.05516
          ],
          [
            82.89892,
            29.05525
          ],
          [
            82.89886,
            29.05529
          ],
          [
            82.89884,
            29.05533
          ],
          [
            82.89878,
            29.05537
          ],
          [
            82.89874,
            29.05541
          ],
          [
            82.89871,
            29.05544
          ],
          [
            82.89867,
            29.05548
          ],
          [
            82.89865,
            29.05551
          ],
          [
            82.89859,
            29.05554
          ],
          [
            82.89857,
            29.05559
          ],
          [
            82.89855,
            29.05563
          ],
          [
            82.89853,
            29.05566
          ],
          [
            82.89852,
            29.05572
          ],
          [
            82.89849,
            29.05575
          ],
          [
            82.89846,
            29.05577
          ],
          [
            82.89844,
            29.0558
          ],
          [
            82.89842,
            29.05583
          ],
          [
            82.89841,
            29.05586
          ],
          [
            82.89837,
            29.05588
          ],
          [
            82.89834,
            29.05591
          ],
          [
            82.8983,
            29.05593
          ],
          [
            82.89825,
            29.05593
          ],
          [
            82.89822,
            29.05596
          ],
          [
            82.89819,
            29.05599
          ],
          [
            82.89817,
            29.05601
          ],
          [
            82.89814,
            29.05602
          ],
          [
            82.89813,
            29.056
          ],
          [
            82.89813,
            29.05598
          ],
          [
            82.89814,
            29.05595
          ],
          [
            82.89813,
            29.05593
          ],
          [
            82.8981,
            29.05595
          ],
          [
            82.89806,
            29.05597
          ],
          [
            82.89803,
            29.05599
          ],
          [
            82.898,
            29.05602
          ],
          [
            82.89799,
            29.05604
          ],
          [
            82.89796,
            29.05604
          ],
          [
            82.89792,
            29.0561
          ],
          [
            82.89792,
            29.05615
          ],
          [
            82.89788,
            29.05618
          ],
          [
            82.89785,
            29.05622
          ],
          [
            82.8978,
            29.05622
          ],
          [
            82.89779,
            29.05621
          ],
          [
            82.89777,
            29.05618
          ],
          [
            82.89775,
            29.05616
          ],
          [
            82.89771,
            29.05618
          ],
          [
            82.89769,
            29.05622
          ],
          [
            82.89767,
            29.05624
          ],
          [
            82.89764,
            29.05627
          ],
          [
            82.8976,
            29.0563
          ],
          [
            82.89754,
            29.05635
          ],
          [
            82.89738,
            29.05645
          ],
          [
            82.89711,
            29.05671
          ],
          [
            82.89682,
            29.05689
          ],
          [
            82.89673,
            29.05698
          ],
          [
            82.89673,
            29.05702
          ],
          [
            82.89675,
            29.05704
          ],
          [
            82.8967,
            29.05708
          ],
          [
            82.89667,
            29.05707
          ],
          [
            82.89667,
            29.05712
          ],
          [
            82.8967,
            29.05714
          ],
          [
            82.8967,
            29.05714
          ],
          [
            82.8967,
            29.05722
          ],
          [
            82.89663,
            29.05736
          ],
          [
            82.89661,
            29.05746
          ],
          [
            82.89656,
            29.05753
          ],
          [
            82.89652,
            29.05764
          ],
          [
            82.89653,
            29.05776
          ],
          [
            82.89654,
            29.05788
          ],
          [
            82.89655,
            29.05806
          ],
          [
            82.89653,
            29.05818
          ],
          [
            82.8965,
            29.05832
          ],
          [
            82.89648,
            29.0584
          ],
          [
            82.89642,
            29.05847
          ],
          [
            82.89644,
            29.05855
          ],
          [
            82.89643,
            29.05861
          ],
          [
            82.89638,
            29.05868
          ],
          [
            82.8963,
            29.05874
          ],
          [
            82.8962,
            29.05879
          ],
          [
            82.89611,
            29.05888
          ],
          [
            82.89605,
            29.05895
          ],
          [
            82.89604,
            29.05902
          ],
          [
            82.89601,
            29.05911
          ],
          [
            82.89594,
            29.05918
          ],
          [
            82.89583,
            29.05924
          ],
          [
            82.8958,
            29.05928
          ],
          [
            82.8957,
            29.05935
          ],
          [
            82.89564,
            29.05942
          ],
          [
            82.89556,
            29.05948
          ],
          [
            82.89546,
            29.05956
          ],
          [
            82.89538,
            29.0596
          ],
          [
            82.89528,
            29.05967
          ],
          [
            82.89519,
            29.05973
          ],
          [
            82.89515,
            29.05978
          ],
          [
            82.89505,
            29.05987
          ],
          [
            82.89491,
            29.05996
          ],
          [
            82.89475,
            29.06
          ],
          [
            82.89462,
            29.06006
          ],
          [
            82.89454,
            29.06008
          ],
          [
            82.89444,
            29.06012
          ],
          [
            82.89433,
            29.06013
          ],
          [
            82.89427,
            29.0602
          ],
          [
            82.89423,
            29.06024
          ],
          [
            82.89418,
            29.0603
          ],
          [
            82.89411,
            29.0603
          ],
          [
            82.89402,
            29.06034
          ],
          [
            82.89395,
            29.06038
          ],
          [
            82.89386,
            29.06043
          ],
          [
            82.89378,
            29.06053
          ],
          [
            82.89373,
            29.06061
          ],
          [
            82.8937,
            29.06072
          ],
          [
            82.89361,
            29.06078
          ],
          [
            82.89356,
            29.06083
          ],
          [
            82.89347,
            29.06089
          ],
          [
            82.89347,
            29.06094
          ],
          [
            82.89346,
            29.061
          ],
          [
            82.89339,
            29.06106
          ],
          [
            82.89334,
            29.06109
          ],
          [
            82.89329,
            29.06115
          ],
          [
            82.8932,
            29.06116
          ],
          [
            82.89312,
            29.06123
          ],
          [
            82.89311,
            29.06128
          ],
          [
            82.89305,
            29.06132
          ],
          [
            82.89295,
            29.06132
          ],
          [
            82.89284,
            29.06137
          ],
          [
            82.89275,
            29.06134
          ],
          [
            82.89265,
            29.06135
          ],
          [
            82.89253,
            29.06136
          ],
          [
            82.89238,
            29.0614
          ],
          [
            82.89219,
            29.06143
          ],
          [
            82.89213,
            29.06142
          ],
          [
            82.89203,
            29.06145
          ],
          [
            82.89196,
            29.06149
          ],
          [
            82.89187,
            29.06153
          ],
          [
            82.8918,
            29.06158
          ],
          [
            82.89172,
            29.06166
          ],
          [
            82.89164,
            29.06172
          ],
          [
            82.89161,
            29.06179
          ],
          [
            82.89152,
            29.06183
          ],
          [
            82.89146,
            29.06183
          ],
          [
            82.89135,
            29.06191
          ],
          [
            82.89123,
            29.06198
          ],
          [
            82.89115,
            29.06201
          ],
          [
            82.89106,
            29.06208
          ],
          [
            82.89096,
            29.0621
          ],
          [
            82.89083,
            29.06217
          ],
          [
            82.89074,
            29.06222
          ],
          [
            82.89067,
            29.06226
          ],
          [
            82.8906,
            29.06231
          ],
          [
            82.89057,
            29.06236
          ],
          [
            82.8905,
            29.06253
          ],
          [
            82.89044,
            29.06262
          ],
          [
            82.89049,
            29.06268
          ],
          [
            82.89037,
            29.06275
          ],
          [
            82.8903,
            29.06286
          ],
          [
            82.89023,
            29.06292
          ],
          [
            82.89018,
            29.06296
          ],
          [
            82.89008,
            29.06308
          ],
          [
            82.88998,
            29.06317
          ],
          [
            82.8899,
            29.06318
          ],
          [
            82.88984,
            29.0632
          ],
          [
            82.88979,
            29.06324
          ],
          [
            82.88975,
            29.06328
          ],
          [
            82.88975,
            29.06332
          ],
          [
            82.88979,
            29.06334
          ],
          [
            82.88976,
            29.06338
          ],
          [
            82.88975,
            29.06343
          ],
          [
            82.88979,
            29.06347
          ],
          [
            82.88983,
            29.06347
          ],
          [
            82.88981,
            29.06352
          ],
          [
            82.88982,
            29.06358
          ],
          [
            82.88984,
            29.06366
          ],
          [
            82.88987,
            29.06374
          ],
          [
            82.88986,
            29.06382
          ],
          [
            82.88988,
            29.06387
          ],
          [
            82.88987,
            29.06395
          ],
          [
            82.88986,
            29.06404
          ],
          [
            82.88987,
            29.06414
          ],
          [
            82.88982,
            29.06421
          ],
          [
            82.88977,
            29.06427
          ],
          [
            82.88979,
            29.06434
          ],
          [
            82.88974,
            29.06438
          ],
          [
            82.88969,
            29.06443
          ],
          [
            82.88965,
            29.06449
          ],
          [
            82.88963,
            29.06461
          ],
          [
            82.88967,
            29.06467
          ],
          [
            82.88963,
            29.06477
          ],
          [
            82.88962,
            29.06488
          ],
          [
            82.88958,
            29.06499
          ],
          [
            82.88953,
            29.06508
          ],
          [
            82.88948,
            29.06517
          ],
          [
            82.88943,
            29.0652
          ],
          [
            82.88937,
            29.06526
          ],
          [
            82.88935,
            29.06534
          ],
          [
            82.88932,
            29.06544
          ],
          [
            82.88933,
            29.06553
          ],
          [
            82.88927,
            29.0656
          ],
          [
            82.88921,
            29.06571
          ],
          [
            82.8892,
            29.06578
          ],
          [
            82.88918,
            29.06584
          ],
          [
            82.88918,
            29.06593
          ],
          [
            82.88922,
            29.06598
          ],
          [
            82.88927,
            29.06606
          ],
          [
            82.88934,
            29.06621
          ],
          [
            82.88937,
            29.06632
          ],
          [
            82.88935,
            29.06638
          ],
          [
            82.88932,
            29.06647
          ],
          [
            82.8893,
            29.06654
          ],
          [
            82.88932,
            29.06662
          ],
          [
            82.88932,
            29.06674
          ],
          [
            82.88939,
            29.06684
          ],
          [
            82.88944,
            29.06696
          ],
          [
            82.8895,
            29.06703
          ],
          [
            82.88955,
            29.06708
          ],
          [
            82.88956,
            29.06716
          ],
          [
            82.88958,
            29.06724
          ],
          [
            82.88962,
            29.06729
          ],
          [
            82.88961,
            29.06734
          ],
          [
            82.88961,
            29.06742
          ],
          [
            82.88961,
            29.06747
          ],
          [
            82.88961,
            29.06755
          ],
          [
            82.8896,
            29.06758
          ],
          [
            82.88957,
            29.06764
          ],
          [
            82.8895,
            29.06772
          ],
          [
            82.88942,
            29.06785
          ],
          [
            82.88939,
            29.06795
          ],
          [
            82.88936,
            29.068
          ],
          [
            82.88931,
            29.06807
          ],
          [
            82.88924,
            29.0681
          ],
          [
            82.88916,
            29.06814
          ],
          [
            82.88911,
            29.06819
          ],
          [
            82.88905,
            29.06822
          ],
          [
            82.88899,
            29.06827
          ],
          [
            82.8889,
            29.06835
          ],
          [
            82.88886,
            29.06842
          ],
          [
            82.88886,
            29.06849
          ],
          [
            82.8889,
            29.06854
          ],
          [
            82.88893,
            29.0686
          ],
          [
            82.88887,
            29.06869
          ],
          [
            82.88883,
            29.06876
          ],
          [
            82.88878,
            29.06882
          ],
          [
            82.88878,
            29.06893
          ],
          [
            82.8888,
            29.06903
          ],
          [
            82.8888,
            29.06908
          ],
          [
            82.88879,
            29.06912
          ],
          [
            82.88875,
            29.06919
          ],
          [
            82.88872,
            29.06925
          ],
          [
            82.88869,
            29.06931
          ],
          [
            82.88871,
            29.06937
          ],
          [
            82.88867,
            29.06942
          ],
          [
            82.88861,
            29.06949
          ],
          [
            82.88863,
            29.06957
          ],
          [
            82.88867,
            29.06963
          ],
          [
            82.88867,
            29.06968
          ],
          [
            82.88868,
            29.06972
          ],
          [
            82.88865,
            29.06974
          ],
          [
            82.8886,
            29.06976
          ],
          [
            82.8886,
            29.0698
          ],
          [
            82.88861,
            29.06986
          ],
          [
            82.88858,
            29.06991
          ],
          [
            82.88854,
            29.07
          ],
          [
            82.88849,
            29.07006
          ],
          [
            82.88844,
            29.07009
          ],
          [
            82.88842,
            29.07014
          ],
          [
            82.88839,
            29.07016
          ],
          [
            82.88835,
            29.07015
          ],
          [
            82.88794,
            29.06977
          ],
          [
            82.88786,
            29.06976
          ],
          [
            82.88777,
            29.06978
          ],
          [
            82.88761,
            29.06986
          ],
          [
            82.88748,
            29.06991
          ],
          [
            82.88738,
            29.06998
          ],
          [
            82.88721,
            29.07011
          ],
          [
            82.88716,
            29.0702
          ],
          [
            82.88714,
            29.07024
          ],
          [
            82.88712,
            29.07031
          ],
          [
            82.88704,
            29.07045
          ],
          [
            82.88693,
            29.07057
          ],
          [
            82.88693,
            29.07058
          ],
          [
            82.88692,
            29.0706
          ],
          [
            82.8869,
            29.07067
          ],
          [
            82.88688,
            29.07076
          ],
          [
            82.88688,
            29.07081
          ],
          [
            82.88683,
            29.07083
          ],
          [
            82.88684,
            29.07094
          ],
          [
            82.88677,
            29.07099
          ],
          [
            82.8867,
            29.07102
          ],
          [
            82.88668,
            29.07108
          ],
          [
            82.88664,
            29.07115
          ],
          [
            82.88659,
            29.07122
          ],
          [
            82.88661,
            29.07129
          ],
          [
            82.88663,
            29.07135
          ],
          [
            82.8866,
            29.0714
          ],
          [
            82.8866,
            29.0715
          ],
          [
            82.88663,
            29.07156
          ],
          [
            82.88659,
            29.07161
          ],
          [
            82.88653,
            29.07165
          ],
          [
            82.88648,
            29.07174
          ],
          [
            82.88642,
            29.07186
          ],
          [
            82.88638,
            29.07195
          ],
          [
            82.88636,
            29.072
          ],
          [
            82.88632,
            29.07204
          ],
          [
            82.88627,
            29.07211
          ],
          [
            82.88622,
            29.07218
          ],
          [
            82.88624,
            29.07228
          ],
          [
            82.88618,
            29.07233
          ],
          [
            82.88613,
            29.07238
          ],
          [
            82.8861,
            29.07245
          ],
          [
            82.88611,
            29.07258
          ],
          [
            82.88609,
            29.07272
          ],
          [
            82.88607,
            29.07284
          ],
          [
            82.88604,
            29.07302
          ],
          [
            82.88599,
            29.07311
          ],
          [
            82.88596,
            29.07315
          ],
          [
            82.88596,
            29.07322
          ],
          [
            82.88594,
            29.07332
          ],
          [
            82.88589,
            29.07335
          ],
          [
            82.88587,
            29.07342
          ],
          [
            82.88579,
            29.07334
          ],
          [
            82.88577,
            29.0734
          ],
          [
            82.88578,
            29.07345
          ],
          [
            82.8858,
            29.07351
          ],
          [
            82.88584,
            29.07356
          ],
          [
            82.88584,
            29.07363
          ],
          [
            82.88583,
            29.07372
          ],
          [
            82.88578,
            29.07381
          ],
          [
            82.88577,
            29.07386
          ],
          [
            82.8858,
            29.07391
          ],
          [
            82.88585,
            29.07396
          ],
          [
            82.88587,
            29.07407
          ],
          [
            82.88585,
            29.07415
          ],
          [
            82.88581,
            29.07418
          ],
          [
            82.88574,
            29.07422
          ],
          [
            82.88573,
            29.07426
          ],
          [
            82.8858,
            29.07433
          ],
          [
            82.88576,
            29.07436
          ],
          [
            82.88577,
            29.07445
          ],
          [
            82.88574,
            29.0745
          ],
          [
            82.88575,
            29.07459
          ],
          [
            82.88574,
            29.07469
          ],
          [
            82.88567,
            29.0748
          ],
          [
            82.88566,
            29.07492
          ],
          [
            82.88564,
            29.07499
          ],
          [
            82.8856,
            29.07508
          ],
          [
            82.88568,
            29.07517
          ],
          [
            82.88571,
            29.07524
          ],
          [
            82.88567,
            29.0753
          ],
          [
            82.8857,
            29.07532
          ],
          [
            82.8857,
            29.07542
          ],
          [
            82.88579,
            29.07547
          ],
          [
            82.88574,
            29.07549
          ],
          [
            82.8858,
            29.07555
          ],
          [
            82.88594,
            29.07565
          ],
          [
            82.88597,
            29.07573
          ],
          [
            82.88601,
            29.07585
          ],
          [
            82.88607,
            29.07592
          ],
          [
            82.88615,
            29.07602
          ],
          [
            82.88618,
            29.07613
          ],
          [
            82.88618,
            29.07621
          ],
          [
            82.88622,
            29.07629
          ],
          [
            82.88624,
            29.07637
          ],
          [
            82.88623,
            29.07643
          ],
          [
            82.88622,
            29.07649
          ],
          [
            82.88625,
            29.07654
          ],
          [
            82.88619,
            29.07655
          ],
          [
            82.88622,
            29.07657
          ],
          [
            82.88626,
            29.07661
          ],
          [
            82.88632,
            29.07664
          ],
          [
            82.88635,
            29.07667
          ],
          [
            82.8864,
            29.0767
          ],
          [
            82.88634,
            29.07673
          ],
          [
            82.88636,
            29.07676
          ],
          [
            82.88639,
            29.07681
          ],
          [
            82.88639,
            29.07685
          ],
          [
            82.88637,
            29.07689
          ],
          [
            82.88633,
            29.07696
          ],
          [
            82.8863,
            29.07702
          ],
          [
            82.88626,
            29.07709
          ],
          [
            82.88626,
            29.07715
          ],
          [
            82.88629,
            29.07719
          ],
          [
            82.88632,
            29.07726
          ],
          [
            82.88629,
            29.0773
          ],
          [
            82.88626,
            29.07737
          ],
          [
            82.88625,
            29.07743
          ],
          [
            82.88624,
            29.07748
          ],
          [
            82.8862,
            29.07752
          ],
          [
            82.88621,
            29.07757
          ],
          [
            82.8862,
            29.07762
          ],
          [
            82.88619,
            29.07767
          ],
          [
            82.8862,
            29.07772
          ],
          [
            82.88618,
            29.07774
          ],
          [
            82.88617,
            29.07781
          ],
          [
            82.88615,
            29.07787
          ],
          [
            82.88614,
            29.07797
          ],
          [
            82.88615,
            29.07802
          ],
          [
            82.88618,
            29.07807
          ],
          [
            82.88622,
            29.07813
          ],
          [
            82.88628,
            29.07817
          ],
          [
            82.88631,
            29.07826
          ],
          [
            82.88634,
            29.07829
          ],
          [
            82.88636,
            29.07836
          ],
          [
            82.8863,
            29.07843
          ],
          [
            82.88627,
            29.07849
          ],
          [
            82.88626,
            29.07856
          ],
          [
            82.88619,
            29.07859
          ],
          [
            82.88615,
            29.07862
          ],
          [
            82.88612,
            29.07867
          ],
          [
            82.88607,
            29.07869
          ],
          [
            82.88602,
            29.07873
          ],
          [
            82.88602,
            29.07887
          ],
          [
            82.88603,
            29.07891
          ],
          [
            82.88599,
            29.07895
          ],
          [
            82.88598,
            29.07899
          ],
          [
            82.88595,
            29.07902
          ],
          [
            82.88591,
            29.07907
          ],
          [
            82.88593,
            29.07911
          ],
          [
            82.88595,
            29.07917
          ],
          [
            82.88597,
            29.07922
          ],
          [
            82.88594,
            29.07926
          ],
          [
            82.88594,
            29.07935
          ],
          [
            82.88593,
            29.07939
          ],
          [
            82.88597,
            29.0794
          ],
          [
            82.88597,
            29.0794
          ],
          [
            82.88593,
            29.07944
          ],
          [
            82.88594,
            29.07953
          ],
          [
            82.88594,
            29.0796
          ],
          [
            82.88588,
            29.07971
          ],
          [
            82.88581,
            29.0798
          ],
          [
            82.88576,
            29.07987
          ],
          [
            82.88566,
            29.07989
          ],
          [
            82.88553,
            29.07996
          ],
          [
            82.8855,
            29.08007
          ],
          [
            82.88546,
            29.0802
          ],
          [
            82.88551,
            29.08034
          ],
          [
            82.88567,
            29.08048
          ],
          [
            82.88579,
            29.0806
          ],
          [
            82.88591,
            29.08064
          ],
          [
            82.88599,
            29.08069
          ],
          [
            82.88601,
            29.08073
          ],
          [
            82.88609,
            29.08078
          ],
          [
            82.88624,
            29.08082
          ],
          [
            82.88631,
            29.0809
          ],
          [
            82.88646,
            29.08096
          ],
          [
            82.88659,
            29.08103
          ],
          [
            82.88662,
            29.08112
          ],
          [
            82.88664,
            29.08118
          ],
          [
            82.88671,
            29.08117
          ],
          [
            82.88674,
            29.08122
          ],
          [
            82.88672,
            29.08129
          ],
          [
            82.88677,
            29.08132
          ],
          [
            82.88675,
            29.08148
          ],
          [
            82.88669,
            29.08157
          ],
          [
            82.88662,
            29.08167
          ],
          [
            82.88651,
            29.08174
          ],
          [
            82.88652,
            29.08185
          ],
          [
            82.88643,
            29.08195
          ],
          [
            82.88647,
            29.08203
          ],
          [
            82.88644,
            29.08212
          ],
          [
            82.88644,
            29.08218
          ],
          [
            82.88639,
            29.08228
          ],
          [
            82.88636,
            29.0824
          ],
          [
            82.88639,
            29.08253
          ],
          [
            82.88631,
            29.08264
          ],
          [
            82.8863,
            29.08273
          ],
          [
            82.88626,
            29.08286
          ],
          [
            82.88618,
            29.08297
          ],
          [
            82.88616,
            29.08311
          ],
          [
            82.88613,
            29.08323
          ],
          [
            82.88615,
            29.0833
          ],
          [
            82.88609,
            29.08336
          ],
          [
            82.886,
            29.08349
          ],
          [
            82.88595,
            29.08362
          ],
          [
            82.88595,
            29.08372
          ],
          [
            82.88599,
            29.0838
          ],
          [
            82.88594,
            29.08389
          ],
          [
            82.88584,
            29.08394
          ],
          [
            82.88572,
            29.08399
          ],
          [
            82.88569,
            29.08407
          ],
          [
            82.88572,
            29.08418
          ],
          [
            82.88569,
            29.08426
          ],
          [
            82.88568,
            29.08434
          ],
          [
            82.88562,
            29.08445
          ],
          [
            82.88557,
            29.08452
          ],
          [
            82.88547,
            29.08454
          ],
          [
            82.88541,
            29.08456
          ],
          [
            82.88534,
            29.08464
          ],
          [
            82.88534,
            29.08472
          ],
          [
            82.88528,
            29.08481
          ],
          [
            82.88525,
            29.08492
          ],
          [
            82.88516,
            29.08508
          ],
          [
            82.88514,
            29.0852
          ],
          [
            82.88508,
            29.08534
          ],
          [
            82.88509,
            29.08546
          ],
          [
            82.88504,
            29.0856
          ],
          [
            82.88499,
            29.08569
          ],
          [
            82.88491,
            29.08575
          ],
          [
            82.8848,
            29.08584
          ],
          [
            82.88472,
            29.08592
          ],
          [
            82.88463,
            29.08608
          ],
          [
            82.88457,
            29.08622
          ],
          [
            82.88461,
            29.08632
          ],
          [
            82.8847,
            29.08646
          ],
          [
            82.88481,
            29.08656
          ],
          [
            82.8849,
            29.08664
          ],
          [
            82.885,
            29.08682
          ],
          [
            82.88504,
            29.08693
          ],
          [
            82.88503,
            29.08702
          ],
          [
            82.88502,
            29.08712
          ],
          [
            82.88517,
            29.08718
          ],
          [
            82.8852,
            29.08728
          ],
          [
            82.88511,
            29.08765
          ],
          [
            82.88512,
            29.0878
          ],
          [
            82.88502,
            29.08795
          ],
          [
            82.88476,
            29.08824
          ],
          [
            82.88453,
            29.08865
          ],
          [
            82.88404,
            29.08913
          ],
          [
            82.88387,
            29.08936
          ],
          [
            82.88329,
            29.08972
          ],
          [
            82.88281,
            29.08983
          ],
          [
            82.8825,
            29.08977
          ],
          [
            82.88236,
            29.08982
          ],
          [
            82.88221,
            29.08979
          ],
          [
            82.882,
            29.08985
          ],
          [
            82.88154,
            29.09011
          ],
          [
            82.88109,
            29.09023
          ],
          [
            82.88081,
            29.09014
          ],
          [
            82.88067,
            29.09017
          ],
          [
            82.87971,
            29.09063
          ],
          [
            82.87957,
            29.0907
          ],
          [
            82.87925,
            29.09096
          ],
          [
            82.87913,
            29.09096
          ],
          [
            82.87907,
            29.09121
          ],
          [
            82.87885,
            29.09164
          ],
          [
            82.87863,
            29.09183
          ],
          [
            82.87841,
            29.09195
          ],
          [
            82.87812,
            29.09221
          ],
          [
            82.87802,
            29.09225
          ],
          [
            82.87777,
            29.09254
          ],
          [
            82.87771,
            29.09268
          ],
          [
            82.87763,
            29.09273
          ],
          [
            82.87763,
            29.09278
          ],
          [
            82.87748,
            29.09288
          ],
          [
            82.87741,
            29.09303
          ],
          [
            82.87747,
            29.09333
          ],
          [
            82.87723,
            29.09356
          ],
          [
            82.87704,
            29.09368
          ],
          [
            82.8769,
            29.09387
          ],
          [
            82.87692,
            29.09398
          ],
          [
            82.87688,
            29.09405
          ],
          [
            82.87693,
            29.09407
          ],
          [
            82.87704,
            29.09398
          ],
          [
            82.87711,
            29.09399
          ],
          [
            82.87711,
            29.09404
          ],
          [
            82.87699,
            29.09424
          ],
          [
            82.8767,
            29.09447
          ],
          [
            82.87638,
            29.09495
          ],
          [
            82.8763,
            29.09529
          ],
          [
            82.87614,
            29.09562
          ],
          [
            82.87594,
            29.09583
          ],
          [
            82.876,
            29.09608
          ],
          [
            82.8757,
            29.09639
          ],
          [
            82.87538,
            29.0966
          ],
          [
            82.87491,
            29.09731
          ],
          [
            82.87488,
            29.09781
          ],
          [
            82.87475,
            29.09793
          ],
          [
            82.8744,
            29.09803
          ],
          [
            82.87401,
            29.09827
          ],
          [
            82.87374,
            29.09857
          ],
          [
            82.87347,
            29.09873
          ],
          [
            82.87342,
            29.09881
          ],
          [
            82.87342,
            29.09904
          ],
          [
            82.87354,
            29.09928
          ],
          [
            82.87362,
            29.09933
          ],
          [
            82.87369,
            29.0995
          ],
          [
            82.87387,
            29.09961
          ],
          [
            82.87393,
            29.09994
          ],
          [
            82.8739,
            29.10006
          ],
          [
            82.87396,
            29.10012
          ],
          [
            82.8741,
            29.10018
          ],
          [
            82.87412,
            29.10025
          ],
          [
            82.87432,
            29.10025
          ],
          [
            82.8744,
            29.10035
          ],
          [
            82.87445,
            29.10054
          ],
          [
            82.87446,
            29.1009
          ],
          [
            82.8746,
            29.10097
          ],
          [
            82.8747,
            29.10114
          ],
          [
            82.87468,
            29.10123
          ],
          [
            82.87458,
            29.10127
          ],
          [
            82.87439,
            29.10182
          ],
          [
            82.8746,
            29.10208
          ],
          [
            82.87465,
            29.10209
          ],
          [
            82.87466,
            29.10214
          ],
          [
            82.8747,
            29.10214
          ],
          [
            82.8747,
            29.10228
          ],
          [
            82.87479,
            29.10239
          ],
          [
            82.87482,
            29.10256
          ],
          [
            82.87487,
            29.10256
          ],
          [
            82.87487,
            29.10263
          ],
          [
            82.87509,
            29.103
          ],
          [
            82.87523,
            29.10314
          ],
          [
            82.87527,
            29.10309
          ],
          [
            82.87541,
            29.10324
          ],
          [
            82.87542,
            29.10347
          ],
          [
            82.87562,
            29.10369
          ],
          [
            82.87563,
            29.10377
          ],
          [
            82.87562,
            29.10397
          ],
          [
            82.87555,
            29.10412
          ],
          [
            82.87557,
            29.10421
          ],
          [
            82.87568,
            29.10434
          ],
          [
            82.87565,
            29.1045
          ],
          [
            82.87587,
            29.1048
          ],
          [
            82.87605,
            29.10524
          ],
          [
            82.87646,
            29.1058
          ],
          [
            82.8766,
            29.10581
          ],
          [
            82.87681,
            29.10604
          ],
          [
            82.8769,
            29.10613
          ],
          [
            82.87706,
            29.10654
          ],
          [
            82.87731,
            29.10665
          ],
          [
            82.87741,
            29.10675
          ],
          [
            82.87747,
            29.10688
          ],
          [
            82.87776,
            29.1072
          ],
          [
            82.87785,
            29.10734
          ],
          [
            82.87787,
            29.10752
          ],
          [
            82.87787,
            29.10765
          ],
          [
            82.87782,
            29.10771
          ],
          [
            82.87778,
            29.10791
          ],
          [
            82.87797,
            29.10841
          ],
          [
            82.87806,
            29.10855
          ],
          [
            82.87858,
            29.10878
          ],
          [
            82.87873,
            29.10889
          ],
          [
            82.87902,
            29.10935
          ],
          [
            82.87925,
            29.10953
          ],
          [
            82.8794,
            29.10973
          ],
          [
            82.87968,
            29.10996
          ],
          [
            82.87974,
            29.11029
          ],
          [
            82.88012,
            29.11073
          ],
          [
            82.88017,
            29.11086
          ],
          [
            82.88034,
            29.11102
          ],
          [
            82.88037,
            29.11112
          ],
          [
            82.8806,
            29.11126
          ],
          [
            82.88076,
            29.11143
          ],
          [
            82.88084,
            29.1116
          ],
          [
            82.88099,
            29.11164
          ],
          [
            82.88102,
            29.11171
          ],
          [
            82.88114,
            29.11166
          ],
          [
            82.88114,
            29.11166
          ],
          [
            82.88116,
            29.11173
          ],
          [
            82.88121,
            29.11174
          ],
          [
            82.88125,
            29.1118
          ],
          [
            82.8813,
            29.11183
          ],
          [
            82.88133,
            29.11186
          ],
          [
            82.88136,
            29.11191
          ],
          [
            82.88141,
            29.11194
          ],
          [
            82.88144,
            29.11198
          ],
          [
            82.8815,
            29.11201
          ],
          [
            82.88157,
            29.11202
          ],
          [
            82.88162,
            29.11206
          ],
          [
            82.88173,
            29.11209
          ],
          [
            82.88181,
            29.11208
          ],
          [
            82.88184,
            29.11208
          ],
          [
            82.8819,
            29.11209
          ],
          [
            82.88198,
            29.11212
          ],
          [
            82.88202,
            29.11218
          ],
          [
            82.88206,
            29.11221
          ],
          [
            82.8821,
            29.11224
          ],
          [
            82.88219,
            29.11228
          ],
          [
            82.88224,
            29.11234
          ],
          [
            82.88232,
            29.11238
          ],
          [
            82.88235,
            29.11244
          ],
          [
            82.88244,
            29.1125
          ],
          [
            82.8825,
            29.11251
          ],
          [
            82.88256,
            29.11253
          ],
          [
            82.88262,
            29.11258
          ],
          [
            82.88266,
            29.1126
          ],
          [
            82.8827,
            29.11263
          ],
          [
            82.88273,
            29.11268
          ],
          [
            82.88274,
            29.11271
          ],
          [
            82.88275,
            29.11274
          ],
          [
            82.8828,
            29.11275
          ],
          [
            82.88283,
            29.11279
          ],
          [
            82.88286,
            29.11278
          ],
          [
            82.88291,
            29.11283
          ],
          [
            82.88289,
            29.11287
          ],
          [
            82.88288,
            29.1129
          ],
          [
            82.88277,
            29.11307
          ],
          [
            82.88275,
            29.11313
          ],
          [
            82.88272,
            29.11321
          ],
          [
            82.88274,
            29.11327
          ],
          [
            82.88275,
            29.11333
          ],
          [
            82.88276,
            29.11336
          ],
          [
            82.88275,
            29.11341
          ],
          [
            82.88275,
            29.11344
          ],
          [
            82.88274,
            29.11349
          ],
          [
            82.88277,
            29.11346
          ],
          [
            82.8828,
            29.11343
          ],
          [
            82.88286,
            29.11339
          ],
          [
            82.88291,
            29.11333
          ],
          [
            82.88296,
            29.1133
          ],
          [
            82.88296,
            29.11336
          ],
          [
            82.88293,
            29.11345
          ],
          [
            82.8829,
            29.11353
          ],
          [
            82.88284,
            29.11362
          ],
          [
            82.88281,
            29.1137
          ],
          [
            82.88283,
            29.11377
          ],
          [
            82.88287,
            29.11383
          ],
          [
            82.88293,
            29.11387
          ],
          [
            82.88297,
            29.11388
          ],
          [
            82.88302,
            29.11397
          ],
          [
            82.88305,
            29.114
          ],
          [
            82.88308,
            29.11405
          ],
          [
            82.88309,
            29.1141
          ],
          [
            82.88308,
            29.11415
          ],
          [
            82.88306,
            29.11418
          ],
          [
            82.88306,
            29.11418
          ],
          [
            82.88309,
            29.11421
          ],
          [
            82.88315,
            29.11424
          ],
          [
            82.88319,
            29.11428
          ],
          [
            82.88325,
            29.11435
          ],
          [
            82.88329,
            29.11441
          ],
          [
            82.88334,
            29.1145
          ],
          [
            82.8834,
            29.11459
          ],
          [
            82.88342,
            29.11464
          ],
          [
            82.88342,
            29.11471
          ],
          [
            82.88347,
            29.11483
          ],
          [
            82.8835,
            29.11491
          ],
          [
            82.88356,
            29.11494
          ],
          [
            82.88359,
            29.11508
          ],
          [
            82.88367,
            29.11519
          ],
          [
            82.8837,
            29.11527
          ],
          [
            82.8838,
            29.11538
          ],
          [
            82.88395,
            29.11545
          ],
          [
            82.88409,
            29.11554
          ],
          [
            82.88426,
            29.11566
          ],
          [
            82.88434,
            29.11578
          ],
          [
            82.8845,
            29.11591
          ],
          [
            82.88462,
            29.11605
          ],
          [
            82.88475,
            29.11616
          ],
          [
            82.8848,
            29.11621
          ],
          [
            82.88483,
            29.11626
          ],
          [
            82.88485,
            29.11636
          ],
          [
            82.88491,
            29.11644
          ],
          [
            82.88496,
            29.11652
          ],
          [
            82.88507,
            29.11652
          ],
          [
            82.88507,
            29.11652
          ],
          [
            82.88524,
            29.11665
          ],
          [
            82.88534,
            29.11686
          ],
          [
            82.88573,
            29.11714
          ],
          [
            82.88597,
            29.11721
          ],
          [
            82.88615,
            29.11733
          ],
          [
            82.88632,
            29.11739
          ],
          [
            82.88648,
            29.11742
          ],
          [
            82.88659,
            29.11744
          ],
          [
            82.88666,
            29.11746
          ],
          [
            82.88673,
            29.11751
          ],
          [
            82.8868,
            29.11757
          ],
          [
            82.88678,
            29.1177
          ],
          [
            82.88676,
            29.11778
          ],
          [
            82.88681,
            29.11784
          ],
          [
            82.88685,
            29.11789
          ],
          [
            82.88684,
            29.11795
          ],
          [
            82.88685,
            29.11802
          ],
          [
            82.88691,
            29.11811
          ],
          [
            82.88698,
            29.11817
          ],
          [
            82.88705,
            29.11826
          ],
          [
            82.8871,
            29.1183
          ],
          [
            82.88716,
            29.11835
          ],
          [
            82.88717,
            29.11846
          ],
          [
            82.88721,
            29.11855
          ],
          [
            82.8873,
            29.11862
          ],
          [
            82.88736,
            29.11867
          ],
          [
            82.88743,
            29.11869
          ],
          [
            82.88753,
            29.11873
          ],
          [
            82.88769,
            29.11885
          ],
          [
            82.88779,
            29.11891
          ],
          [
            82.88796,
            29.11904
          ],
          [
            82.88803,
            29.1191
          ],
          [
            82.88815,
            29.11917
          ],
          [
            82.88831,
            29.11922
          ],
          [
            82.88851,
            29.11926
          ],
          [
            82.88866,
            29.11925
          ],
          [
            82.88888,
            29.11933
          ],
          [
            82.88909,
            29.11946
          ],
          [
            82.88924,
            29.11954
          ],
          [
            82.88934,
            29.11964
          ],
          [
            82.88954,
            29.11988
          ],
          [
            82.88977,
            29.12003
          ],
          [
            82.88989,
            29.12009
          ],
          [
            82.89012,
            29.12019
          ],
          [
            82.89026,
            29.12026
          ],
          [
            82.89034,
            29.12037
          ],
          [
            82.89056,
            29.12049
          ],
          [
            82.89063,
            29.12057
          ],
          [
            82.89072,
            29.12076
          ],
          [
            82.89081,
            29.12082
          ],
          [
            82.89088,
            29.12095
          ],
          [
            82.89096,
            29.12107
          ],
          [
            82.89103,
            29.12124
          ],
          [
            82.89117,
            29.12119
          ],
          [
            82.89133,
            29.1212
          ],
          [
            82.89143,
            29.12128
          ],
          [
            82.89152,
            29.12141
          ],
          [
            82.89165,
            29.12147
          ],
          [
            82.89179,
            29.12156
          ],
          [
            82.89193,
            29.12163
          ],
          [
            82.89205,
            29.12169
          ],
          [
            82.89223,
            29.12171
          ],
          [
            82.89241,
            29.12177
          ],
          [
            82.89259,
            29.12184
          ],
          [
            82.89279,
            29.12201
          ],
          [
            82.89296,
            29.12219
          ],
          [
            82.893,
            29.12232
          ],
          [
            82.89308,
            29.12248
          ],
          [
            82.89308,
            29.12261
          ],
          [
            82.89316,
            29.12267
          ],
          [
            82.89323,
            29.12275
          ],
          [
            82.89332,
            29.12294
          ],
          [
            82.89347,
            29.12304
          ],
          [
            82.89362,
            29.12313
          ],
          [
            82.89361,
            29.12326
          ],
          [
            82.89374,
            29.12341
          ],
          [
            82.89394,
            29.1236
          ],
          [
            82.89406,
            29.12363
          ],
          [
            82.89411,
            29.12371
          ],
          [
            82.89412,
            29.12373
          ],
          [
            82.89412,
            29.12376
          ],
          [
            82.89414,
            29.12383
          ],
          [
            82.89415,
            29.12388
          ],
          [
            82.89417,
            29.12394
          ],
          [
            82.89425,
            29.12399
          ],
          [
            82.89433,
            29.12409
          ],
          [
            82.89539,
            29.1251
          ],
          [
            82.89561,
            29.12528
          ],
          [
            82.89572,
            29.12541
          ],
          [
            82.89578,
            29.12552
          ],
          [
            82.89601,
            29.12566
          ],
          [
            82.89615,
            29.12578
          ],
          [
            82.89652,
            29.12605
          ],
          [
            82.89655,
            29.12612
          ],
          [
            82.89668,
            29.12628
          ],
          [
            82.89668,
            29.12631
          ],
          [
            82.89663,
            29.12652
          ],
          [
            82.89661,
            29.12671
          ],
          [
            82.89663,
            29.12674
          ],
          [
            82.89667,
            29.12673
          ],
          [
            82.89665,
            29.12679
          ],
          [
            82.89675,
            29.12702
          ],
          [
            82.89673,
            29.12709
          ],
          [
            82.89663,
            29.1272
          ],
          [
            82.89668,
            29.12733
          ],
          [
            82.89675,
            29.12742
          ],
          [
            82.89672,
            29.12748
          ],
          [
            82.8967,
            29.12748
          ],
          [
            82.89671,
            29.12751
          ],
          [
            82.89676,
            29.12759
          ],
          [
            82.89675,
            29.12763
          ],
          [
            82.89669,
            29.12767
          ],
          [
            82.89656,
            29.12768
          ],
          [
            82.89646,
            29.12779
          ],
          [
            82.89642,
            29.12787
          ],
          [
            82.89654,
            29.12807
          ],
          [
            82.89665,
            29.12816
          ],
          [
            82.89665,
            29.12823
          ],
          [
            82.89663,
            29.12837
          ],
          [
            82.89676,
            29.12856
          ],
          [
            82.89688,
            29.12862
          ],
          [
            82.89707,
            29.12877
          ],
          [
            82.89719,
            29.12901
          ],
          [
            82.89722,
            29.12927
          ],
          [
            82.8972,
            29.12942
          ],
          [
            82.89716,
            29.12955
          ],
          [
            82.8971,
            29.1298
          ],
          [
            82.89697,
            29.13008
          ],
          [
            82.89695,
            29.13013
          ],
          [
            82.89693,
            29.13038
          ],
          [
            82.89697,
            29.13059
          ],
          [
            82.89682,
            29.13105
          ],
          [
            82.89671,
            29.1312
          ],
          [
            82.89667,
            29.13138
          ],
          [
            82.89672,
            29.13148
          ],
          [
            82.89671,
            29.13153
          ],
          [
            82.89676,
            29.13183
          ],
          [
            82.89686,
            29.13203
          ],
          [
            82.89705,
            29.13228
          ],
          [
            82.89718,
            29.1325
          ],
          [
            82.89725,
            29.1327
          ],
          [
            82.89727,
            29.13283
          ],
          [
            82.89728,
            29.13287
          ],
          [
            82.89738,
            29.13295
          ],
          [
            82.89745,
            29.13305
          ],
          [
            82.89747,
            29.13307
          ],
          [
            82.89747,
            29.13326
          ],
          [
            82.89748,
            29.13341
          ],
          [
            82.89752,
            29.13356
          ],
          [
            82.89766,
            29.13372
          ],
          [
            82.89774,
            29.13382
          ],
          [
            82.89794,
            29.134
          ],
          [
            82.89812,
            29.13413
          ],
          [
            82.89828,
            29.13428
          ],
          [
            82.89839,
            29.13441
          ],
          [
            82.89853,
            29.13465
          ],
          [
            82.89857,
            29.13472
          ],
          [
            82.89861,
            29.13492
          ],
          [
            82.89865,
            29.13507
          ],
          [
            82.89867,
            29.13511
          ],
          [
            82.89891,
            29.1353
          ],
          [
            82.899,
            29.13538
          ],
          [
            82.89915,
            29.13551
          ],
          [
            82.89921,
            29.13559
          ],
          [
            82.89937,
            29.13568
          ],
          [
            82.89955,
            29.13578
          ],
          [
            82.89978,
            29.13596
          ],
          [
            82.89999,
            29.13618
          ],
          [
            82.90015,
            29.13639
          ],
          [
            82.90041,
            29.13669
          ],
          [
            82.9005,
            29.13679
          ],
          [
            82.90062,
            29.13695
          ],
          [
            82.90067,
            29.13701
          ],
          [
            82.9008,
            29.13721
          ],
          [
            82.90105,
            29.13743
          ],
          [
            82.90114,
            29.13762
          ],
          [
            82.90129,
            29.1377
          ],
          [
            82.9014,
            29.13771
          ],
          [
            82.90195,
            29.13812
          ],
          [
            82.90232,
            29.13837
          ],
          [
            82.90235,
            29.13838
          ],
          [
            82.90259,
            29.13841
          ],
          [
            82.90288,
            29.13854
          ],
          [
            82.90306,
            29.1386
          ],
          [
            82.90328,
            29.13875
          ],
          [
            82.90345,
            29.13894
          ],
          [
            82.90353,
            29.13898
          ],
          [
            82.90356,
            29.13904
          ],
          [
            82.90367,
            29.1391
          ],
          [
            82.90377,
            29.13913
          ],
          [
            82.90398,
            29.13924
          ],
          [
            82.90407,
            29.13925
          ],
          [
            82.90461,
            29.13961
          ],
          [
            82.90473,
            29.13963
          ],
          [
            82.90484,
            29.13975
          ],
          [
            82.90492,
            29.13977
          ],
          [
            82.90494,
            29.13983
          ],
          [
            82.90512,
            29.1399
          ],
          [
            82.90536,
            29.14001
          ],
          [
            82.90565,
            29.14011
          ],
          [
            82.90584,
            29.14015
          ],
          [
            82.906,
            29.14018
          ],
          [
            82.90617,
            29.14018
          ],
          [
            82.90627,
            29.14021
          ],
          [
            82.90638,
            29.14022
          ],
          [
            82.90665,
            29.14035
          ],
          [
            82.90678,
            29.1404
          ],
          [
            82.90687,
            29.14046
          ],
          [
            82.90713,
            29.14055
          ],
          [
            82.90724,
            29.14055
          ],
          [
            82.90736,
            29.14058
          ],
          [
            82.9076,
            29.1407
          ],
          [
            82.90771,
            29.14076
          ],
          [
            82.90785,
            29.14078
          ],
          [
            82.90808,
            29.14088
          ],
          [
            82.90827,
            29.14092
          ],
          [
            82.90846,
            29.14095
          ],
          [
            82.90857,
            29.14098
          ],
          [
            82.90867,
            29.14106
          ],
          [
            82.90878,
            29.14108
          ],
          [
            82.90901,
            29.14117
          ],
          [
            82.90923,
            29.14122
          ],
          [
            82.90933,
            29.14124
          ],
          [
            82.90942,
            29.14123
          ],
          [
            82.90955,
            29.14126
          ],
          [
            82.90967,
            29.14131
          ],
          [
            82.91007,
            29.1414
          ],
          [
            82.91067,
            29.14157
          ],
          [
            82.91075,
            29.14148
          ],
          [
            82.91081,
            29.14144
          ],
          [
            82.91083,
            29.14144
          ],
          [
            82.91089,
            29.14149
          ],
          [
            82.91091,
            29.14153
          ],
          [
            82.91092,
            29.14163
          ],
          [
            82.91091,
            29.14178
          ],
          [
            82.91094,
            29.14189
          ],
          [
            82.91098,
            29.14195
          ],
          [
            82.91107,
            29.14208
          ],
          [
            82.91158,
            29.14258
          ],
          [
            82.91165,
            29.14257
          ],
          [
            82.91172,
            29.14263
          ],
          [
            82.91175,
            29.14267
          ],
          [
            82.91176,
            29.14275
          ],
          [
            82.9118,
            29.14284
          ],
          [
            82.91186,
            29.14295
          ],
          [
            82.91194,
            29.14302
          ],
          [
            82.91199,
            29.14314
          ],
          [
            82.91205,
            29.14321
          ],
          [
            82.91212,
            29.14324
          ],
          [
            82.91222,
            29.14324
          ],
          [
            82.91238,
            29.14327
          ],
          [
            82.91247,
            29.14326
          ],
          [
            82.91264,
            29.14326
          ],
          [
            82.91275,
            29.14329
          ],
          [
            82.91286,
            29.14333
          ],
          [
            82.91296,
            29.14334
          ],
          [
            82.91306,
            29.14339
          ],
          [
            82.9132,
            29.14342
          ],
          [
            82.91331,
            29.14347
          ],
          [
            82.91339,
            29.14351
          ],
          [
            82.9135,
            29.14351
          ],
          [
            82.91363,
            29.14355
          ],
          [
            82.91369,
            29.14358
          ],
          [
            82.91379,
            29.14359
          ],
          [
            82.91394,
            29.14362
          ],
          [
            82.91407,
            29.14364
          ],
          [
            82.91418,
            29.14366
          ],
          [
            82.91427,
            29.14371
          ],
          [
            82.91433,
            29.14374
          ],
          [
            82.9144,
            29.14378
          ],
          [
            82.91454,
            29.14384
          ],
          [
            82.9146,
            29.14387
          ],
          [
            82.91469,
            29.14393
          ],
          [
            82.9148,
            29.14396
          ],
          [
            82.91495,
            29.14405
          ],
          [
            82.91505,
            29.14409
          ],
          [
            82.91514,
            29.14415
          ],
          [
            82.91521,
            29.14421
          ],
          [
            82.91535,
            29.14427
          ],
          [
            82.91542,
            29.14432
          ],
          [
            82.91545,
            29.14435
          ],
          [
            82.91551,
            29.14438
          ],
          [
            82.9156,
            29.14445
          ],
          [
            82.91563,
            29.14448
          ],
          [
            82.91572,
            29.14454
          ],
          [
            82.91579,
            29.14459
          ],
          [
            82.91587,
            29.14462
          ],
          [
            82.91598,
            29.1447
          ],
          [
            82.91605,
            29.14473
          ],
          [
            82.91616,
            29.1448
          ],
          [
            82.91632,
            29.14485
          ],
          [
            82.9165,
            29.1449
          ],
          [
            82.91654,
            29.14494
          ],
          [
            82.91657,
            29.14495
          ],
          [
            82.91658,
            29.14487
          ],
          [
            82.91663,
            29.14485
          ],
          [
            82.91668,
            29.14484
          ],
          [
            82.9167,
            29.14487
          ],
          [
            82.91673,
            29.14495
          ],
          [
            82.91678,
            29.14499
          ],
          [
            82.91689,
            29.14506
          ],
          [
            82.91697,
            29.14508
          ],
          [
            82.91706,
            29.14512
          ],
          [
            82.91714,
            29.14516
          ],
          [
            82.9172,
            29.14516
          ],
          [
            82.91727,
            29.14518
          ],
          [
            82.91734,
            29.1452
          ],
          [
            82.91744,
            29.14523
          ],
          [
            82.91763,
            29.14525
          ],
          [
            82.91772,
            29.14529
          ],
          [
            82.91788,
            29.14531
          ],
          [
            82.91802,
            29.14533
          ],
          [
            82.91807,
            29.14538
          ],
          [
            82.91812,
            29.14538
          ],
          [
            82.91822,
            29.14543
          ],
          [
            82.91835,
            29.14548
          ],
          [
            82.9184,
            29.1455
          ],
          [
            82.91844,
            29.14555
          ],
          [
            82.91851,
            29.1456
          ],
          [
            82.91862,
            29.14573
          ],
          [
            82.91871,
            29.14575
          ],
          [
            82.91879,
            29.14581
          ],
          [
            82.91883,
            29.14586
          ],
          [
            82.91891,
            29.14592
          ],
          [
            82.91895,
            29.14597
          ],
          [
            82.91902,
            29.14603
          ],
          [
            82.91909,
            29.14605
          ],
          [
            82.91915,
            29.14609
          ],
          [
            82.9192,
            29.14608
          ],
          [
            82.91925,
            29.14612
          ],
          [
            82.91933,
            29.14612
          ],
          [
            82.91941,
            29.14617
          ],
          [
            82.91951,
            29.14619
          ],
          [
            82.91958,
            29.14621
          ],
          [
            82.91961,
            29.14624
          ],
          [
            82.91968,
            29.14628
          ],
          [
            82.91979,
            29.14628
          ],
          [
            82.9199,
            29.14629
          ],
          [
            82.91997,
            29.14631
          ],
          [
            82.92002,
            29.14631
          ],
          [
            82.92009,
            29.14634
          ],
          [
            82.92022,
            29.14638
          ],
          [
            82.92031,
            29.14639
          ],
          [
            82.92041,
            29.14641
          ],
          [
            82.92048,
            29.14644
          ],
          [
            82.92056,
            29.14644
          ],
          [
            82.92057,
            29.14648
          ],
          [
            82.92067,
            29.14652
          ],
          [
            82.92078,
            29.14657
          ],
          [
            82.92091,
            29.14664
          ],
          [
            82.92095,
            29.14664
          ],
          [
            82.921,
            29.14662
          ],
          [
            82.92107,
            29.14663
          ],
          [
            82.92109,
            29.14666
          ],
          [
            82.92113,
            29.14668
          ],
          [
            82.92126,
            29.1467
          ],
          [
            82.92135,
            29.14673
          ],
          [
            82.92143,
            29.14673
          ],
          [
            82.92156,
            29.14678
          ],
          [
            82.92162,
            29.14682
          ],
          [
            82.92171,
            29.14682
          ],
          [
            82.92178,
            29.14682
          ],
          [
            82.92187,
            29.1468
          ],
          [
            82.92192,
            29.14682
          ],
          [
            82.92196,
            29.14684
          ],
          [
            82.92199,
            29.14687
          ],
          [
            82.92204,
            29.1469
          ],
          [
            82.92209,
            29.14698
          ],
          [
            82.92217,
            29.14703
          ],
          [
            82.92221,
            29.14708
          ],
          [
            82.92229,
            29.14712
          ],
          [
            82.92234,
            29.14717
          ],
          [
            82.92245,
            29.1472
          ],
          [
            82.92254,
            29.14725
          ],
          [
            82.9226,
            29.14731
          ],
          [
            82.92264,
            29.14735
          ],
          [
            82.92266,
            29.1474
          ],
          [
            82.92272,
            29.14744
          ],
          [
            82.92276,
            29.14746
          ],
          [
            82.92282,
            29.14747
          ],
          [
            82.92289,
            29.14746
          ],
          [
            82.92296,
            29.14744
          ],
          [
            82.92304,
            29.14742
          ],
          [
            82.92308,
            29.1474
          ],
          [
            82.92315,
            29.14742
          ],
          [
            82.92318,
            29.14746
          ],
          [
            82.92323,
            29.14749
          ],
          [
            82.92323,
            29.14757
          ],
          [
            82.92337,
            29.14761
          ],
          [
            82.92349,
            29.14765
          ],
          [
            82.92357,
            29.14768
          ],
          [
            82.9237,
            29.14771
          ],
          [
            82.92378,
            29.14773
          ],
          [
            82.92382,
            29.14774
          ],
          [
            82.92391,
            29.14779
          ],
          [
            82.92401,
            29.14785
          ],
          [
            82.92415,
            29.14796
          ],
          [
            82.92427,
            29.148
          ],
          [
            82.92434,
            29.14804
          ],
          [
            82.92454,
            29.14813
          ],
          [
            82.92468,
            29.14816
          ],
          [
            82.92483,
            29.1482
          ],
          [
            82.92491,
            29.14824
          ],
          [
            82.92513,
            29.14837
          ],
          [
            82.92522,
            29.14838
          ],
          [
            82.92529,
            29.14842
          ],
          [
            82.92545,
            29.14854
          ],
          [
            82.92554,
            29.14859
          ],
          [
            82.92558,
            29.14865
          ],
          [
            82.92563,
            29.14874
          ],
          [
            82.92572,
            29.14879
          ],
          [
            82.92576,
            29.14885
          ],
          [
            82.92578,
            29.1489
          ],
          [
            82.92583,
            29.14895
          ],
          [
            82.92587,
            29.14896
          ],
          [
            82.92591,
            29.14899
          ],
          [
            82.92597,
            29.14904
          ],
          [
            82.92603,
            29.14907
          ],
          [
            82.92607,
            29.14912
          ],
          [
            82.92617,
            29.14918
          ],
          [
            82.92619,
            29.14921
          ],
          [
            82.92623,
            29.14924
          ],
          [
            82.92625,
            29.14931
          ],
          [
            82.92628,
            29.14936
          ],
          [
            82.92633,
            29.14942
          ],
          [
            82.92638,
            29.14947
          ],
          [
            82.92643,
            29.14957
          ],
          [
            82.92644,
            29.14964
          ],
          [
            82.92647,
            29.14969
          ],
          [
            82.92654,
            29.14974
          ],
          [
            82.92656,
            29.14978
          ],
          [
            82.92661,
            29.14981
          ],
          [
            82.92662,
            29.14989
          ],
          [
            82.92666,
            29.14994
          ],
          [
            82.92666,
            29.14998
          ],
          [
            82.92666,
            29.15004
          ],
          [
            82.92673,
            29.15008
          ],
          [
            82.92679,
            29.15013
          ],
          [
            82.92679,
            29.15018
          ],
          [
            82.92679,
            29.15024
          ],
          [
            82.92684,
            29.15026
          ],
          [
            82.92686,
            29.1503
          ],
          [
            82.92692,
            29.15034
          ],
          [
            82.9269,
            29.15037
          ],
          [
            82.92686,
            29.15041
          ],
          [
            82.92683,
            29.15045
          ],
          [
            82.92686,
            29.15048
          ],
          [
            82.92686,
            29.15052
          ],
          [
            82.92688,
            29.15056
          ],
          [
            82.92695,
            29.15058
          ],
          [
            82.92694,
            29.1506
          ],
          [
            82.9269,
            29.15063
          ],
          [
            82.92697,
            29.15067
          ],
          [
            82.92693,
            29.15069
          ],
          [
            82.92697,
            29.15072
          ],
          [
            82.92691,
            29.15076
          ],
          [
            82.92694,
            29.1508
          ],
          [
            82.927,
            29.15081
          ],
          [
            82.92705,
            29.15084
          ],
          [
            82.92703,
            29.15086
          ],
          [
            82.92701,
            29.1509
          ],
          [
            82.92699,
            29.15092
          ],
          [
            82.92699,
            29.15093
          ],
          [
            82.92697,
            29.15096
          ],
          [
            82.92699,
            29.15097
          ],
          [
            82.92713,
            29.15095
          ],
          [
            82.92717,
            29.15095
          ],
          [
            82.92721,
            29.15096
          ],
          [
            82.92731,
            29.15093
          ],
          [
            82.92736,
            29.1509
          ],
          [
            82.92733,
            29.15096
          ],
          [
            82.92733,
            29.15097
          ],
          [
            82.92735,
            29.151
          ],
          [
            82.92735,
            29.151
          ],
          [
            82.92739,
            29.151
          ],
          [
            82.92742,
            29.15098
          ],
          [
            82.92749,
            29.15093
          ],
          [
            82.92751,
            29.15089
          ],
          [
            82.92756,
            29.15085
          ],
          [
            82.92759,
            29.15083
          ],
          [
            82.9276,
            29.15084
          ],
          [
            82.92761,
            29.15089
          ],
          [
            82.9276,
            29.15095
          ],
          [
            82.92757,
            29.151
          ],
          [
            82.92751,
            29.15108
          ],
          [
            82.92754,
            29.15107
          ],
          [
            82.92754,
            29.1511
          ],
          [
            82.92751,
            29.15111
          ],
          [
            82.92749,
            29.15115
          ],
          [
            82.92746,
            29.1512
          ],
          [
            82.92746,
            29.15122
          ],
          [
            82.92747,
            29.15124
          ],
          [
            82.92749,
            29.15128
          ],
          [
            82.92749,
            29.15131
          ],
          [
            82.92754,
            29.15133
          ],
          [
            82.92758,
            29.15133
          ],
          [
            82.92759,
            29.15135
          ],
          [
            82.92757,
            29.15142
          ],
          [
            82.92756,
            29.15148
          ],
          [
            82.92758,
            29.15154
          ],
          [
            82.9276,
            29.15156
          ],
          [
            82.92761,
            29.15159
          ],
          [
            82.92762,
            29.15163
          ],
          [
            82.92763,
            29.15166
          ],
          [
            82.92763,
            29.15168
          ],
          [
            82.92761,
            29.15171
          ],
          [
            82.92759,
            29.15175
          ],
          [
            82.92756,
            29.15179
          ],
          [
            82.92751,
            29.15185
          ],
          [
            82.92748,
            29.15191
          ],
          [
            82.92747,
            29.15193
          ],
          [
            82.92747,
            29.15195
          ],
          [
            82.92754,
            29.15216
          ],
          [
            82.92759,
            29.15226
          ],
          [
            82.92765,
            29.15234
          ],
          [
            82.92768,
            29.15237
          ],
          [
            82.92772,
            29.15241
          ],
          [
            82.9277,
            29.15242
          ],
          [
            82.92769,
            29.15242
          ],
          [
            82.92768,
            29.15244
          ],
          [
            82.9277,
            29.15246
          ],
          [
            82.92768,
            29.15246
          ],
          [
            82.92767,
            29.15247
          ],
          [
            82.92768,
            29.15249
          ],
          [
            82.92768,
            29.1525
          ],
          [
            82.92766,
            29.15252
          ],
          [
            82.92771,
            29.15255
          ],
          [
            82.9277,
            29.15258
          ],
          [
            82.92766,
            29.15261
          ],
          [
            82.9277,
            29.15265
          ],
          [
            82.92764,
            29.15267
          ],
          [
            82.92763,
            29.1527
          ],
          [
            82.92766,
            29.15273
          ],
          [
            82.92771,
            29.15274
          ],
          [
            82.92767,
            29.1528
          ],
          [
            82.92771,
            29.15286
          ],
          [
            82.9277,
            29.1529
          ],
          [
            82.92773,
            29.15295
          ],
          [
            82.92776,
            29.15301
          ],
          [
            82.92776,
            29.15305
          ],
          [
            82.92775,
            29.15307
          ],
          [
            82.92772,
            29.15311
          ],
          [
            82.92773,
            29.15318
          ],
          [
            82.92775,
            29.15326
          ],
          [
            82.92778,
            29.15336
          ],
          [
            82.92776,
            29.15341
          ],
          [
            82.92774,
            29.1535
          ],
          [
            82.92774,
            29.15358
          ],
          [
            82.92772,
            29.15362
          ],
          [
            82.92772,
            29.15368
          ],
          [
            82.92765,
            29.15375
          ],
          [
            82.92763,
            29.15382
          ],
          [
            82.92765,
            29.15388
          ],
          [
            82.92762,
            29.15392
          ],
          [
            82.92758,
            29.1539
          ],
          [
            82.92756,
            29.15387
          ],
          [
            82.92754,
            29.15393
          ],
          [
            82.9275,
            29.15397
          ],
          [
            82.92753,
            29.15399
          ],
          [
            82.92752,
            29.15403
          ],
          [
            82.92753,
            29.15406
          ],
          [
            82.92754,
            29.15409
          ],
          [
            82.92754,
            29.15412
          ],
          [
            82.92749,
            29.15411
          ],
          [
            82.92746,
            29.15408
          ],
          [
            82.92746,
            29.15406
          ],
          [
            82.92745,
            29.15402
          ],
          [
            82.92743,
            29.15402
          ],
          [
            82.92743,
            29.15408
          ],
          [
            82.92744,
            29.1541
          ],
          [
            82.92743,
            29.15413
          ],
          [
            82.92744,
            29.15415
          ],
          [
            82.92741,
            29.15416
          ],
          [
            82.92738,
            29.15415
          ],
          [
            82.92738,
            29.15412
          ],
          [
            82.92735,
            29.15411
          ],
          [
            82.92734,
            29.15412
          ],
          [
            82.92731,
            29.15413
          ],
          [
            82.92728,
            29.15411
          ],
          [
            82.92727,
            29.15409
          ],
          [
            82.92727,
            29.15407
          ],
          [
            82.92727,
            29.15405
          ],
          [
            82.92723,
            29.15404
          ],
          [
            82.92722,
            29.15408
          ],
          [
            82.92718,
            29.15407
          ],
          [
            82.92717,
            29.15408
          ],
          [
            82.92717,
            29.15413
          ],
          [
            82.92715,
            29.15416
          ],
          [
            82.92716,
            29.1542
          ],
          [
            82.92719,
            29.15423
          ],
          [
            82.92717,
            29.15424
          ],
          [
            82.92724,
            29.15426
          ],
          [
            82.92723,
            29.1543
          ],
          [
            82.92725,
            29.15432
          ],
          [
            82.92723,
            29.15434
          ],
          [
            82.92719,
            29.15433
          ],
          [
            82.92718,
            29.15435
          ],
          [
            82.9272,
            29.1544
          ],
          [
            82.92722,
            29.15443
          ],
          [
            82.92721,
            29.15446
          ],
          [
            82.92718,
            29.15447
          ],
          [
            82.92718,
            29.15451
          ],
          [
            82.92719,
            29.15454
          ],
          [
            82.9272,
            29.15458
          ],
          [
            82.9272,
            29.15461
          ],
          [
            82.92716,
            29.1546
          ],
          [
            82.92716,
            29.15462
          ],
          [
            82.92719,
            29.15463
          ],
          [
            82.92719,
            29.15466
          ],
          [
            82.9272,
            29.15469
          ],
          [
            82.92723,
            29.15473
          ],
          [
            82.92726,
            29.15473
          ],
          [
            82.92728,
            29.15479
          ],
          [
            82.92725,
            29.1548
          ],
          [
            82.92719,
            29.15476
          ],
          [
            82.92717,
            29.15479
          ],
          [
            82.92714,
            29.1548
          ],
          [
            82.92711,
            29.15481
          ],
          [
            82.92705,
            29.15479
          ],
          [
            82.927,
            29.1548
          ],
          [
            82.92696,
            29.15478
          ],
          [
            82.92695,
            29.15476
          ],
          [
            82.92692,
            29.15473
          ],
          [
            82.92692,
            29.1547
          ],
          [
            82.92688,
            29.15469
          ],
          [
            82.92686,
            29.15469
          ],
          [
            82.92684,
            29.15471
          ],
          [
            82.92681,
            29.1547
          ],
          [
            82.92678,
            29.15467
          ],
          [
            82.92675,
            29.15467
          ],
          [
            82.92672,
            29.15467
          ],
          [
            82.92671,
            29.15469
          ],
          [
            82.92671,
            29.15472
          ],
          [
            82.92672,
            29.15475
          ],
          [
            82.92675,
            29.15478
          ],
          [
            82.92678,
            29.1548
          ],
          [
            82.92679,
            29.15483
          ],
          [
            82.92681,
            29.15489
          ],
          [
            82.92683,
            29.15495
          ],
          [
            82.92686,
            29.15498
          ],
          [
            82.92689,
            29.15501
          ],
          [
            82.92689,
            29.15502
          ],
          [
            82.92687,
            29.15503
          ],
          [
            82.92684,
            29.15503
          ],
          [
            82.92682,
            29.15504
          ],
          [
            82.92678,
            29.15504
          ],
          [
            82.92678,
            29.15505
          ],
          [
            82.9268,
            29.15506
          ],
          [
            82.9268,
            29.15509
          ],
          [
            82.92682,
            29.1551
          ],
          [
            82.92684,
            29.15511
          ],
          [
            82.92686,
            29.15513
          ],
          [
            82.92688,
            29.15515
          ],
          [
            82.92691,
            29.15516
          ],
          [
            82.92693,
            29.15517
          ],
          [
            82.92692,
            29.15518
          ],
          [
            82.9269,
            29.15518
          ],
          [
            82.92689,
            29.15519
          ],
          [
            82.92689,
            29.15521
          ],
          [
            82.92691,
            29.15522
          ],
          [
            82.92692,
            29.15524
          ],
          [
            82.92691,
            29.15526
          ],
          [
            82.92692,
            29.15527
          ],
          [
            82.9269,
            29.15529
          ],
          [
            82.92687,
            29.15528
          ],
          [
            82.92686,
            29.15528
          ],
          [
            82.92684,
            29.15529
          ],
          [
            82.92685,
            29.15533
          ],
          [
            82.92686,
            29.15536
          ],
          [
            82.92685,
            29.15538
          ],
          [
            82.9269,
            29.1554
          ],
          [
            82.92694,
            29.1554
          ],
          [
            82.92697,
            29.15539
          ],
          [
            82.92702,
            29.1554
          ],
          [
            82.92707,
            29.1554
          ],
          [
            82.92708,
            29.15541
          ],
          [
            82.92707,
            29.15544
          ],
          [
            82.92706,
            29.15547
          ],
          [
            82.92706,
            29.15552
          ],
          [
            82.92707,
            29.15557
          ],
          [
            82.92709,
            29.15561
          ],
          [
            82.92713,
            29.15566
          ],
          [
            82.92716,
            29.1557
          ],
          [
            82.92717,
            29.15574
          ],
          [
            82.92717,
            29.15578
          ],
          [
            82.92718,
            29.15583
          ],
          [
            82.92719,
            29.15592
          ],
          [
            82.92718,
            29.15591
          ],
          [
            82.92715,
            29.15586
          ],
          [
            82.92712,
            29.15584
          ],
          [
            82.92709,
            29.15582
          ],
          [
            82.92708,
            29.15579
          ],
          [
            82.92707,
            29.15576
          ],
          [
            82.92705,
            29.15575
          ],
          [
            82.92703,
            29.15579
          ],
          [
            82.92703,
            29.15583
          ],
          [
            82.92705,
            29.15587
          ],
          [
            82.92703,
            29.15588
          ],
          [
            82.92699,
            29.15588
          ],
          [
            82.92695,
            29.15588
          ],
          [
            82.92693,
            29.1559
          ],
          [
            82.92692,
            29.15593
          ],
          [
            82.92692,
            29.15595
          ],
          [
            82.92689,
            29.15598
          ],
          [
            82.9269,
            29.156
          ],
          [
            82.92691,
            29.15603
          ],
          [
            82.92688,
            29.15605
          ],
          [
            82.92687,
            29.15607
          ],
          [
            82.92688,
            29.1561
          ],
          [
            82.92692,
            29.15612
          ],
          [
            82.92695,
            29.15615
          ],
          [
            82.92697,
            29.15619
          ],
          [
            82.92696,
            29.15621
          ],
          [
            82.92693,
            29.15623
          ],
          [
            82.92688,
            29.15625
          ],
          [
            82.92685,
            29.15626
          ],
          [
            82.92683,
            29.15625
          ],
          [
            82.9268,
            29.15621
          ],
          [
            82.92678,
            29.1562
          ],
          [
            82.92677,
            29.15622
          ],
          [
            82.92676,
            29.15623
          ],
          [
            82.92674,
            29.15623
          ],
          [
            82.92671,
            29.15622
          ],
          [
            82.92669,
            29.1562
          ],
          [
            82.92671,
            29.15618
          ],
          [
            82.92672,
            29.15615
          ],
          [
            82.9267,
            29.15615
          ],
          [
            82.92667,
            29.15614
          ],
          [
            82.92666,
            29.15618
          ],
          [
            82.92661,
            29.15619
          ],
          [
            82.92659,
            29.15621
          ],
          [
            82.92659,
            29.15623
          ],
          [
            82.92659,
            29.15627
          ],
          [
            82.92656,
            29.15628
          ],
          [
            82.92655,
            29.15633
          ],
          [
            82.92651,
            29.15632
          ],
          [
            82.92648,
            29.15631
          ],
          [
            82.92646,
            29.15634
          ],
          [
            82.92647,
            29.15638
          ],
          [
            82.92652,
            29.15641
          ],
          [
            82.92649,
            29.15645
          ],
          [
            82.92648,
            29.15649
          ],
          [
            82.92653,
            29.15653
          ],
          [
            82.92651,
            29.15655
          ],
          [
            82.92648,
            29.15655
          ],
          [
            82.92646,
            29.15661
          ],
          [
            82.92647,
            29.15664
          ],
          [
            82.9265,
            29.15666
          ],
          [
            82.92648,
            29.1567
          ],
          [
            82.9265,
            29.15674
          ],
          [
            82.92646,
            29.15675
          ],
          [
            82.92649,
            29.15682
          ],
          [
            82.92653,
            29.15683
          ],
          [
            82.92654,
            29.15685
          ],
          [
            82.92659,
            29.15686
          ],
          [
            82.92663,
            29.15686
          ],
          [
            82.92665,
            29.15686
          ],
          [
            82.92665,
            29.15688
          ],
          [
            82.9266,
            29.1569
          ],
          [
            82.92659,
            29.15692
          ],
          [
            82.92655,
            29.15693
          ],
          [
            82.92646,
            29.15693
          ],
          [
            82.92648,
            29.15698
          ],
          [
            82.92656,
            29.15702
          ],
          [
            82.92662,
            29.15705
          ],
          [
            82.92661,
            29.15708
          ],
          [
            82.9266,
            29.1571
          ],
          [
            82.9266,
            29.15713
          ],
          [
            82.92662,
            29.15715
          ],
          [
            82.92666,
            29.15716
          ],
          [
            82.92663,
            29.15718
          ],
          [
            82.92655,
            29.15718
          ],
          [
            82.92651,
            29.15717
          ],
          [
            82.92644,
            29.15719
          ],
          [
            82.9264,
            29.15719
          ],
          [
            82.92637,
            29.15719
          ],
          [
            82.92634,
            29.15716
          ],
          [
            82.92631,
            29.15716
          ],
          [
            82.92631,
            29.15719
          ],
          [
            82.9263,
            29.15722
          ],
          [
            82.92622,
            29.15723
          ],
          [
            82.92616,
            29.15718
          ],
          [
            82.92614,
            29.15712
          ],
          [
            82.92609,
            29.15711
          ],
          [
            82.92605,
            29.1572
          ],
          [
            82.92609,
            29.1573
          ],
          [
            82.92616,
            29.1574
          ],
          [
            82.92612,
            29.15744
          ],
          [
            82.92608,
            29.15749
          ],
          [
            82.92602,
            29.15756
          ],
          [
            82.92602,
            29.15763
          ],
          [
            82.92604,
            29.15775
          ],
          [
            82.92611,
            29.15787
          ],
          [
            82.92612,
            29.15793
          ],
          [
            82.92612,
            29.15808
          ],
          [
            82.92615,
            29.15819
          ],
          [
            82.9262,
            29.15828
          ],
          [
            82.92619,
            29.15839
          ],
          [
            82.92618,
            29.15847
          ],
          [
            82.92614,
            29.15853
          ],
          [
            82.92617,
            29.15858
          ],
          [
            82.92619,
            29.15868
          ],
          [
            82.92628,
            29.15877
          ],
          [
            82.92629,
            29.15884
          ],
          [
            82.92629,
            29.15892
          ],
          [
            82.92625,
            29.15902
          ],
          [
            82.92619,
            29.1591
          ],
          [
            82.92616,
            29.15918
          ],
          [
            82.92614,
            29.15929
          ],
          [
            82.92612,
            29.15936
          ],
          [
            82.92608,
            29.15953
          ],
          [
            82.92604,
            29.15962
          ],
          [
            82.92598,
            29.15967
          ],
          [
            82.92594,
            29.15975
          ],
          [
            82.92584,
            29.15984
          ],
          [
            82.92573,
            29.16001
          ],
          [
            82.92564,
            29.16009
          ],
          [
            82.92557,
            29.16017
          ],
          [
            82.92549,
            29.16027
          ],
          [
            82.92541,
            29.16039
          ],
          [
            82.92538,
            29.16053
          ],
          [
            82.92534,
            29.16067
          ],
          [
            82.92539,
            29.16075
          ],
          [
            82.92544,
            29.1608
          ],
          [
            82.92541,
            29.16083
          ],
          [
            82.92543,
            29.16087
          ],
          [
            82.9254,
            29.16089
          ],
          [
            82.92541,
            29.16096
          ],
          [
            82.92529,
            29.16112
          ],
          [
            82.92524,
            29.16121
          ],
          [
            82.92528,
            29.16128
          ],
          [
            82.92525,
            29.16139
          ],
          [
            82.92525,
            29.16153
          ],
          [
            82.92527,
            29.16165
          ],
          [
            82.92527,
            29.16175
          ],
          [
            82.92532,
            29.16188
          ],
          [
            82.92527,
            29.16201
          ],
          [
            82.92522,
            29.16209
          ],
          [
            82.92524,
            29.16215
          ],
          [
            82.92521,
            29.16222
          ],
          [
            82.92522,
            29.16238
          ],
          [
            82.9252,
            29.16243
          ],
          [
            82.92512,
            29.16249
          ],
          [
            82.92503,
            29.16266
          ],
          [
            82.92492,
            29.16279
          ],
          [
            82.92491,
            29.16286
          ],
          [
            82.92489,
            29.16291
          ],
          [
            82.92477,
            29.16301
          ],
          [
            82.92471,
            29.1631
          ],
          [
            82.92474,
            29.16318
          ],
          [
            82.92478,
            29.16326
          ],
          [
            82.92479,
            29.16334
          ],
          [
            82.92483,
            29.16341
          ],
          [
            82.92486,
            29.16349
          ],
          [
            82.92493,
            29.16355
          ],
          [
            82.92498,
            29.16364
          ],
          [
            82.92496,
            29.1637
          ],
          [
            82.92494,
            29.16378
          ],
          [
            82.92496,
            29.16383
          ],
          [
            82.92505,
            29.16389
          ],
          [
            82.92514,
            29.16398
          ],
          [
            82.92519,
            29.164
          ],
          [
            82.92531,
            29.1642
          ],
          [
            82.92553,
            29.16431
          ],
          [
            82.92566,
            29.1644
          ],
          [
            82.9258,
            29.16446
          ],
          [
            82.9258,
            29.16449
          ],
          [
            82.92606,
            29.16461
          ],
          [
            82.92625,
            29.16474
          ],
          [
            82.92644,
            29.16493
          ],
          [
            82.92645,
            29.16499
          ],
          [
            82.92653,
            29.16504
          ],
          [
            82.92659,
            29.16505
          ],
          [
            82.92668,
            29.16514
          ],
          [
            82.92677,
            29.16516
          ],
          [
            82.9269,
            29.16526
          ],
          [
            82.92698,
            29.16528
          ],
          [
            82.92702,
            29.1653
          ],
          [
            82.92713,
            29.16535
          ],
          [
            82.92731,
            29.16548
          ],
          [
            82.9275,
            29.16559
          ],
          [
            82.92761,
            29.1657
          ],
          [
            82.92771,
            29.16575
          ],
          [
            82.92776,
            29.1658
          ],
          [
            82.92782,
            29.16584
          ],
          [
            82.92789,
            29.16588
          ],
          [
            82.92795,
            29.16597
          ],
          [
            82.92801,
            29.16606
          ],
          [
            82.92818,
            29.16616
          ],
          [
            82.92828,
            29.1662
          ],
          [
            82.92836,
            29.16624
          ],
          [
            82.92845,
            29.16633
          ],
          [
            82.92851,
            29.16644
          ],
          [
            82.92856,
            29.16657
          ],
          [
            82.92864,
            29.16668
          ],
          [
            82.92874,
            29.16683
          ],
          [
            82.92878,
            29.1669
          ],
          [
            82.92883,
            29.1671
          ],
          [
            82.92888,
            29.16735
          ],
          [
            82.92895,
            29.16743
          ],
          [
            82.92899,
            29.16751
          ],
          [
            82.92903,
            29.16761
          ],
          [
            82.92909,
            29.1677
          ],
          [
            82.9292,
            29.16781
          ],
          [
            82.92931,
            29.16786
          ],
          [
            82.92939,
            29.16792
          ],
          [
            82.92948,
            29.16799
          ],
          [
            82.92957,
            29.16799
          ],
          [
            82.92967,
            29.16799
          ],
          [
            82.9298,
            29.16797
          ],
          [
            82.92995,
            29.16794
          ],
          [
            82.93002,
            29.16796
          ],
          [
            82.93011,
            29.16799
          ],
          [
            82.93036,
            29.16799
          ],
          [
            82.93069,
            29.16805
          ],
          [
            82.93091,
            29.16806
          ],
          [
            82.93097,
            29.16808
          ],
          [
            82.93154,
            29.16811
          ],
          [
            82.93197,
            29.168
          ],
          [
            82.93221,
            29.16797
          ],
          [
            82.93242,
            29.16789
          ],
          [
            82.93286,
            29.16783
          ],
          [
            82.93317,
            29.16782
          ],
          [
            82.9336,
            29.16775
          ],
          [
            82.9338,
            29.16779
          ],
          [
            82.93394,
            29.16783
          ],
          [
            82.93409,
            29.16779
          ],
          [
            82.93438,
            29.16775
          ],
          [
            82.9346,
            29.16774
          ],
          [
            82.93487,
            29.16778
          ],
          [
            82.93511,
            29.16786
          ],
          [
            82.93525,
            29.16789
          ],
          [
            82.93549,
            29.16793
          ],
          [
            82.93562,
            29.16798
          ],
          [
            82.93578,
            29.16811
          ],
          [
            82.93589,
            29.16812
          ],
          [
            82.93603,
            29.1682
          ],
          [
            82.93602,
            29.16828
          ],
          [
            82.93608,
            29.16854
          ],
          [
            82.93616,
            29.16865
          ],
          [
            82.9362,
            29.16868
          ],
          [
            82.9362,
            29.16868
          ],
          [
            82.93615,
            29.16886
          ],
          [
            82.93619,
            29.16896
          ],
          [
            82.93622,
            29.16915
          ],
          [
            82.9362,
            29.16933
          ],
          [
            82.93622,
            29.16943
          ],
          [
            82.93618,
            29.16963
          ],
          [
            82.93629,
            29.16967
          ],
          [
            82.9364,
            29.16964
          ],
          [
            82.93657,
            29.16955
          ],
          [
            82.93662,
            29.16953
          ],
          [
            82.93683,
            29.16954
          ],
          [
            82.93686,
            29.1696
          ],
          [
            82.93686,
            29.1696
          ],
          [
            82.93695,
            29.16958
          ],
          [
            82.93701,
            29.16969
          ],
          [
            82.93704,
            29.16971
          ],
          [
            82.93712,
            29.16964
          ],
          [
            82.93719,
            29.16965
          ],
          [
            82.9373,
            29.16961
          ],
          [
            82.93734,
            29.16967
          ],
          [
            82.93741,
            29.16968
          ],
          [
            82.93746,
            29.16965
          ],
          [
            82.93753,
            29.16961
          ],
          [
            82.93757,
            29.16958
          ],
          [
            82.93837,
            29.1693
          ],
          [
            82.93843,
            29.16927
          ],
          [
            82.93843,
            29.16927
          ],
          [
            82.93844,
            29.16937
          ],
          [
            82.93844,
            29.16937
          ],
          [
            82.93841,
            29.16948
          ],
          [
            82.93841,
            29.16948
          ],
          [
            82.93849,
            29.16962
          ],
          [
            82.93861,
            29.16983
          ],
          [
            82.93873,
            29.17005
          ],
          [
            82.93877,
            29.17017
          ],
          [
            82.93886,
            29.17031
          ],
          [
            82.93893,
            29.17043
          ],
          [
            82.93893,
            29.17063
          ],
          [
            82.93894,
            29.17073
          ],
          [
            82.93904,
            29.17101
          ],
          [
            82.93905,
            29.17116
          ],
          [
            82.93908,
            29.17136
          ],
          [
            82.9391,
            29.17144
          ],
          [
            82.93911,
            29.17154
          ],
          [
            82.93921,
            29.17162
          ],
          [
            82.93932,
            29.17171
          ],
          [
            82.93943,
            29.17173
          ],
          [
            82.93938,
            29.17181
          ],
          [
            82.93938,
            29.1719
          ],
          [
            82.9394,
            29.17201
          ],
          [
            82.93943,
            29.17212
          ],
          [
            82.93947,
            29.17222
          ],
          [
            82.93953,
            29.17234
          ],
          [
            82.93957,
            29.17237
          ],
          [
            82.93963,
            29.17239
          ],
          [
            82.93964,
            29.17245
          ],
          [
            82.93968,
            29.17253
          ],
          [
            82.93975,
            29.17255
          ],
          [
            82.93978,
            29.17256
          ],
          [
            82.93982,
            29.17263
          ],
          [
            82.93987,
            29.17275
          ],
          [
            82.93991,
            29.17295
          ],
          [
            82.93995,
            29.17311
          ],
          [
            82.94004,
            29.17327
          ],
          [
            82.94008,
            29.17338
          ],
          [
            82.94012,
            29.17346
          ],
          [
            82.94023,
            29.17351
          ],
          [
            82.94026,
            29.17353
          ],
          [
            82.94035,
            29.17355
          ],
          [
            82.94051,
            29.17355
          ],
          [
            82.9407,
            29.17354
          ],
          [
            82.94082,
            29.17352
          ],
          [
            82.941,
            29.17351
          ],
          [
            82.94119,
            29.17344
          ],
          [
            82.94146,
            29.17336
          ],
          [
            82.94183,
            29.17327
          ],
          [
            82.94213,
            29.17322
          ],
          [
            82.94224,
            29.17322
          ],
          [
            82.94247,
            29.17317
          ],
          [
            82.94269,
            29.17316
          ],
          [
            82.94303,
            29.17314
          ],
          [
            82.94323,
            29.17315
          ],
          [
            82.94352,
            29.1732
          ],
          [
            82.94382,
            29.17327
          ],
          [
            82.94407,
            29.17336
          ],
          [
            82.94431,
            29.17344
          ],
          [
            82.94461,
            29.17355
          ],
          [
            82.94477,
            29.17367
          ],
          [
            82.94487,
            29.17383
          ],
          [
            82.94489,
            29.17398
          ],
          [
            82.9448,
            29.17421
          ],
          [
            82.94471,
            29.17434
          ],
          [
            82.9446,
            29.17443
          ],
          [
            82.94443,
            29.17456
          ],
          [
            82.94443,
            29.17456
          ],
          [
            82.94447,
            29.17459
          ],
          [
            82.94446,
            29.17465
          ],
          [
            82.94471,
            29.17461
          ],
          [
            82.94459,
            29.17487
          ],
          [
            82.94459,
            29.17487
          ],
          [
            82.94473,
            29.17476
          ],
          [
            82.94501,
            29.17465
          ],
          [
            82.94528,
            29.17446
          ],
          [
            82.9455,
            29.17433
          ],
          [
            82.94568,
            29.17422
          ],
          [
            82.94581,
            29.1742
          ],
          [
            82.94591,
            29.17418
          ],
          [
            82.94606,
            29.17411
          ],
          [
            82.94633,
            29.17389
          ],
          [
            82.94648,
            29.17371
          ],
          [
            82.94655,
            29.17355
          ],
          [
            82.94661,
            29.1734
          ],
          [
            82.94661,
            29.17327
          ],
          [
            82.94663,
            29.17324
          ],
          [
            82.94667,
            29.17328
          ],
          [
            82.94676,
            29.17348
          ],
          [
            82.94677,
            29.17354
          ],
          [
            82.94684,
            29.17374
          ],
          [
            82.94685,
            29.17405
          ],
          [
            82.94682,
            29.1744
          ],
          [
            82.94679,
            29.17463
          ],
          [
            82.94665,
            29.17486
          ],
          [
            82.94659,
            29.17504
          ],
          [
            82.94647,
            29.17522
          ],
          [
            82.94642,
            29.17532
          ],
          [
            82.94643,
            29.17543
          ],
          [
            82.94637,
            29.17553
          ],
          [
            82.94626,
            29.17574
          ],
          [
            82.94628,
            29.17585
          ],
          [
            82.94618,
            29.17605
          ],
          [
            82.94606,
            29.17621
          ],
          [
            82.94602,
            29.17629
          ],
          [
            82.94602,
            29.17633
          ],
          [
            82.94605,
            29.17637
          ],
          [
            82.94612,
            29.17639
          ],
          [
            82.94618,
            29.17639
          ],
          [
            82.94621,
            29.17645
          ],
          [
            82.94621,
            29.17649
          ],
          [
            82.94617,
            29.17654
          ],
          [
            82.94616,
            29.17657
          ],
          [
            82.94619,
            29.17662
          ],
          [
            82.94622,
            29.17669
          ],
          [
            82.94622,
            29.17675
          ],
          [
            82.94616,
            29.17684
          ],
          [
            82.94613,
            29.17693
          ],
          [
            82.94605,
            29.17701
          ],
          [
            82.94593,
            29.17712
          ],
          [
            82.94586,
            29.17721
          ],
          [
            82.94581,
            29.17723
          ],
          [
            82.94582,
            29.17725
          ],
          [
            82.94593,
            29.17723
          ],
          [
            82.94614,
            29.1772
          ],
          [
            82.94627,
            29.17714
          ],
          [
            82.94637,
            29.17706
          ],
          [
            82.9464,
            29.177
          ],
          [
            82.9464,
            29.17696
          ],
          [
            82.94643,
            29.17696
          ],
          [
            82.94645,
            29.17699
          ],
          [
            82.94646,
            29.1771
          ],
          [
            82.94641,
            29.17722
          ],
          [
            82.94638,
            29.17727
          ],
          [
            82.94639,
            29.17729
          ],
          [
            82.94643,
            29.17729
          ],
          [
            82.94654,
            29.17721
          ],
          [
            82.94663,
            29.17715
          ],
          [
            82.9467,
            29.17711
          ],
          [
            82.94674,
            29.17711
          ],
          [
            82.94674,
            29.17714
          ],
          [
            82.94672,
            29.17721
          ],
          [
            82.94673,
            29.17725
          ],
          [
            82.94674,
            29.17732
          ],
          [
            82.94674,
            29.17742
          ],
          [
            82.94672,
            29.17748
          ],
          [
            82.94667,
            29.17757
          ],
          [
            82.94668,
            29.1776
          ],
          [
            82.94671,
            29.1776
          ],
          [
            82.94684,
            29.17755
          ],
          [
            82.94698,
            29.17752
          ],
          [
            82.94707,
            29.17754
          ],
          [
            82.94717,
            29.17762
          ],
          [
            82.94721,
            29.17771
          ],
          [
            82.94724,
            29.17776
          ],
          [
            82.94733,
            29.1778
          ],
          [
            82.94744,
            29.17783
          ],
          [
            82.9475,
            29.17789
          ],
          [
            82.94754,
            29.17795
          ],
          [
            82.94759,
            29.17798
          ],
          [
            82.94766,
            29.178
          ],
          [
            82.94772,
            29.17806
          ],
          [
            82.94774,
            29.17813
          ],
          [
            82.9478,
            29.17821
          ],
          [
            82.94785,
            29.17825
          ],
          [
            82.94787,
            29.17829
          ],
          [
            82.94787,
            29.17837
          ],
          [
            82.94787,
            29.17849
          ],
          [
            82.94786,
            29.1786
          ],
          [
            82.94784,
            29.1787
          ],
          [
            82.94786,
            29.17871
          ],
          [
            82.94787,
            29.17871
          ],
          [
            82.94793,
            29.17867
          ],
          [
            82.94803,
            29.17859
          ],
          [
            82.94805,
            29.17854
          ],
          [
            82.94808,
            29.17853
          ],
          [
            82.9481,
            29.17855
          ],
          [
            82.94811,
            29.17864
          ],
          [
            82.94807,
            29.17883
          ],
          [
            82.94806,
            29.17891
          ],
          [
            82.94807,
            29.17899
          ],
          [
            82.94807,
            29.17903
          ],
          [
            82.94809,
            29.17906
          ],
          [
            82.94813,
            29.17905
          ],
          [
            82.94817,
            29.17901
          ],
          [
            82.94826,
            29.17896
          ],
          [
            82.94835,
            29.1789
          ],
          [
            82.94838,
            29.17885
          ],
          [
            82.9484,
            29.1788
          ],
          [
            82.94843,
            29.1788
          ],
          [
            82.94844,
            29.17881
          ],
          [
            82.94843,
            29.17887
          ],
          [
            82.94841,
            29.17895
          ],
          [
            82.94842,
            29.179
          ],
          [
            82.94845,
            29.17905
          ],
          [
            82.9485,
            29.17908
          ],
          [
            82.94859,
            29.17911
          ],
          [
            82.94864,
            29.17916
          ],
          [
            82.94873,
            29.1793
          ],
          [
            82.9488,
            29.17939
          ],
          [
            82.94882,
            29.17948
          ],
          [
            82.94888,
            29.1796
          ],
          [
            82.94889,
            29.17966
          ],
          [
            82.94894,
            29.17972
          ],
          [
            82.94902,
            29.17974
          ],
          [
            82.94919,
            29.17975
          ],
          [
            82.94932,
            29.17976
          ],
          [
            82.94945,
            29.17981
          ],
          [
            82.94954,
            29.17985
          ],
          [
            82.94966,
            29.17993
          ],
          [
            82.94976,
            29.17996
          ],
          [
            82.9499,
            29.17997
          ],
          [
            82.94998,
            29.17996
          ],
          [
            82.95004,
            29.17994
          ],
          [
            82.95004,
            29.17994
          ],
          [
            82.95007,
            29.18
          ],
          [
            82.95008,
            29.1801
          ],
          [
            82.95005,
            29.18026
          ],
          [
            82.95004,
            29.18032
          ],
          [
            82.94995,
            29.18046
          ],
          [
            82.94989,
            29.18058
          ],
          [
            82.94982,
            29.18069
          ],
          [
            82.94974,
            29.1808
          ],
          [
            82.94974,
            29.1808
          ]
        ]
      }
    }
  ]
}